28,34,ltXkgRSytmDWekSTysKRtvOgXZM=,c+Y6JOSm8HroovoKi3Mv162zxF4=
31,35,ltXkgRSytmDWekSTysKRtvOgXZM=,c+Y6JOSm8HroovoKi3Mv162zxF4=
29,35,ltXkgRSytmDWekSTysKRtvOgXZM=,c+Y6JOSm8HroovoKi3Mv162zxF4=
28,35,ltXkgRSytmDWekSTysKRtvOgXZM=,c+Y6JOSm8HroovoKi3Mv162zxF4=
31,34,ltXkgRSytmDWekSTysKRtvOgXZM=,c+Y6JOSm8HroovoKi3Mv162zxF4=
30,34,ltXkgRSytmDWekSTysKRtvOgXZM=,c+Y6JOSm8HroovoKi3Mv162zxF4=
29,34,ltXkgRSytmDWekSTysKRtvOgXZM=,c+Y6JOSm8HroovoKi3Mv162zxF4=
30,35,ltXkgRSytmDWekSTysKRtvOgXZM=,c+Y6JOSm8HroovoKi3Mv162zxF4=
30,33,ltXkgRSytmDWekSTysKRtvOgXZM=,c+Y6JOSm8HroovoKi3Mv162zxF4=
30,32,ltXkgRSytmDWekSTysKRtvOgXZM=,c+Y6JOSm8HroovoKi3Mv162zxF4=
29,32,ltXkgRSytmDWekSTysKRtvOgXZM=,c+Y6JOSm8HroovoKi3Mv162zxF4=
29,33,ltXkgRSytmDWekSTysKRtvOgXZM=,c+Y6JOSm8HroovoKi3Mv162zxF4=
28,32,ltXkgRSytmDWekSTysKRtvOgXZM=,c+Y6JOSm8HroovoKi3Mv162zxF4=
31,33,ltXkgRSytmDWekSTysKRtvOgXZM=,c+Y6JOSm8HroovoKi3Mv162zxF4=
28,33,ltXkgRSytmDWekSTysKRtvOgXZM=,c+Y6JOSm8HroovoKi3Mv162zxF4=
31,32,ltXkgRSytmDWekSTysKRtvOgXZM=,c+Y6JOSm8HroovoKi3Mv162zxF4=
