-14,-229,p+aM2VxJtc7YHcbuVopyKqjGDP0=,YTLBxZltKmaCk67KO1uq7l50thY=
-12,-229,p+aM2VxJtc7YHcbuVopyKqjGDP0=,YTLBxZltKmaCk67KO1uq7l50thY=
-15,-229,p+aM2VxJtc7YHcbuVopyKqjGDP0=,YTLBxZltKmaCk67KO1uq7l50thY=
-13,-229,p+aM2VxJtc7YHcbuVopyKqjGDP0=,YTLBxZltKmaCk67KO1uq7l50thY=
-11,-229,p+aM2VxJtc7YHcbuVopyKqjGDP0=,YTLBxZltKmaCk67KO1uq7l50thY=
-10,-230,p+aM2VxJtc7YHcbuVopyKqjGDP0=,YTLBxZltKmaCk67KO1uq7l50thY=
-11,-230,p+aM2VxJtc7YHcbuVopyKqjGDP0=,YTLBxZltKmaCk67KO1uq7l50thY=
-14,-230,p+aM2VxJtc7YHcbuVopyKqjGDP0=,YTLBxZltKmaCk67KO1uq7l50thY=
-12,-230,p+aM2VxJtc7YHcbuVopyKqjGDP0=,YTLBxZltKmaCk67KO1uq7l50thY=
-15,-230,p+aM2VxJtc7YHcbuVopyKqjGDP0=,YTLBxZltKmaCk67KO1uq7l50thY=
-13,-230,p+aM2VxJtc7YHcbuVopyKqjGDP0=,YTLBxZltKmaCk67KO1uq7l50thY=
-10,-229,p+aM2VxJtc7YHcbuVopyKqjGDP0=,YTLBxZltKmaCk67KO1uq7l50thY=
-15,-228,p+aM2VxJtc7YHcbuVopyKqjGDP0=,YTLBxZltKmaCk67KO1uq7l50thY=
-14,-228,p+aM2VxJtc7YHcbuVopyKqjGDP0=,YTLBxZltKmaCk67KO1uq7l50thY=
-13,-228,p+aM2VxJtc7YHcbuVopyKqjGDP0=,YTLBxZltKmaCk67KO1uq7l50thY=
-12,-228,p+aM2VxJtc7YHcbuVopyKqjGDP0=,YTLBxZltKmaCk67KO1uq7l50thY=
-10,-231,p+aM2VxJtc7YHcbuVopyKqjGDP0=,YTLBxZltKmaCk67KO1uq7l50thY=
-11,-228,p+aM2VxJtc7YHcbuVopyKqjGDP0=,YTLBxZltKmaCk67KO1uq7l50thY=
-10,-228,p+aM2VxJtc7YHcbuVopyKqjGDP0=,YTLBxZltKmaCk67KO1uq7l50thY=
-15,-227,p+aM2VxJtc7YHcbuVopyKqjGDP0=,YTLBxZltKmaCk67KO1uq7l50thY=
-14,-227,p+aM2VxJtc7YHcbuVopyKqjGDP0=,YTLBxZltKmaCk67KO1uq7l50thY=
-13,-227,p+aM2VxJtc7YHcbuVopyKqjGDP0=,YTLBxZltKmaCk67KO1uq7l50thY=
-12,-227,p+aM2VxJtc7YHcbuVopyKqjGDP0=,YTLBxZltKmaCk67KO1uq7l50thY=
-11,-231,p+aM2VxJtc7YHcbuVopyKqjGDP0=,YTLBxZltKmaCk67KO1uq7l50thY=
-12,-231,p+aM2VxJtc7YHcbuVopyKqjGDP0=,YTLBxZltKmaCk67KO1uq7l50thY=
-11,-227,p+aM2VxJtc7YHcbuVopyKqjGDP0=,YTLBxZltKmaCk67KO1uq7l50thY=
-10,-227,p+aM2VxJtc7YHcbuVopyKqjGDP0=,YTLBxZltKmaCk67KO1uq7l50thY=
-15,-226,p+aM2VxJtc7YHcbuVopyKqjGDP0=,YTLBxZltKmaCk67KO1uq7l50thY=
-14,-226,p+aM2VxJtc7YHcbuVopyKqjGDP0=,YTLBxZltKmaCk67KO1uq7l50thY=
-13,-226,p+aM2VxJtc7YHcbuVopyKqjGDP0=,YTLBxZltKmaCk67KO1uq7l50thY=
-12,-226,p+aM2VxJtc7YHcbuVopyKqjGDP0=,YTLBxZltKmaCk67KO1uq7l50thY=
-11,-226,p+aM2VxJtc7YHcbuVopyKqjGDP0=,YTLBxZltKmaCk67KO1uq7l50thY=
-10,-226,p+aM2VxJtc7YHcbuVopyKqjGDP0=,YTLBxZltKmaCk67KO1uq7l50thY=
-15,-231,p+aM2VxJtc7YHcbuVopyKqjGDP0=,YTLBxZltKmaCk67KO1uq7l50thY=
-13,-231,p+aM2VxJtc7YHcbuVopyKqjGDP0=,YTLBxZltKmaCk67KO1uq7l50thY=
-14,-231,p+aM2VxJtc7YHcbuVopyKqjGDP0=,YTLBxZltKmaCk67KO1uq7l50thY=
-15,-225,p+aM2VxJtc7YHcbuVopyKqjGDP0=,YTLBxZltKmaCk67KO1uq7l50thY=
-14,-225,p+aM2VxJtc7YHcbuVopyKqjGDP0=,YTLBxZltKmaCk67KO1uq7l50thY=
-13,-225,p+aM2VxJtc7YHcbuVopyKqjGDP0=,YTLBxZltKmaCk67KO1uq7l50thY=
-12,-225,p+aM2VxJtc7YHcbuVopyKqjGDP0=,YTLBxZltKmaCk67KO1uq7l50thY=
-11,-225,p+aM2VxJtc7YHcbuVopyKqjGDP0=,YTLBxZltKmaCk67KO1uq7l50thY=
-10,-225,p+aM2VxJtc7YHcbuVopyKqjGDP0=,YTLBxZltKmaCk67KO1uq7l50thY=
-16,-228,p+aM2VxJtc7YHcbuVopyKqjGDP0=,YTLBxZltKmaCk67KO1uq7l50thY=
-16,-229,p+aM2VxJtc7YHcbuVopyKqjGDP0=,YTLBxZltKmaCk67KO1uq7l50thY=
-16,-230,p+aM2VxJtc7YHcbuVopyKqjGDP0=,YTLBxZltKmaCk67KO1uq7l50thY=
-16,-231,p+aM2VxJtc7YHcbuVopyKqjGDP0=,YTLBxZltKmaCk67KO1uq7l50thY=
-16,-226,p+aM2VxJtc7YHcbuVopyKqjGDP0=,YTLBxZltKmaCk67KO1uq7l50thY=
-16,-227,p+aM2VxJtc7YHcbuVopyKqjGDP0=,YTLBxZltKmaCk67KO1uq7l50thY=
-16,-225,p+aM2VxJtc7YHcbuVopyKqjGDP0=,YTLBxZltKmaCk67KO1uq7l50thY=
-15,-235,p+aM2VxJtc7YHcbuVopyKqjGDP0=,x0/EqmT0RoeEl3mF5ASYM8YLkfg=
-14,-235,p+aM2VxJtc7YHcbuVopyKqjGDP0=,x0/EqmT0RoeEl3mF5ASYM8YLkfg=
-16,-235,p+aM2VxJtc7YHcbuVopyKqjGDP0=,x0/EqmT0RoeEl3mF5ASYM8YLkfg=
-13,-235,p+aM2VxJtc7YHcbuVopyKqjGDP0=,x0/EqmT0RoeEl3mF5ASYM8YLkfg=
-10,-232,p+aM2VxJtc7YHcbuVopyKqjGDP0=,YTLBxZltKmaCk67KO1uq7l50thY=
-12,-232,p+aM2VxJtc7YHcbuVopyKqjGDP0=,YTLBxZltKmaCk67KO1uq7l50thY=
-13,-232,p+aM2VxJtc7YHcbuVopyKqjGDP0=,YTLBxZltKmaCk67KO1uq7l50thY=
-15,-232,p+aM2VxJtc7YHcbuVopyKqjGDP0=,YTLBxZltKmaCk67KO1uq7l50thY=
-16,-232,p+aM2VxJtc7YHcbuVopyKqjGDP0=,YTLBxZltKmaCk67KO1uq7l50thY=
-11,-232,p+aM2VxJtc7YHcbuVopyKqjGDP0=,YTLBxZltKmaCk67KO1uq7l50thY=
-12,-236,p+aM2VxJtc7YHcbuVopyKqjGDP0=,x0/EqmT0RoeEl3mF5ASYM8YLkfg=
-15,-236,p+aM2VxJtc7YHcbuVopyKqjGDP0=,x0/EqmT0RoeEl3mF5ASYM8YLkfg=
-16,-236,p+aM2VxJtc7YHcbuVopyKqjGDP0=,x0/EqmT0RoeEl3mF5ASYM8YLkfg=
-10,-233,p+aM2VxJtc7YHcbuVopyKqjGDP0=,x0/EqmT0RoeEl3mF5ASYM8YLkfg=
-11,-233,p+aM2VxJtc7YHcbuVopyKqjGDP0=,x0/EqmT0RoeEl3mF5ASYM8YLkfg=
-12,-235,p+aM2VxJtc7YHcbuVopyKqjGDP0=,x0/EqmT0RoeEl3mF5ASYM8YLkfg=
-11,-237,p+aM2VxJtc7YHcbuVopyKqjGDP0=,x0/EqmT0RoeEl3mF5ASYM8YLkfg=
-12,-237,p+aM2VxJtc7YHcbuVopyKqjGDP0=,x0/EqmT0RoeEl3mF5ASYM8YLkfg=
-15,-237,p+aM2VxJtc7YHcbuVopyKqjGDP0=,x0/EqmT0RoeEl3mF5ASYM8YLkfg=
-16,-237,p+aM2VxJtc7YHcbuVopyKqjGDP0=,x0/EqmT0RoeEl3mF5ASYM8YLkfg=
-13,-237,p+aM2VxJtc7YHcbuVopyKqjGDP0=,x0/EqmT0RoeEl3mF5ASYM8YLkfg=
-14,-237,p+aM2VxJtc7YHcbuVopyKqjGDP0=,x0/EqmT0RoeEl3mF5ASYM8YLkfg=
-10,-237,p+aM2VxJtc7YHcbuVopyKqjGDP0=,x0/EqmT0RoeEl3mF5ASYM8YLkfg=
-11,-235,p+aM2VxJtc7YHcbuVopyKqjGDP0=,x0/EqmT0RoeEl3mF5ASYM8YLkfg=
-10,-238,p+aM2VxJtc7YHcbuVopyKqjGDP0=,x0/EqmT0RoeEl3mF5ASYM8YLkfg=
-12,-233,p+aM2VxJtc7YHcbuVopyKqjGDP0=,x0/EqmT0RoeEl3mF5ASYM8YLkfg=
-14,-238,p+aM2VxJtc7YHcbuVopyKqjGDP0=,x0/EqmT0RoeEl3mF5ASYM8YLkfg=
-15,-238,p+aM2VxJtc7YHcbuVopyKqjGDP0=,x0/EqmT0RoeEl3mF5ASYM8YLkfg=
-16,-238,p+aM2VxJtc7YHcbuVopyKqjGDP0=,x0/EqmT0RoeEl3mF5ASYM8YLkfg=
-12,-238,p+aM2VxJtc7YHcbuVopyKqjGDP0=,x0/EqmT0RoeEl3mF5ASYM8YLkfg=
-11,-239,p+aM2VxJtc7YHcbuVopyKqjGDP0=,x0/EqmT0RoeEl3mF5ASYM8YLkfg=
-13,-233,p+aM2VxJtc7YHcbuVopyKqjGDP0=,x0/EqmT0RoeEl3mF5ASYM8YLkfg=
-10,-239,p+aM2VxJtc7YHcbuVopyKqjGDP0=,x0/EqmT0RoeEl3mF5ASYM8YLkfg=
-15,-233,p+aM2VxJtc7YHcbuVopyKqjGDP0=,x0/EqmT0RoeEl3mF5ASYM8YLkfg=
-16,-233,p+aM2VxJtc7YHcbuVopyKqjGDP0=,x0/EqmT0RoeEl3mF5ASYM8YLkfg=
-14,-239,p+aM2VxJtc7YHcbuVopyKqjGDP0=,x0/EqmT0RoeEl3mF5ASYM8YLkfg=
-15,-239,p+aM2VxJtc7YHcbuVopyKqjGDP0=,x0/EqmT0RoeEl3mF5ASYM8YLkfg=
-16,-239,p+aM2VxJtc7YHcbuVopyKqjGDP0=,x0/EqmT0RoeEl3mF5ASYM8YLkfg=
-11,-238,p+aM2VxJtc7YHcbuVopyKqjGDP0=,x0/EqmT0RoeEl3mF5ASYM8YLkfg=
-10,-235,p+aM2VxJtc7YHcbuVopyKqjGDP0=,x0/EqmT0RoeEl3mF5ASYM8YLkfg=
-16,-234,p+aM2VxJtc7YHcbuVopyKqjGDP0=,x0/EqmT0RoeEl3mF5ASYM8YLkfg=
-15,-234,p+aM2VxJtc7YHcbuVopyKqjGDP0=,x0/EqmT0RoeEl3mF5ASYM8YLkfg=
-16,-240,p+aM2VxJtc7YHcbuVopyKqjGDP0=,x0/EqmT0RoeEl3mF5ASYM8YLkfg=
-15,-240,p+aM2VxJtc7YHcbuVopyKqjGDP0=,x0/EqmT0RoeEl3mF5ASYM8YLkfg=
-14,-240,p+aM2VxJtc7YHcbuVopyKqjGDP0=,x0/EqmT0RoeEl3mF5ASYM8YLkfg=
-13,-240,p+aM2VxJtc7YHcbuVopyKqjGDP0=,x0/EqmT0RoeEl3mF5ASYM8YLkfg=
-12,-240,p+aM2VxJtc7YHcbuVopyKqjGDP0=,x0/EqmT0RoeEl3mF5ASYM8YLkfg=
-12,-239,p+aM2VxJtc7YHcbuVopyKqjGDP0=,x0/EqmT0RoeEl3mF5ASYM8YLkfg=
-13,-239,p+aM2VxJtc7YHcbuVopyKqjGDP0=,x0/EqmT0RoeEl3mF5ASYM8YLkfg=
-11,-240,p+aM2VxJtc7YHcbuVopyKqjGDP0=,x0/EqmT0RoeEl3mF5ASYM8YLkfg=
-14,-234,p+aM2VxJtc7YHcbuVopyKqjGDP0=,x0/EqmT0RoeEl3mF5ASYM8YLkfg=
-14,-236,p+aM2VxJtc7YHcbuVopyKqjGDP0=,x0/EqmT0RoeEl3mF5ASYM8YLkfg=
-10,-240,p+aM2VxJtc7YHcbuVopyKqjGDP0=,x0/EqmT0RoeEl3mF5ASYM8YLkfg=
-13,-234,p+aM2VxJtc7YHcbuVopyKqjGDP0=,x0/EqmT0RoeEl3mF5ASYM8YLkfg=
-12,-234,p+aM2VxJtc7YHcbuVopyKqjGDP0=,x0/EqmT0RoeEl3mF5ASYM8YLkfg=
-10,-234,p+aM2VxJtc7YHcbuVopyKqjGDP0=,x0/EqmT0RoeEl3mF5ASYM8YLkfg=
-11,-234,p+aM2VxJtc7YHcbuVopyKqjGDP0=,x0/EqmT0RoeEl3mF5ASYM8YLkfg=
-13,-236,p+aM2VxJtc7YHcbuVopyKqjGDP0=,x0/EqmT0RoeEl3mF5ASYM8YLkfg=
-14,-232,p+aM2VxJtc7YHcbuVopyKqjGDP0=,YTLBxZltKmaCk67KO1uq7l50thY=
-13,-238,p+aM2VxJtc7YHcbuVopyKqjGDP0=,x0/EqmT0RoeEl3mF5ASYM8YLkfg=
-11,-236,p+aM2VxJtc7YHcbuVopyKqjGDP0=,x0/EqmT0RoeEl3mF5ASYM8YLkfg=
-10,-236,p+aM2VxJtc7YHcbuVopyKqjGDP0=,x0/EqmT0RoeEl3mF5ASYM8YLkfg=
-14,-233,p+aM2VxJtc7YHcbuVopyKqjGDP0=,x0/EqmT0RoeEl3mF5ASYM8YLkfg=
-9,-225,p+aM2VxJtc7YHcbuVopyKqjGDP0=,YTLBxZltKmaCk67KO1uq7l50thY=
-2,-227,p+aM2VxJtc7YHcbuVopyKqjGDP0=,m8swvSokqn4gDeY6/Q8TAjHb9QM=
-4,-226,p+aM2VxJtc7YHcbuVopyKqjGDP0=,m8swvSokqn4gDeY6/Q8TAjHb9QM=
-7,-231,p+aM2VxJtc7YHcbuVopyKqjGDP0=,m8swvSokqn4gDeY6/Q8TAjHb9QM=
-7,-226,p+aM2VxJtc7YHcbuVopyKqjGDP0=,m8swvSokqn4gDeY6/Q8TAjHb9QM=
-9,-226,p+aM2VxJtc7YHcbuVopyKqjGDP0=,YTLBxZltKmaCk67KO1uq7l50thY=
-7,-225,p+aM2VxJtc7YHcbuVopyKqjGDP0=,m8swvSokqn4gDeY6/Q8TAjHb9QM=
-1,-228,p+aM2VxJtc7YHcbuVopyKqjGDP0=,m8swvSokqn4gDeY6/Q8TAjHb9QM=
-2,-228,p+aM2VxJtc7YHcbuVopyKqjGDP0=,m8swvSokqn4gDeY6/Q8TAjHb9QM=
-3,-228,p+aM2VxJtc7YHcbuVopyKqjGDP0=,m8swvSokqn4gDeY6/Q8TAjHb9QM=
-8,-231,p+aM2VxJtc7YHcbuVopyKqjGDP0=,m8swvSokqn4gDeY6/Q8TAjHb9QM=
-9,-227,p+aM2VxJtc7YHcbuVopyKqjGDP0=,YTLBxZltKmaCk67KO1uq7l50thY=
-7,-230,p+aM2VxJtc7YHcbuVopyKqjGDP0=,m8swvSokqn4gDeY6/Q8TAjHb9QM=
-5,-228,p+aM2VxJtc7YHcbuVopyKqjGDP0=,m8swvSokqn4gDeY6/Q8TAjHb9QM=
-1,-226,UQMhnf2nUnq00yHD2ubKUKoik3Y=,m8swvSokqn4gDeY6/Q8TAjHb9QM=
-1,-231,UQMhnf2nUnq00yHD2ubKUKoik3Y=,m8swvSokqn4gDeY6/Q8TAjHb9QM=
-6,-228,UQMhnf2nUnq00yHD2ubKUKoik3Y=,m8swvSokqn4gDeY6/Q8TAjHb9QM=
-5,-227,UQMhnf2nUnq00yHD2ubKUKoik3Y=,m8swvSokqn4gDeY6/Q8TAjHb9QM=
-7,-228,UQMhnf2nUnq00yHD2ubKUKoik3Y=,m8swvSokqn4gDeY6/Q8TAjHb9QM=
-3,-231,UQMhnf2nUnq00yHD2ubKUKoik3Y=,m8swvSokqn4gDeY6/Q8TAjHb9QM=
-2,-229,UQMhnf2nUnq00yHD2ubKUKoik3Y=,m8swvSokqn4gDeY6/Q8TAjHb9QM=
-1,-230,UQMhnf2nUnq00yHD2ubKUKoik3Y=,m8swvSokqn4gDeY6/Q8TAjHb9QM=
-3,-229,UQMhnf2nUnq00yHD2ubKUKoik3Y=,m8swvSokqn4gDeY6/Q8TAjHb9QM=
-9,-230,UQMhnf2nUnq00yHD2ubKUKoik3Y=,YTLBxZltKmaCk67KO1uq7l50thY=
-2,-226,UQMhnf2nUnq00yHD2ubKUKoik3Y=,m8swvSokqn4gDeY6/Q8TAjHb9QM=
-6,-227,UQMhnf2nUnq00yHD2ubKUKoik3Y=,m8swvSokqn4gDeY6/Q8TAjHb9QM=
-3,-227,UQMhnf2nUnq00yHD2ubKUKoik3Y=,m8swvSokqn4gDeY6/Q8TAjHb9QM=
-7,-229,UQMhnf2nUnq00yHD2ubKUKoik3Y=,m8swvSokqn4gDeY6/Q8TAjHb9QM=
-5,-230,UQMhnf2nUnq00yHD2ubKUKoik3Y=,m8swvSokqn4gDeY6/Q8TAjHb9QM=
-8,-225,UQMhnf2nUnq00yHD2ubKUKoik3Y=,m8swvSokqn4gDeY6/Q8TAjHb9QM=
-9,-228,UQMhnf2nUnq00yHD2ubKUKoik3Y=,YTLBxZltKmaCk67KO1uq7l50thY=
-7,-227,UQMhnf2nUnq00yHD2ubKUKoik3Y=,m8swvSokqn4gDeY6/Q8TAjHb9QM=
-6,-225,UQMhnf2nUnq00yHD2ubKUKoik3Y=,m8swvSokqn4gDeY6/Q8TAjHb9QM=
-4,-229,UQMhnf2nUnq00yHD2ubKUKoik3Y=,m8swvSokqn4gDeY6/Q8TAjHb9QM=
-4,-231,UQMhnf2nUnq00yHD2ubKUKoik3Y=,m8swvSokqn4gDeY6/Q8TAjHb9QM=
-6,-229,UQMhnf2nUnq00yHD2ubKUKoik3Y=,m8swvSokqn4gDeY6/Q8TAjHb9QM=
-9,-231,UQMhnf2nUnq00yHD2ubKUKoik3Y=,YTLBxZltKmaCk67KO1uq7l50thY=
-5,-231,UQMhnf2nUnq00yHD2ubKUKoik3Y=,m8swvSokqn4gDeY6/Q8TAjHb9QM=
-2,-231,UQMhnf2nUnq00yHD2ubKUKoik3Y=,m8swvSokqn4gDeY6/Q8TAjHb9QM=
-8,-227,UQMhnf2nUnq00yHD2ubKUKoik3Y=,m8swvSokqn4gDeY6/Q8TAjHb9QM=
-8,-226,UQMhnf2nUnq00yHD2ubKUKoik3Y=,m8swvSokqn4gDeY6/Q8TAjHb9QM=
-4,-228,UQMhnf2nUnq00yHD2ubKUKoik3Y=,m8swvSokqn4gDeY6/Q8TAjHb9QM=
-4,-230,UQMhnf2nUnq00yHD2ubKUKoik3Y=,m8swvSokqn4gDeY6/Q8TAjHb9QM=
-8,-230,UQMhnf2nUnq00yHD2ubKUKoik3Y=,m8swvSokqn4gDeY6/Q8TAjHb9QM=
-2,-230,UQMhnf2nUnq00yHD2ubKUKoik3Y=,m8swvSokqn4gDeY6/Q8TAjHb9QM=
-8,-228,UQMhnf2nUnq00yHD2ubKUKoik3Y=,m8swvSokqn4gDeY6/Q8TAjHb9QM=
-5,-226,UQMhnf2nUnq00yHD2ubKUKoik3Y=,m8swvSokqn4gDeY6/Q8TAjHb9QM=
-4,-227,UQMhnf2nUnq00yHD2ubKUKoik3Y=,m8swvSokqn4gDeY6/Q8TAjHb9QM=
-3,-230,UQMhnf2nUnq00yHD2ubKUKoik3Y=,m8swvSokqn4gDeY6/Q8TAjHb9QM=
-3,-225,UQMhnf2nUnq00yHD2ubKUKoik3Y=,m8swvSokqn4gDeY6/Q8TAjHb9QM=
-1,-227,UQMhnf2nUnq00yHD2ubKUKoik3Y=,m8swvSokqn4gDeY6/Q8TAjHb9QM=
-5,-225,UQMhnf2nUnq00yHD2ubKUKoik3Y=,m8swvSokqn4gDeY6/Q8TAjHb9QM=
-1,-229,UQMhnf2nUnq00yHD2ubKUKoik3Y=,m8swvSokqn4gDeY6/Q8TAjHb9QM=
-6,-226,UQMhnf2nUnq00yHD2ubKUKoik3Y=,m8swvSokqn4gDeY6/Q8TAjHb9QM=
-8,-229,UQMhnf2nUnq00yHD2ubKUKoik3Y=,m8swvSokqn4gDeY6/Q8TAjHb9QM=
-5,-229,UQMhnf2nUnq00yHD2ubKUKoik3Y=,m8swvSokqn4gDeY6/Q8TAjHb9QM=
-1,-225,UQMhnf2nUnq00yHD2ubKUKoik3Y=,m8swvSokqn4gDeY6/Q8TAjHb9QM=
-3,-226,UQMhnf2nUnq00yHD2ubKUKoik3Y=,m8swvSokqn4gDeY6/Q8TAjHb9QM=
-6,-231,UQMhnf2nUnq00yHD2ubKUKoik3Y=,m8swvSokqn4gDeY6/Q8TAjHb9QM=
-9,-229,UQMhnf2nUnq00yHD2ubKUKoik3Y=,YTLBxZltKmaCk67KO1uq7l50thY=
-4,-225,UQMhnf2nUnq00yHD2ubKUKoik3Y=,m8swvSokqn4gDeY6/Q8TAjHb9QM=
-2,-225,UQMhnf2nUnq00yHD2ubKUKoik3Y=,m8swvSokqn4gDeY6/Q8TAjHb9QM=
-6,-230,UQMhnf2nUnq00yHD2ubKUKoik3Y=,m8swvSokqn4gDeY6/Q8TAjHb9QM=
-1,-234,UQMhnf2nUnq00yHD2ubKUKoik3Y=,d9jY2yFxakg16Xf8jg9l6oq0Aws=
-7,-233,UQMhnf2nUnq00yHD2ubKUKoik3Y=,d9jY2yFxakg16Xf8jg9l6oq0Aws=
-6,-233,UQMhnf2nUnq00yHD2ubKUKoik3Y=,d9jY2yFxakg16Xf8jg9l6oq0Aws=
-2,-234,UQMhnf2nUnq00yHD2ubKUKoik3Y=,d9jY2yFxakg16Xf8jg9l6oq0Aws=
-8,-233,UQMhnf2nUnq00yHD2ubKUKoik3Y=,d9jY2yFxakg16Xf8jg9l6oq0Aws=
-7,-232,UQMhnf2nUnq00yHD2ubKUKoik3Y=,m8swvSokqn4gDeY6/Q8TAjHb9QM=
-5,-233,UQMhnf2nUnq00yHD2ubKUKoik3Y=,d9jY2yFxakg16Xf8jg9l6oq0Aws=
-3,-234,UQMhnf2nUnq00yHD2ubKUKoik3Y=,d9jY2yFxakg16Xf8jg9l6oq0Aws=
-4,-234,UQMhnf2nUnq00yHD2ubKUKoik3Y=,d9jY2yFxakg16Xf8jg9l6oq0Aws=
-1,-232,UQMhnf2nUnq00yHD2ubKUKoik3Y=,m8swvSokqn4gDeY6/Q8TAjHb9QM=
-4,-233,UQMhnf2nUnq00yHD2ubKUKoik3Y=,d9jY2yFxakg16Xf8jg9l6oq0Aws=
-7,-234,UQMhnf2nUnq00yHD2ubKUKoik3Y=,d9jY2yFxakg16Xf8jg9l6oq0Aws=
-8,-234,UQMhnf2nUnq00yHD2ubKUKoik3Y=,d9jY2yFxakg16Xf8jg9l6oq0Aws=
-6,-234,UQMhnf2nUnq00yHD2ubKUKoik3Y=,d9jY2yFxakg16Xf8jg9l6oq0Aws=
-1,-235,UQMhnf2nUnq00yHD2ubKUKoik3Y=,d9jY2yFxakg16Xf8jg9l6oq0Aws=
-3,-233,UQMhnf2nUnq00yHD2ubKUKoik3Y=,d9jY2yFxakg16Xf8jg9l6oq0Aws=
-2,-235,UQMhnf2nUnq00yHD2ubKUKoik3Y=,d9jY2yFxakg16Xf8jg9l6oq0Aws=
-9,-232,UQMhnf2nUnq00yHD2ubKUKoik3Y=,YTLBxZltKmaCk67KO1uq7l50thY=
-2,-232,UQMhnf2nUnq00yHD2ubKUKoik3Y=,m8swvSokqn4gDeY6/Q8TAjHb9QM=
-5,-235,UQMhnf2nUnq00yHD2ubKUKoik3Y=,d9jY2yFxakg16Xf8jg9l6oq0Aws=
-6,-235,UQMhnf2nUnq00yHD2ubKUKoik3Y=,d9jY2yFxakg16Xf8jg9l6oq0Aws=
-9,-236,UQMhnf2nUnq00yHD2ubKUKoik3Y=,x0/EqmT0RoeEl3mF5ASYM8YLkfg=
-2,-236,UQMhnf2nUnq00yHD2ubKUKoik3Y=,d9jY2yFxakg16Xf8jg9l6oq0Aws=
-9,-233,UQMhnf2nUnq00yHD2ubKUKoik3Y=,x0/EqmT0RoeEl3mF5ASYM8YLkfg=
-3,-237,UQMhnf2nUnq00yHD2ubKUKoik3Y=,d9jY2yFxakg16Xf8jg9l6oq0Aws=
-5,-237,UQMhnf2nUnq00yHD2ubKUKoik3Y=,d9jY2yFxakg16Xf8jg9l6oq0Aws=
-1,-238,UQMhnf2nUnq00yHD2ubKUKoik3Y=,d9jY2yFxakg16Xf8jg9l6oq0Aws=
-7,-237,UQMhnf2nUnq00yHD2ubKUKoik3Y=,d9jY2yFxakg16Xf8jg9l6oq0Aws=
-2,-238,UQMhnf2nUnq00yHD2ubKUKoik3Y=,d9jY2yFxakg16Xf8jg9l6oq0Aws=
-8,-237,UQMhnf2nUnq00yHD2ubKUKoik3Y=,d9jY2yFxakg16Xf8jg9l6oq0Aws=
-5,-238,UQMhnf2nUnq00yHD2ubKUKoik3Y=,d9jY2yFxakg16Xf8jg9l6oq0Aws=
-1,-239,UQMhnf2nUnq00yHD2ubKUKoik3Y=,d9jY2yFxakg16Xf8jg9l6oq0Aws=
-7,-238,UQMhnf2nUnq00yHD2ubKUKoik3Y=,d9jY2yFxakg16Xf8jg9l6oq0Aws=
-2,-237,UQMhnf2nUnq00yHD2ubKUKoik3Y=,d9jY2yFxakg16Xf8jg9l6oq0Aws=
-3,-238,UQMhnf2nUnq00yHD2ubKUKoik3Y=,d9jY2yFxakg16Xf8jg9l6oq0Aws=
-2,-239,UQMhnf2nUnq00yHD2ubKUKoik3Y=,d9jY2yFxakg16Xf8jg9l6oq0Aws=
-8,-238,UQMhnf2nUnq00yHD2ubKUKoik3Y=,d9jY2yFxakg16Xf8jg9l6oq0Aws=
-1,-237,UQMhnf2nUnq00yHD2ubKUKoik3Y=,d9jY2yFxakg16Xf8jg9l6oq0Aws=
-3,-232,UQMhnf2nUnq00yHD2ubKUKoik3Y=,m8swvSokqn4gDeY6/Q8TAjHb9QM=
-9,-239,UQMhnf2nUnq00yHD2ubKUKoik3Y=,x0/EqmT0RoeEl3mF5ASYM8YLkfg=
-7,-239,UQMhnf2nUnq00yHD2ubKUKoik3Y=,d9jY2yFxakg16Xf8jg9l6oq0Aws=
-6,-237,UQMhnf2nUnq00yHD2ubKUKoik3Y=,d9jY2yFxakg16Xf8jg9l6oq0Aws=
-4,-238,UQMhnf2nUnq00yHD2ubKUKoik3Y=,d9jY2yFxakg16Xf8jg9l6oq0Aws=
-6,-239,UQMhnf2nUnq00yHD2ubKUKoik3Y=,d9jY2yFxakg16Xf8jg9l6oq0Aws=
-4,-232,UQMhnf2nUnq00yHD2ubKUKoik3Y=,m8swvSokqn4gDeY6/Q8TAjHb9QM=
-4,-240,UQMhnf2nUnq00yHD2ubKUKoik3Y=,d9jY2yFxakg16Xf8jg9l6oq0Aws=
-4,-237,UQMhnf2nUnq00yHD2ubKUKoik3Y=,d9jY2yFxakg16Xf8jg9l6oq0Aws=
-6,-238,UQMhnf2nUnq00yHD2ubKUKoik3Y=,d9jY2yFxakg16Xf8jg9l6oq0Aws=
-3,-239,UQMhnf2nUnq00yHD2ubKUKoik3Y=,d9jY2yFxakg16Xf8jg9l6oq0Aws=
-6,-232,UQMhnf2nUnq00yHD2ubKUKoik3Y=,m8swvSokqn4gDeY6/Q8TAjHb9QM=
-9,-240,UQMhnf2nUnq00yHD2ubKUKoik3Y=,x0/EqmT0RoeEl3mF5ASYM8YLkfg=
-8,-232,UQMhnf2nUnq00yHD2ubKUKoik3Y=,m8swvSokqn4gDeY6/Q8TAjHb9QM=
-4,-239,UQMhnf2nUnq00yHD2ubKUKoik3Y=,d9jY2yFxakg16Xf8jg9l6oq0Aws=
-9,-238,UQMhnf2nUnq00yHD2ubKUKoik3Y=,x0/EqmT0RoeEl3mF5ASYM8YLkfg=
-3,-240,UQMhnf2nUnq00yHD2ubKUKoik3Y=,d9jY2yFxakg16Xf8jg9l6oq0Aws=
-1,-240,UQMhnf2nUnq00yHD2ubKUKoik3Y=,d9jY2yFxakg16Xf8jg9l6oq0Aws=
-9,-237,UQMhnf2nUnq00yHD2ubKUKoik3Y=,x0/EqmT0RoeEl3mF5ASYM8YLkfg=
-6,-240,UQMhnf2nUnq00yHD2ubKUKoik3Y=,d9jY2yFxakg16Xf8jg9l6oq0Aws=
-7,-235,UQMhnf2nUnq00yHD2ubKUKoik3Y=,d9jY2yFxakg16Xf8jg9l6oq0Aws=
-5,-232,UQMhnf2nUnq00yHD2ubKUKoik3Y=,m8swvSokqn4gDeY6/Q8TAjHb9QM=
-3,-235,UQMhnf2nUnq00yHD2ubKUKoik3Y=,d9jY2yFxakg16Xf8jg9l6oq0Aws=
-1,-233,UQMhnf2nUnq00yHD2ubKUKoik3Y=,d9jY2yFxakg16Xf8jg9l6oq0Aws=
-5,-239,UQMhnf2nUnq00yHD2ubKUKoik3Y=,d9jY2yFxakg16Xf8jg9l6oq0Aws=
-8,-236,UQMhnf2nUnq00yHD2ubKUKoik3Y=,d9jY2yFxakg16Xf8jg9l6oq0Aws=
-8,-235,UQMhnf2nUnq00yHD2ubKUKoik3Y=,d9jY2yFxakg16Xf8jg9l6oq0Aws=
-6,-236,UQMhnf2nUnq00yHD2ubKUKoik3Y=,d9jY2yFxakg16Xf8jg9l6oq0Aws=
-2,-240,UQMhnf2nUnq00yHD2ubKUKoik3Y=,d9jY2yFxakg16Xf8jg9l6oq0Aws=
-5,-240,UQMhnf2nUnq00yHD2ubKUKoik3Y=,d9jY2yFxakg16Xf8jg9l6oq0Aws=
-8,-239,UQMhnf2nUnq00yHD2ubKUKoik3Y=,d9jY2yFxakg16Xf8jg9l6oq0Aws=
-2,-233,UQMhnf2nUnq00yHD2ubKUKoik3Y=,d9jY2yFxakg16Xf8jg9l6oq0Aws=
-1,-236,UQMhnf2nUnq00yHD2ubKUKoik3Y=,d9jY2yFxakg16Xf8jg9l6oq0Aws=
-9,-234,UQMhnf2nUnq00yHD2ubKUKoik3Y=,x0/EqmT0RoeEl3mF5ASYM8YLkfg=
-5,-234,UQMhnf2nUnq00yHD2ubKUKoik3Y=,d9jY2yFxakg16Xf8jg9l6oq0Aws=
-4,-235,UQMhnf2nUnq00yHD2ubKUKoik3Y=,d9jY2yFxakg16Xf8jg9l6oq0Aws=
-4,-236,UQMhnf2nUnq00yHD2ubKUKoik3Y=,d9jY2yFxakg16Xf8jg9l6oq0Aws=
-8,-240,UQMhnf2nUnq00yHD2ubKUKoik3Y=,d9jY2yFxakg16Xf8jg9l6oq0Aws=
-7,-236,UQMhnf2nUnq00yHD2ubKUKoik3Y=,d9jY2yFxakg16Xf8jg9l6oq0Aws=
-9,-235,UQMhnf2nUnq00yHD2ubKUKoik3Y=,x0/EqmT0RoeEl3mF5ASYM8YLkfg=
-7,-240,UQMhnf2nUnq00yHD2ubKUKoik3Y=,d9jY2yFxakg16Xf8jg9l6oq0Aws=
-3,-236,UQMhnf2nUnq00yHD2ubKUKoik3Y=,d9jY2yFxakg16Xf8jg9l6oq0Aws=
-5,-236,UQMhnf2nUnq00yHD2ubKUKoik3Y=,d9jY2yFxakg16Xf8jg9l6oq0Aws=
-12,-251,UQMhnf2nUnq00yHD2ubKUKoik3Y=,PKwhiLSchLaeRpmATuJwMw/FA2o=
-14,-251,UQMhnf2nUnq00yHD2ubKUKoik3Y=,PKwhiLSchLaeRpmATuJwMw/FA2o=
-15,-251,UQMhnf2nUnq00yHD2ubKUKoik3Y=,PKwhiLSchLaeRpmATuJwMw/FA2o=
-10,-252,UQMhnf2nUnq00yHD2ubKUKoik3Y=,PKwhiLSchLaeRpmATuJwMw/FA2o=
-11,-252,UQMhnf2nUnq00yHD2ubKUKoik3Y=,PKwhiLSchLaeRpmATuJwMw/FA2o=
-12,-252,UQMhnf2nUnq00yHD2ubKUKoik3Y=,PKwhiLSchLaeRpmATuJwMw/FA2o=
-13,-252,UQMhnf2nUnq00yHD2ubKUKoik3Y=,PKwhiLSchLaeRpmATuJwMw/FA2o=
-14,-252,UQMhnf2nUnq00yHD2ubKUKoik3Y=,PKwhiLSchLaeRpmATuJwMw/FA2o=
-15,-252,UQMhnf2nUnq00yHD2ubKUKoik3Y=,PKwhiLSchLaeRpmATuJwMw/FA2o=
-10,-253,UQMhnf2nUnq00yHD2ubKUKoik3Y=,PKwhiLSchLaeRpmATuJwMw/FA2o=
-12,-253,UQMhnf2nUnq00yHD2ubKUKoik3Y=,PKwhiLSchLaeRpmATuJwMw/FA2o=
-11,-253,UQMhnf2nUnq00yHD2ubKUKoik3Y=,PKwhiLSchLaeRpmATuJwMw/FA2o=
-13,-253,UQMhnf2nUnq00yHD2ubKUKoik3Y=,PKwhiLSchLaeRpmATuJwMw/FA2o=
-15,-253,UQMhnf2nUnq00yHD2ubKUKoik3Y=,PKwhiLSchLaeRpmATuJwMw/FA2o=
-14,-253,UQMhnf2nUnq00yHD2ubKUKoik3Y=,PKwhiLSchLaeRpmATuJwMw/FA2o=
-11,-254,UQMhnf2nUnq00yHD2ubKUKoik3Y=,PKwhiLSchLaeRpmATuJwMw/FA2o=
-10,-254,UQMhnf2nUnq00yHD2ubKUKoik3Y=,PKwhiLSchLaeRpmATuJwMw/FA2o=
-12,-254,UQMhnf2nUnq00yHD2ubKUKoik3Y=,PKwhiLSchLaeRpmATuJwMw/FA2o=
-13,-254,UQMhnf2nUnq00yHD2ubKUKoik3Y=,PKwhiLSchLaeRpmATuJwMw/FA2o=
-15,-254,UQMhnf2nUnq00yHD2ubKUKoik3Y=,PKwhiLSchLaeRpmATuJwMw/FA2o=
-14,-254,UQMhnf2nUnq00yHD2ubKUKoik3Y=,PKwhiLSchLaeRpmATuJwMw/FA2o=
-10,-255,UQMhnf2nUnq00yHD2ubKUKoik3Y=,PKwhiLSchLaeRpmATuJwMw/FA2o=
-11,-255,UQMhnf2nUnq00yHD2ubKUKoik3Y=,PKwhiLSchLaeRpmATuJwMw/FA2o=
-12,-255,UQMhnf2nUnq00yHD2ubKUKoik3Y=,PKwhiLSchLaeRpmATuJwMw/FA2o=
-13,-255,UQMhnf2nUnq00yHD2ubKUKoik3Y=,PKwhiLSchLaeRpmATuJwMw/FA2o=
-15,-255,UQMhnf2nUnq00yHD2ubKUKoik3Y=,PKwhiLSchLaeRpmATuJwMw/FA2o=
-10,-250,UQMhnf2nUnq00yHD2ubKUKoik3Y=,PKwhiLSchLaeRpmATuJwMw/FA2o=
-14,-255,UQMhnf2nUnq00yHD2ubKUKoik3Y=,PKwhiLSchLaeRpmATuJwMw/FA2o=
-11,-250,UQMhnf2nUnq00yHD2ubKUKoik3Y=,PKwhiLSchLaeRpmATuJwMw/FA2o=
-12,-250,UQMhnf2nUnq00yHD2ubKUKoik3Y=,PKwhiLSchLaeRpmATuJwMw/FA2o=
-15,-250,UQMhnf2nUnq00yHD2ubKUKoik3Y=,PKwhiLSchLaeRpmATuJwMw/FA2o=
-10,-251,UQMhnf2nUnq00yHD2ubKUKoik3Y=,PKwhiLSchLaeRpmATuJwMw/FA2o=
-11,-251,UQMhnf2nUnq00yHD2ubKUKoik3Y=,PKwhiLSchLaeRpmATuJwMw/FA2o=
-14,-250,UQMhnf2nUnq00yHD2ubKUKoik3Y=,PKwhiLSchLaeRpmATuJwMw/FA2o=
-13,-250,UQMhnf2nUnq00yHD2ubKUKoik3Y=,PKwhiLSchLaeRpmATuJwMw/FA2o=
-12,-245,UQMhnf2nUnq00yHD2ubKUKoik3Y=,IPh/WxQeRgxXs2BiRCukaQ2bk80=
-13,-251,UQMhnf2nUnq00yHD2ubKUKoik3Y=,PKwhiLSchLaeRpmATuJwMw/FA2o=
-11,-245,UQMhnf2nUnq00yHD2ubKUKoik3Y=,IPh/WxQeRgxXs2BiRCukaQ2bk80=
-14,-245,UQMhnf2nUnq00yHD2ubKUKoik3Y=,IPh/WxQeRgxXs2BiRCukaQ2bk80=
-10,-246,UQMhnf2nUnq00yHD2ubKUKoik3Y=,IPh/WxQeRgxXs2BiRCukaQ2bk80=
-11,-246,UQMhnf2nUnq00yHD2ubKUKoik3Y=,IPh/WxQeRgxXs2BiRCukaQ2bk80=
-15,-245,UQMhnf2nUnq00yHD2ubKUKoik3Y=,IPh/WxQeRgxXs2BiRCukaQ2bk80=
-12,-246,UQMhnf2nUnq00yHD2ubKUKoik3Y=,IPh/WxQeRgxXs2BiRCukaQ2bk80=
-13,-246,UQMhnf2nUnq00yHD2ubKUKoik3Y=,IPh/WxQeRgxXs2BiRCukaQ2bk80=
-14,-246,UQMhnf2nUnq00yHD2ubKUKoik3Y=,IPh/WxQeRgxXs2BiRCukaQ2bk80=
-15,-246,UQMhnf2nUnq00yHD2ubKUKoik3Y=,IPh/WxQeRgxXs2BiRCukaQ2bk80=
-11,-242,UQMhnf2nUnq00yHD2ubKUKoik3Y=,IPh/WxQeRgxXs2BiRCukaQ2bk80=
-12,-242,UQMhnf2nUnq00yHD2ubKUKoik3Y=,IPh/WxQeRgxXs2BiRCukaQ2bk80=
-13,-242,UQMhnf2nUnq00yHD2ubKUKoik3Y=,IPh/WxQeRgxXs2BiRCukaQ2bk80=
-14,-242,UQMhnf2nUnq00yHD2ubKUKoik3Y=,IPh/WxQeRgxXs2BiRCukaQ2bk80=
-15,-242,UQMhnf2nUnq00yHD2ubKUKoik3Y=,IPh/WxQeRgxXs2BiRCukaQ2bk80=
-10,-247,UQMhnf2nUnq00yHD2ubKUKoik3Y=,IPh/WxQeRgxXs2BiRCukaQ2bk80=
-11,-247,UQMhnf2nUnq00yHD2ubKUKoik3Y=,IPh/WxQeRgxXs2BiRCukaQ2bk80=
-12,-247,UQMhnf2nUnq00yHD2ubKUKoik3Y=,IPh/WxQeRgxXs2BiRCukaQ2bk80=
-13,-247,UQMhnf2nUnq00yHD2ubKUKoik3Y=,IPh/WxQeRgxXs2BiRCukaQ2bk80=
-14,-247,UQMhnf2nUnq00yHD2ubKUKoik3Y=,IPh/WxQeRgxXs2BiRCukaQ2bk80=
-10,-243,UQMhnf2nUnq00yHD2ubKUKoik3Y=,IPh/WxQeRgxXs2BiRCukaQ2bk80=
-11,-243,UQMhnf2nUnq00yHD2ubKUKoik3Y=,IPh/WxQeRgxXs2BiRCukaQ2bk80=
-15,-247,UQMhnf2nUnq00yHD2ubKUKoik3Y=,IPh/WxQeRgxXs2BiRCukaQ2bk80=
-12,-243,UQMhnf2nUnq00yHD2ubKUKoik3Y=,IPh/WxQeRgxXs2BiRCukaQ2bk80=
-13,-243,UQMhnf2nUnq00yHD2ubKUKoik3Y=,IPh/WxQeRgxXs2BiRCukaQ2bk80=
-10,-248,UQMhnf2nUnq00yHD2ubKUKoik3Y=,IPh/WxQeRgxXs2BiRCukaQ2bk80=
-11,-248,UQMhnf2nUnq00yHD2ubKUKoik3Y=,IPh/WxQeRgxXs2BiRCukaQ2bk80=
-12,-248,UQMhnf2nUnq00yHD2ubKUKoik3Y=,IPh/WxQeRgxXs2BiRCukaQ2bk80=
-14,-243,UQMhnf2nUnq00yHD2ubKUKoik3Y=,IPh/WxQeRgxXs2BiRCukaQ2bk80=
-13,-248,UQMhnf2nUnq00yHD2ubKUKoik3Y=,IPh/WxQeRgxXs2BiRCukaQ2bk80=
-15,-243,UQMhnf2nUnq00yHD2ubKUKoik3Y=,IPh/WxQeRgxXs2BiRCukaQ2bk80=
-14,-248,UQMhnf2nUnq00yHD2ubKUKoik3Y=,IPh/WxQeRgxXs2BiRCukaQ2bk80=
-15,-248,UQMhnf2nUnq00yHD2ubKUKoik3Y=,IPh/WxQeRgxXs2BiRCukaQ2bk80=
-10,-249,UQMhnf2nUnq00yHD2ubKUKoik3Y=,PKwhiLSchLaeRpmATuJwMw/FA2o=
-10,-242,UQMhnf2nUnq00yHD2ubKUKoik3Y=,IPh/WxQeRgxXs2BiRCukaQ2bk80=
-11,-249,UQMhnf2nUnq00yHD2ubKUKoik3Y=,PKwhiLSchLaeRpmATuJwMw/FA2o=
-13,-249,UQMhnf2nUnq00yHD2ubKUKoik3Y=,PKwhiLSchLaeRpmATuJwMw/FA2o=
-12,-249,UQMhnf2nUnq00yHD2ubKUKoik3Y=,PKwhiLSchLaeRpmATuJwMw/FA2o=
-14,-249,UQMhnf2nUnq00yHD2ubKUKoik3Y=,PKwhiLSchLaeRpmATuJwMw/FA2o=
-15,-249,UQMhnf2nUnq00yHD2ubKUKoik3Y=,PKwhiLSchLaeRpmATuJwMw/FA2o=
-10,-244,UQMhnf2nUnq00yHD2ubKUKoik3Y=,IPh/WxQeRgxXs2BiRCukaQ2bk80=
-12,-244,UQMhnf2nUnq00yHD2ubKUKoik3Y=,IPh/WxQeRgxXs2BiRCukaQ2bk80=
-11,-244,UQMhnf2nUnq00yHD2ubKUKoik3Y=,IPh/WxQeRgxXs2BiRCukaQ2bk80=
-13,-244,UQMhnf2nUnq00yHD2ubKUKoik3Y=,IPh/WxQeRgxXs2BiRCukaQ2bk80=
-14,-244,UQMhnf2nUnq00yHD2ubKUKoik3Y=,IPh/WxQeRgxXs2BiRCukaQ2bk80=
-15,-244,UQMhnf2nUnq00yHD2ubKUKoik3Y=,IPh/WxQeRgxXs2BiRCukaQ2bk80=
-10,-245,UQMhnf2nUnq00yHD2ubKUKoik3Y=,IPh/WxQeRgxXs2BiRCukaQ2bk80=
-13,-245,UQMhnf2nUnq00yHD2ubKUKoik3Y=,IPh/WxQeRgxXs2BiRCukaQ2bk80=
-15,-241,UQMhnf2nUnq00yHD2ubKUKoik3Y=,IPh/WxQeRgxXs2BiRCukaQ2bk80=
-14,-241,UQMhnf2nUnq00yHD2ubKUKoik3Y=,IPh/WxQeRgxXs2BiRCukaQ2bk80=
-13,-241,UQMhnf2nUnq00yHD2ubKUKoik3Y=,IPh/WxQeRgxXs2BiRCukaQ2bk80=
-12,-241,UQMhnf2nUnq00yHD2ubKUKoik3Y=,IPh/WxQeRgxXs2BiRCukaQ2bk80=
-11,-241,UQMhnf2nUnq00yHD2ubKUKoik3Y=,IPh/WxQeRgxXs2BiRCukaQ2bk80=
-10,-241,UQMhnf2nUnq00yHD2ubKUKoik3Y=,IPh/WxQeRgxXs2BiRCukaQ2bk80=
-15,-256,UQMhnf2nUnq00yHD2ubKUKoik3Y=,PKwhiLSchLaeRpmATuJwMw/FA2o=
-10,-256,UQMhnf2nUnq00yHD2ubKUKoik3Y=,PKwhiLSchLaeRpmATuJwMw/FA2o=
-11,-256,UQMhnf2nUnq00yHD2ubKUKoik3Y=,PKwhiLSchLaeRpmATuJwMw/FA2o=
-12,-256,UQMhnf2nUnq00yHD2ubKUKoik3Y=,PKwhiLSchLaeRpmATuJwMw/FA2o=
-13,-256,UQMhnf2nUnq00yHD2ubKUKoik3Y=,PKwhiLSchLaeRpmATuJwMw/FA2o=
-14,-256,UQMhnf2nUnq00yHD2ubKUKoik3Y=,PKwhiLSchLaeRpmATuJwMw/FA2o=
-16,-245,UQMhnf2nUnq00yHD2ubKUKoik3Y=,IPh/WxQeRgxXs2BiRCukaQ2bk80=
-16,-244,UQMhnf2nUnq00yHD2ubKUKoik3Y=,IPh/WxQeRgxXs2BiRCukaQ2bk80=
-16,-243,UQMhnf2nUnq00yHD2ubKUKoik3Y=,IPh/WxQeRgxXs2BiRCukaQ2bk80=
-16,-247,UQMhnf2nUnq00yHD2ubKUKoik3Y=,IPh/WxQeRgxXs2BiRCukaQ2bk80=
-16,-242,UQMhnf2nUnq00yHD2ubKUKoik3Y=,IPh/WxQeRgxXs2BiRCukaQ2bk80=
-16,-246,UQMhnf2nUnq00yHD2ubKUKoik3Y=,IPh/WxQeRgxXs2BiRCukaQ2bk80=
-16,-250,UQMhnf2nUnq00yHD2ubKUKoik3Y=,PKwhiLSchLaeRpmATuJwMw/FA2o=
-16,-249,UQMhnf2nUnq00yHD2ubKUKoik3Y=,PKwhiLSchLaeRpmATuJwMw/FA2o=
-16,-248,UQMhnf2nUnq00yHD2ubKUKoik3Y=,IPh/WxQeRgxXs2BiRCukaQ2bk80=
-16,-255,UQMhnf2nUnq00yHD2ubKUKoik3Y=,PKwhiLSchLaeRpmATuJwMw/FA2o=
-16,-254,UQMhnf2nUnq00yHD2ubKUKoik3Y=,PKwhiLSchLaeRpmATuJwMw/FA2o=
-16,-253,UQMhnf2nUnq00yHD2ubKUKoik3Y=,PKwhiLSchLaeRpmATuJwMw/FA2o=
-16,-252,UQMhnf2nUnq00yHD2ubKUKoik3Y=,PKwhiLSchLaeRpmATuJwMw/FA2o=
-16,-251,UQMhnf2nUnq00yHD2ubKUKoik3Y=,PKwhiLSchLaeRpmATuJwMw/FA2o=
-16,-256,UQMhnf2nUnq00yHD2ubKUKoik3Y=,PKwhiLSchLaeRpmATuJwMw/FA2o=
-16,-241,UQMhnf2nUnq00yHD2ubKUKoik3Y=,IPh/WxQeRgxXs2BiRCukaQ2bk80=
-9,-246,rgneMxFg/CcACJZVdFvz5k9On2Y=,IPh/WxQeRgxXs2BiRCukaQ2bk80=
-4,-241,rgneMxFg/CcACJZVdFvz5k9On2Y=,9l+YA6jGimSfK9XRZlO6VLqUIfw=
-3,-242,rgneMxFg/CcACJZVdFvz5k9On2Y=,9l+YA6jGimSfK9XRZlO6VLqUIfw=
-9,-241,rgneMxFg/CcACJZVdFvz5k9On2Y=,IPh/WxQeRgxXs2BiRCukaQ2bk80=
-4,-242,rgneMxFg/CcACJZVdFvz5k9On2Y=,9l+YA6jGimSfK9XRZlO6VLqUIfw=
-5,-242,rgneMxFg/CcACJZVdFvz5k9On2Y=,9l+YA6jGimSfK9XRZlO6VLqUIfw=
-5,-247,rgneMxFg/CcACJZVdFvz5k9On2Y=,9l+YA6jGimSfK9XRZlO6VLqUIfw=
-9,-247,rgneMxFg/CcACJZVdFvz5k9On2Y=,IPh/WxQeRgxXs2BiRCukaQ2bk80=
-2,-242,rgneMxFg/CcACJZVdFvz5k9On2Y=,9l+YA6jGimSfK9XRZlO6VLqUIfw=
-1,-242,rgneMxFg/CcACJZVdFvz5k9On2Y=,9l+YA6jGimSfK9XRZlO6VLqUIfw=
-7,-242,rgneMxFg/CcACJZVdFvz5k9On2Y=,9l+YA6jGimSfK9XRZlO6VLqUIfw=
-8,-241,rgneMxFg/CcACJZVdFvz5k9On2Y=,9l+YA6jGimSfK9XRZlO6VLqUIfw=
-9,-243,rgneMxFg/CcACJZVdFvz5k9On2Y=,IPh/WxQeRgxXs2BiRCukaQ2bk80=
-2,-244,rgneMxFg/CcACJZVdFvz5k9On2Y=,9l+YA6jGimSfK9XRZlO6VLqUIfw=
-7,-247,rgneMxFg/CcACJZVdFvz5k9On2Y=,9l+YA6jGimSfK9XRZlO6VLqUIfw=
-6,-247,rgneMxFg/CcACJZVdFvz5k9On2Y=,9l+YA6jGimSfK9XRZlO6VLqUIfw=
-4,-244,rgneMxFg/CcACJZVdFvz5k9On2Y=,9l+YA6jGimSfK9XRZlO6VLqUIfw=
-2,-245,rgneMxFg/CcACJZVdFvz5k9On2Y=,9l+YA6jGimSfK9XRZlO6VLqUIfw=
-6,-244,rgneMxFg/CcACJZVdFvz5k9On2Y=,9l+YA6jGimSfK9XRZlO6VLqUIfw=
-5,-243,rgneMxFg/CcACJZVdFvz5k9On2Y=,9l+YA6jGimSfK9XRZlO6VLqUIfw=
-9,-244,rgneMxFg/CcACJZVdFvz5k9On2Y=,IPh/WxQeRgxXs2BiRCukaQ2bk80=
-3,-245,rgneMxFg/CcACJZVdFvz5k9On2Y=,9l+YA6jGimSfK9XRZlO6VLqUIfw=
-4,-245,rgneMxFg/CcACJZVdFvz5k9On2Y=,9l+YA6jGimSfK9XRZlO6VLqUIfw=
-8,-245,rgneMxFg/CcACJZVdFvz5k9On2Y=,9l+YA6jGimSfK9XRZlO6VLqUIfw=
-1,-246,rgneMxFg/CcACJZVdFvz5k9On2Y=,9l+YA6jGimSfK9XRZlO6VLqUIfw=
-9,-242,rgneMxFg/CcACJZVdFvz5k9On2Y=,IPh/WxQeRgxXs2BiRCukaQ2bk80=
-5,-245,rgneMxFg/CcACJZVdFvz5k9On2Y=,9l+YA6jGimSfK9XRZlO6VLqUIfw=
-2,-246,rgneMxFg/CcACJZVdFvz5k9On2Y=,9l+YA6jGimSfK9XRZlO6VLqUIfw=
-6,-242,rgneMxFg/CcACJZVdFvz5k9On2Y=,9l+YA6jGimSfK9XRZlO6VLqUIfw=
-9,-245,rgneMxFg/CcACJZVdFvz5k9On2Y=,IPh/WxQeRgxXs2BiRCukaQ2bk80=
-8,-247,rgneMxFg/CcACJZVdFvz5k9On2Y=,9l+YA6jGimSfK9XRZlO6VLqUIfw=
-1,-244,rgneMxFg/CcACJZVdFvz5k9On2Y=,9l+YA6jGimSfK9XRZlO6VLqUIfw=
-1,-247,rgneMxFg/CcACJZVdFvz5k9On2Y=,9l+YA6jGimSfK9XRZlO6VLqUIfw=
-5,-244,rgneMxFg/CcACJZVdFvz5k9On2Y=,9l+YA6jGimSfK9XRZlO6VLqUIfw=
-3,-247,rgneMxFg/CcACJZVdFvz5k9On2Y=,9l+YA6jGimSfK9XRZlO6VLqUIfw=
-4,-246,rgneMxFg/CcACJZVdFvz5k9On2Y=,9l+YA6jGimSfK9XRZlO6VLqUIfw=
-3,-244,rgneMxFg/CcACJZVdFvz5k9On2Y=,9l+YA6jGimSfK9XRZlO6VLqUIfw=
-7,-244,rgneMxFg/CcACJZVdFvz5k9On2Y=,9l+YA6jGimSfK9XRZlO6VLqUIfw=
-7,-243,rgneMxFg/CcACJZVdFvz5k9On2Y=,9l+YA6jGimSfK9XRZlO6VLqUIfw=
-1,-241,rgneMxFg/CcACJZVdFvz5k9On2Y=,9l+YA6jGimSfK9XRZlO6VLqUIfw=
-7,-246,rgneMxFg/CcACJZVdFvz5k9On2Y=,9l+YA6jGimSfK9XRZlO6VLqUIfw=
-7,-241,rgneMxFg/CcACJZVdFvz5k9On2Y=,9l+YA6jGimSfK9XRZlO6VLqUIfw=
-1,-245,rgneMxFg/CcACJZVdFvz5k9On2Y=,9l+YA6jGimSfK9XRZlO6VLqUIfw=
-6,-246,rgneMxFg/CcACJZVdFvz5k9On2Y=,9l+YA6jGimSfK9XRZlO6VLqUIfw=
-2,-247,rgneMxFg/CcACJZVdFvz5k9On2Y=,9l+YA6jGimSfK9XRZlO6VLqUIfw=
-3,-241,rgneMxFg/CcACJZVdFvz5k9On2Y=,9l+YA6jGimSfK9XRZlO6VLqUIfw=
-1,-243,rgneMxFg/CcACJZVdFvz5k9On2Y=,9l+YA6jGimSfK9XRZlO6VLqUIfw=
-7,-245,rgneMxFg/CcACJZVdFvz5k9On2Y=,9l+YA6jGimSfK9XRZlO6VLqUIfw=
-2,-241,rgneMxFg/CcACJZVdFvz5k9On2Y=,9l+YA6jGimSfK9XRZlO6VLqUIfw=
-6,-241,rgneMxFg/CcACJZVdFvz5k9On2Y=,9l+YA6jGimSfK9XRZlO6VLqUIfw=
-4,-243,rgneMxFg/CcACJZVdFvz5k9On2Y=,9l+YA6jGimSfK9XRZlO6VLqUIfw=
-6,-245,rgneMxFg/CcACJZVdFvz5k9On2Y=,9l+YA6jGimSfK9XRZlO6VLqUIfw=
-5,-246,rgneMxFg/CcACJZVdFvz5k9On2Y=,9l+YA6jGimSfK9XRZlO6VLqUIfw=
-6,-243,rgneMxFg/CcACJZVdFvz5k9On2Y=,9l+YA6jGimSfK9XRZlO6VLqUIfw=
-3,-246,rgneMxFg/CcACJZVdFvz5k9On2Y=,9l+YA6jGimSfK9XRZlO6VLqUIfw=
-8,-242,rgneMxFg/CcACJZVdFvz5k9On2Y=,9l+YA6jGimSfK9XRZlO6VLqUIfw=
-2,-243,rgneMxFg/CcACJZVdFvz5k9On2Y=,9l+YA6jGimSfK9XRZlO6VLqUIfw=
-8,-246,rgneMxFg/CcACJZVdFvz5k9On2Y=,9l+YA6jGimSfK9XRZlO6VLqUIfw=
-8,-244,rgneMxFg/CcACJZVdFvz5k9On2Y=,9l+YA6jGimSfK9XRZlO6VLqUIfw=
-5,-241,rgneMxFg/CcACJZVdFvz5k9On2Y=,9l+YA6jGimSfK9XRZlO6VLqUIfw=
-3,-243,rgneMxFg/CcACJZVdFvz5k9On2Y=,9l+YA6jGimSfK9XRZlO6VLqUIfw=
-8,-243,rgneMxFg/CcACJZVdFvz5k9On2Y=,9l+YA6jGimSfK9XRZlO6VLqUIfw=
-4,-247,rgneMxFg/CcACJZVdFvz5k9On2Y=,9l+YA6jGimSfK9XRZlO6VLqUIfw=
-8,-248,rgneMxFg/CcACJZVdFvz5k9On2Y=,9l+YA6jGimSfK9XRZlO6VLqUIfw=
-8,-249,rgneMxFg/CcACJZVdFvz5k9On2Y=,FmiklUn3u3GOSNuKqPRCkHTETNs=
-6,-249,rgneMxFg/CcACJZVdFvz5k9On2Y=,FmiklUn3u3GOSNuKqPRCkHTETNs=
-4,-250,rgneMxFg/CcACJZVdFvz5k9On2Y=,FmiklUn3u3GOSNuKqPRCkHTETNs=
-9,-252,rgneMxFg/CcACJZVdFvz5k9On2Y=,PKwhiLSchLaeRpmATuJwMw/FA2o=
-3,-250,rgneMxFg/CcACJZVdFvz5k9On2Y=,FmiklUn3u3GOSNuKqPRCkHTETNs=
-8,-250,rgneMxFg/CcACJZVdFvz5k9On2Y=,FmiklUn3u3GOSNuKqPRCkHTETNs=
-6,-250,rgneMxFg/CcACJZVdFvz5k9On2Y=,FmiklUn3u3GOSNuKqPRCkHTETNs=
-7,-250,rgneMxFg/CcACJZVdFvz5k9On2Y=,FmiklUn3u3GOSNuKqPRCkHTETNs=
-1,-251,rgneMxFg/CcACJZVdFvz5k9On2Y=,FmiklUn3u3GOSNuKqPRCkHTETNs=
-2,-250,rgneMxFg/CcACJZVdFvz5k9On2Y=,FmiklUn3u3GOSNuKqPRCkHTETNs=
-2,-251,rgneMxFg/CcACJZVdFvz5k9On2Y=,FmiklUn3u3GOSNuKqPRCkHTETNs=
-8,-251,rgneMxFg/CcACJZVdFvz5k9On2Y=,FmiklUn3u3GOSNuKqPRCkHTETNs=
-5,-251,rgneMxFg/CcACJZVdFvz5k9On2Y=,FmiklUn3u3GOSNuKqPRCkHTETNs=
-6,-251,rgneMxFg/CcACJZVdFvz5k9On2Y=,FmiklUn3u3GOSNuKqPRCkHTETNs=
-7,-249,rgneMxFg/CcACJZVdFvz5k9On2Y=,FmiklUn3u3GOSNuKqPRCkHTETNs=
-3,-251,rgneMxFg/CcACJZVdFvz5k9On2Y=,FmiklUn3u3GOSNuKqPRCkHTETNs=
-1,-252,rgneMxFg/CcACJZVdFvz5k9On2Y=,FmiklUn3u3GOSNuKqPRCkHTETNs=
-7,-251,rgneMxFg/CcACJZVdFvz5k9On2Y=,FmiklUn3u3GOSNuKqPRCkHTETNs=
-9,-253,rgneMxFg/CcACJZVdFvz5k9On2Y=,PKwhiLSchLaeRpmATuJwMw/FA2o=
-3,-252,rgneMxFg/CcACJZVdFvz5k9On2Y=,FmiklUn3u3GOSNuKqPRCkHTETNs=
-2,-252,rgneMxFg/CcACJZVdFvz5k9On2Y=,FmiklUn3u3GOSNuKqPRCkHTETNs=
-5,-252,rgneMxFg/CcACJZVdFvz5k9On2Y=,FmiklUn3u3GOSNuKqPRCkHTETNs=
-4,-249,rgneMxFg/CcACJZVdFvz5k9On2Y=,FmiklUn3u3GOSNuKqPRCkHTETNs=
-4,-252,rgneMxFg/CcACJZVdFvz5k9On2Y=,FmiklUn3u3GOSNuKqPRCkHTETNs=
-1,-253,rgneMxFg/CcACJZVdFvz5k9On2Y=,FmiklUn3u3GOSNuKqPRCkHTETNs=
-8,-252,rgneMxFg/CcACJZVdFvz5k9On2Y=,FmiklUn3u3GOSNuKqPRCkHTETNs=
-4,-251,rgneMxFg/CcACJZVdFvz5k9On2Y=,FmiklUn3u3GOSNuKqPRCkHTETNs=
-6,-253,rgneMxFg/CcACJZVdFvz5k9On2Y=,FmiklUn3u3GOSNuKqPRCkHTETNs=
-9,-254,rgneMxFg/CcACJZVdFvz5k9On2Y=,PKwhiLSchLaeRpmATuJwMw/FA2o=
-9,-248,rgneMxFg/CcACJZVdFvz5k9On2Y=,IPh/WxQeRgxXs2BiRCukaQ2bk80=
-3,-253,rgneMxFg/CcACJZVdFvz5k9On2Y=,FmiklUn3u3GOSNuKqPRCkHTETNs=
-5,-253,rgneMxFg/CcACJZVdFvz5k9On2Y=,FmiklUn3u3GOSNuKqPRCkHTETNs=
-5,-250,rgneMxFg/CcACJZVdFvz5k9On2Y=,FmiklUn3u3GOSNuKqPRCkHTETNs=
-7,-253,rgneMxFg/CcACJZVdFvz5k9On2Y=,FmiklUn3u3GOSNuKqPRCkHTETNs=
-3,-254,rgneMxFg/CcACJZVdFvz5k9On2Y=,FmiklUn3u3GOSNuKqPRCkHTETNs=
-7,-252,rgneMxFg/CcACJZVdFvz5k9On2Y=,FmiklUn3u3GOSNuKqPRCkHTETNs=
-9,-255,rgneMxFg/CcACJZVdFvz5k9On2Y=,PKwhiLSchLaeRpmATuJwMw/FA2o=
-7,-254,rgneMxFg/CcACJZVdFvz5k9On2Y=,FmiklUn3u3GOSNuKqPRCkHTETNs=
-2,-255,rgneMxFg/CcACJZVdFvz5k9On2Y=,FmiklUn3u3GOSNuKqPRCkHTETNs=
-3,-255,rgneMxFg/CcACJZVdFvz5k9On2Y=,FmiklUn3u3GOSNuKqPRCkHTETNs=
-5,-255,rgneMxFg/CcACJZVdFvz5k9On2Y=,FmiklUn3u3GOSNuKqPRCkHTETNs=
-4,-253,rgneMxFg/CcACJZVdFvz5k9On2Y=,FmiklUn3u3GOSNuKqPRCkHTETNs=
-1,-248,rgneMxFg/CcACJZVdFvz5k9On2Y=,9l+YA6jGimSfK9XRZlO6VLqUIfw=
-6,-255,rgneMxFg/CcACJZVdFvz5k9On2Y=,FmiklUn3u3GOSNuKqPRCkHTETNs=
-7,-255,rgneMxFg/CcACJZVdFvz5k9On2Y=,FmiklUn3u3GOSNuKqPRCkHTETNs=
-9,-249,rgneMxFg/CcACJZVdFvz5k9On2Y=,PKwhiLSchLaeRpmATuJwMw/FA2o=
-1,-250,rgneMxFg/CcACJZVdFvz5k9On2Y=,FmiklUn3u3GOSNuKqPRCkHTETNs=
-9,-256,rgneMxFg/CcACJZVdFvz5k9On2Y=,PKwhiLSchLaeRpmATuJwMw/FA2o=
-4,-254,rgneMxFg/CcACJZVdFvz5k9On2Y=,FmiklUn3u3GOSNuKqPRCkHTETNs=
-1,-255,rgneMxFg/CcACJZVdFvz5k9On2Y=,FmiklUn3u3GOSNuKqPRCkHTETNs=
-9,-250,rgneMxFg/CcACJZVdFvz5k9On2Y=,PKwhiLSchLaeRpmATuJwMw/FA2o=
-2,-256,rgneMxFg/CcACJZVdFvz5k9On2Y=,FmiklUn3u3GOSNuKqPRCkHTETNs=
-6,-256,rgneMxFg/CcACJZVdFvz5k9On2Y=,FmiklUn3u3GOSNuKqPRCkHTETNs=
-2,-248,rgneMxFg/CcACJZVdFvz5k9On2Y=,9l+YA6jGimSfK9XRZlO6VLqUIfw=
-5,-256,rgneMxFg/CcACJZVdFvz5k9On2Y=,FmiklUn3u3GOSNuKqPRCkHTETNs=
-5,-248,rgneMxFg/CcACJZVdFvz5k9On2Y=,9l+YA6jGimSfK9XRZlO6VLqUIfw=
-8,-253,rgneMxFg/CcACJZVdFvz5k9On2Y=,FmiklUn3u3GOSNuKqPRCkHTETNs=
-9,-251,rgneMxFg/CcACJZVdFvz5k9On2Y=,PKwhiLSchLaeRpmATuJwMw/FA2o=
-8,-255,rgneMxFg/CcACJZVdFvz5k9On2Y=,FmiklUn3u3GOSNuKqPRCkHTETNs=
-3,-256,rgneMxFg/CcACJZVdFvz5k9On2Y=,FmiklUn3u3GOSNuKqPRCkHTETNs=
-4,-256,rgneMxFg/CcACJZVdFvz5k9On2Y=,FmiklUn3u3GOSNuKqPRCkHTETNs=
-1,-256,rgneMxFg/CcACJZVdFvz5k9On2Y=,FmiklUn3u3GOSNuKqPRCkHTETNs=
-8,-256,rgneMxFg/CcACJZVdFvz5k9On2Y=,FmiklUn3u3GOSNuKqPRCkHTETNs=
-5,-249,rgneMxFg/CcACJZVdFvz5k9On2Y=,FmiklUn3u3GOSNuKqPRCkHTETNs=
-2,-254,rgneMxFg/CcACJZVdFvz5k9On2Y=,FmiklUn3u3GOSNuKqPRCkHTETNs=
-6,-254,rgneMxFg/CcACJZVdFvz5k9On2Y=,FmiklUn3u3GOSNuKqPRCkHTETNs=
-7,-248,rgneMxFg/CcACJZVdFvz5k9On2Y=,9l+YA6jGimSfK9XRZlO6VLqUIfw=
-2,-249,rgneMxFg/CcACJZVdFvz5k9On2Y=,FmiklUn3u3GOSNuKqPRCkHTETNs=
-1,-254,rgneMxFg/CcACJZVdFvz5k9On2Y=,FmiklUn3u3GOSNuKqPRCkHTETNs=
-8,-254,rgneMxFg/CcACJZVdFvz5k9On2Y=,FmiklUn3u3GOSNuKqPRCkHTETNs=
-5,-254,rgneMxFg/CcACJZVdFvz5k9On2Y=,FmiklUn3u3GOSNuKqPRCkHTETNs=
-6,-248,rgneMxFg/CcACJZVdFvz5k9On2Y=,9l+YA6jGimSfK9XRZlO6VLqUIfw=
-3,-249,rgneMxFg/CcACJZVdFvz5k9On2Y=,FmiklUn3u3GOSNuKqPRCkHTETNs=
-2,-253,rgneMxFg/CcACJZVdFvz5k9On2Y=,FmiklUn3u3GOSNuKqPRCkHTETNs=
-1,-249,rgneMxFg/CcACJZVdFvz5k9On2Y=,FmiklUn3u3GOSNuKqPRCkHTETNs=
-4,-248,rgneMxFg/CcACJZVdFvz5k9On2Y=,9l+YA6jGimSfK9XRZlO6VLqUIfw=
-7,-256,rgneMxFg/CcACJZVdFvz5k9On2Y=,FmiklUn3u3GOSNuKqPRCkHTETNs=
-6,-252,rgneMxFg/CcACJZVdFvz5k9On2Y=,FmiklUn3u3GOSNuKqPRCkHTETNs=
-3,-248,rgneMxFg/CcACJZVdFvz5k9On2Y=,9l+YA6jGimSfK9XRZlO6VLqUIfw=
-4,-255,rgneMxFg/CcACJZVdFvz5k9On2Y=,FmiklUn3u3GOSNuKqPRCkHTETNs=
