38,46,UjP8eNrvakZg7L+pJhUn3GNE5LE=,s3Zj5Y63P/JbdES4LW+BtoyDfMs=
35,43,UjP8eNrvakZg7L+pJhUn3GNE5LE=,s3Zj5Y63P/JbdES4LW+BtoyDfMs=
37,46,UjP8eNrvakZg7L+pJhUn3GNE5LE=,s3Zj5Y63P/JbdES4LW+BtoyDfMs=
36,43,UjP8eNrvakZg7L+pJhUn3GNE5LE=,s3Zj5Y63P/JbdES4LW+BtoyDfMs=
38,42,UjP8eNrvakZg7L+pJhUn3GNE5LE=,s3Zj5Y63P/JbdES4LW+BtoyDfMs=
37,42,UjP8eNrvakZg7L+pJhUn3GNE5LE=,s3Zj5Y63P/JbdES4LW+BtoyDfMs=
36,42,UjP8eNrvakZg7L+pJhUn3GNE5LE=,s3Zj5Y63P/JbdES4LW+BtoyDfMs=
34,43,UjP8eNrvakZg7L+pJhUn3GNE5LE=,s3Zj5Y63P/JbdES4LW+BtoyDfMs=
33,43,UjP8eNrvakZg7L+pJhUn3GNE5LE=,s3Zj5Y63P/JbdES4LW+BtoyDfMs=
35,46,UjP8eNrvakZg7L+pJhUn3GNE5LE=,s3Zj5Y63P/JbdES4LW+BtoyDfMs=
37,43,UjP8eNrvakZg7L+pJhUn3GNE5LE=,s3Zj5Y63P/JbdES4LW+BtoyDfMs=
34,46,UjP8eNrvakZg7L+pJhUn3GNE5LE=,s3Zj5Y63P/JbdES4LW+BtoyDfMs=
35,42,UjP8eNrvakZg7L+pJhUn3GNE5LE=,s3Zj5Y63P/JbdES4LW+BtoyDfMs=
36,46,UjP8eNrvakZg7L+pJhUn3GNE5LE=,s3Zj5Y63P/JbdES4LW+BtoyDfMs=
37,41,UjP8eNrvakZg7L+pJhUn3GNE5LE=,s3Zj5Y63P/JbdES4LW+BtoyDfMs=
33,42,UjP8eNrvakZg7L+pJhUn3GNE5LE=,s3Zj5Y63P/JbdES4LW+BtoyDfMs=
34,41,UjP8eNrvakZg7L+pJhUn3GNE5LE=,s3Zj5Y63P/JbdES4LW+BtoyDfMs=
38,41,UjP8eNrvakZg7L+pJhUn3GNE5LE=,s3Zj5Y63P/JbdES4LW+BtoyDfMs=
37,44,UjP8eNrvakZg7L+pJhUn3GNE5LE=,s3Zj5Y63P/JbdES4LW+BtoyDfMs=
38,44,UjP8eNrvakZg7L+pJhUn3GNE5LE=,s3Zj5Y63P/JbdES4LW+BtoyDfMs=
37,45,UjP8eNrvakZg7L+pJhUn3GNE5LE=,s3Zj5Y63P/JbdES4LW+BtoyDfMs=
36,44,UjP8eNrvakZg7L+pJhUn3GNE5LE=,s3Zj5Y63P/JbdES4LW+BtoyDfMs=
35,41,UjP8eNrvakZg7L+pJhUn3GNE5LE=,s3Zj5Y63P/JbdES4LW+BtoyDfMs=
35,44,UjP8eNrvakZg7L+pJhUn3GNE5LE=,s3Zj5Y63P/JbdES4LW+BtoyDfMs=
36,41,UjP8eNrvakZg7L+pJhUn3GNE5LE=,s3Zj5Y63P/JbdES4LW+BtoyDfMs=
38,43,UjP8eNrvakZg7L+pJhUn3GNE5LE=,s3Zj5Y63P/JbdES4LW+BtoyDfMs=
33,44,UjP8eNrvakZg7L+pJhUn3GNE5LE=,s3Zj5Y63P/JbdES4LW+BtoyDfMs=
38,45,UjP8eNrvakZg7L+pJhUn3GNE5LE=,s3Zj5Y63P/JbdES4LW+BtoyDfMs=
36,45,UjP8eNrvakZg7L+pJhUn3GNE5LE=,s3Zj5Y63P/JbdES4LW+BtoyDfMs=
34,42,UjP8eNrvakZg7L+pJhUn3GNE5LE=,s3Zj5Y63P/JbdES4LW+BtoyDfMs=
42,45,UjP8eNrvakZg7L+pJhUn3GNE5LE=,AUxyqmfqmBoT7yVsJ1SrKtW7GEg=
41,45,UjP8eNrvakZg7L+pJhUn3GNE5LE=,AUxyqmfqmBoT7yVsJ1SrKtW7GEg=
35,45,UjP8eNrvakZg7L+pJhUn3GNE5LE=,s3Zj5Y63P/JbdES4LW+BtoyDfMs=
34,45,UjP8eNrvakZg7L+pJhUn3GNE5LE=,s3Zj5Y63P/JbdES4LW+BtoyDfMs=
33,45,UjP8eNrvakZg7L+pJhUn3GNE5LE=,s3Zj5Y63P/JbdES4LW+BtoyDfMs=
43,45,UjP8eNrvakZg7L+pJhUn3GNE5LE=,AUxyqmfqmBoT7yVsJ1SrKtW7GEg=
39,46,UjP8eNrvakZg7L+pJhUn3GNE5LE=,s3Zj5Y63P/JbdES4LW+BtoyDfMs=
45,44,UjP8eNrvakZg7L+pJhUn3GNE5LE=,AUxyqmfqmBoT7yVsJ1SrKtW7GEg=
33,41,UjP8eNrvakZg7L+pJhUn3GNE5LE=,s3Zj5Y63P/JbdES4LW+BtoyDfMs=
42,44,UjP8eNrvakZg7L+pJhUn3GNE5LE=,AUxyqmfqmBoT7yVsJ1SrKtW7GEg=
40,45,UjP8eNrvakZg7L+pJhUn3GNE5LE=,AUxyqmfqmBoT7yVsJ1SrKtW7GEg=
46,44,UjP8eNrvakZg7L+pJhUn3GNE5LE=,AUxyqmfqmBoT7yVsJ1SrKtW7GEg=
39,41,UjP8eNrvakZg7L+pJhUn3GNE5LE=,s3Zj5Y63P/JbdES4LW+BtoyDfMs=
34,44,UjP8eNrvakZg7L+pJhUn3GNE5LE=,s3Zj5Y63P/JbdES4LW+BtoyDfMs=
46,43,UjP8eNrvakZg7L+pJhUn3GNE5LE=,AUxyqmfqmBoT7yVsJ1SrKtW7GEg=
44,45,UjP8eNrvakZg7L+pJhUn3GNE5LE=,AUxyqmfqmBoT7yVsJ1SrKtW7GEg=
44,43,UjP8eNrvakZg7L+pJhUn3GNE5LE=,AUxyqmfqmBoT7yVsJ1SrKtW7GEg=
42,43,UjP8eNrvakZg7L+pJhUn3GNE5LE=,AUxyqmfqmBoT7yVsJ1SrKtW7GEg=
40,43,UjP8eNrvakZg7L+pJhUn3GNE5LE=,AUxyqmfqmBoT7yVsJ1SrKtW7GEg=
45,45,UjP8eNrvakZg7L+pJhUn3GNE5LE=,AUxyqmfqmBoT7yVsJ1SrKtW7GEg=
44,44,UjP8eNrvakZg7L+pJhUn3GNE5LE=,AUxyqmfqmBoT7yVsJ1SrKtW7GEg=
39,42,UjP8eNrvakZg7L+pJhUn3GNE5LE=,s3Zj5Y63P/JbdES4LW+BtoyDfMs=
33,46,UjP8eNrvakZg7L+pJhUn3GNE5LE=,s3Zj5Y63P/JbdES4LW+BtoyDfMs=
45,43,UjP8eNrvakZg7L+pJhUn3GNE5LE=,AUxyqmfqmBoT7yVsJ1SrKtW7GEg=
42,42,UjP8eNrvakZg7L+pJhUn3GNE5LE=,AUxyqmfqmBoT7yVsJ1SrKtW7GEg=
39,45,UjP8eNrvakZg7L+pJhUn3GNE5LE=,s3Zj5Y63P/JbdES4LW+BtoyDfMs=
40,42,UjP8eNrvakZg7L+pJhUn3GNE5LE=,AUxyqmfqmBoT7yVsJ1SrKtW7GEg=
41,44,UjP8eNrvakZg7L+pJhUn3GNE5LE=,AUxyqmfqmBoT7yVsJ1SrKtW7GEg=
43,43,UjP8eNrvakZg7L+pJhUn3GNE5LE=,AUxyqmfqmBoT7yVsJ1SrKtW7GEg=
46,41,UjP8eNrvakZg7L+pJhUn3GNE5LE=,AUxyqmfqmBoT7yVsJ1SrKtW7GEg=
45,42,UjP8eNrvakZg7L+pJhUn3GNE5LE=,AUxyqmfqmBoT7yVsJ1SrKtW7GEg=
44,41,UjP8eNrvakZg7L+pJhUn3GNE5LE=,AUxyqmfqmBoT7yVsJ1SrKtW7GEg=
45,41,UjP8eNrvakZg7L+pJhUn3GNE5LE=,AUxyqmfqmBoT7yVsJ1SrKtW7GEg=
43,44,UjP8eNrvakZg7L+pJhUn3GNE5LE=,AUxyqmfqmBoT7yVsJ1SrKtW7GEg=
39,44,UjP8eNrvakZg7L+pJhUn3GNE5LE=,s3Zj5Y63P/JbdES4LW+BtoyDfMs=
42,41,UjP8eNrvakZg7L+pJhUn3GNE5LE=,AUxyqmfqmBoT7yVsJ1SrKtW7GEg=
41,43,UjP8eNrvakZg7L+pJhUn3GNE5LE=,AUxyqmfqmBoT7yVsJ1SrKtW7GEg=
41,42,UjP8eNrvakZg7L+pJhUn3GNE5LE=,AUxyqmfqmBoT7yVsJ1SrKtW7GEg=
46,46,UjP8eNrvakZg7L+pJhUn3GNE5LE=,AUxyqmfqmBoT7yVsJ1SrKtW7GEg=
40,41,UjP8eNrvakZg7L+pJhUn3GNE5LE=,AUxyqmfqmBoT7yVsJ1SrKtW7GEg=
44,46,UjP8eNrvakZg7L+pJhUn3GNE5LE=,AUxyqmfqmBoT7yVsJ1SrKtW7GEg=
46,45,UjP8eNrvakZg7L+pJhUn3GNE5LE=,AUxyqmfqmBoT7yVsJ1SrKtW7GEg=
43,46,UjP8eNrvakZg7L+pJhUn3GNE5LE=,AUxyqmfqmBoT7yVsJ1SrKtW7GEg=
43,42,UjP8eNrvakZg7L+pJhUn3GNE5LE=,AUxyqmfqmBoT7yVsJ1SrKtW7GEg=
41,46,UjP8eNrvakZg7L+pJhUn3GNE5LE=,AUxyqmfqmBoT7yVsJ1SrKtW7GEg=
44,42,UjP8eNrvakZg7L+pJhUn3GNE5LE=,AUxyqmfqmBoT7yVsJ1SrKtW7GEg=
40,44,UjP8eNrvakZg7L+pJhUn3GNE5LE=,AUxyqmfqmBoT7yVsJ1SrKtW7GEg=
45,46,UjP8eNrvakZg7L+pJhUn3GNE5LE=,AUxyqmfqmBoT7yVsJ1SrKtW7GEg=
46,42,UjP8eNrvakZg7L+pJhUn3GNE5LE=,AUxyqmfqmBoT7yVsJ1SrKtW7GEg=
40,46,UjP8eNrvakZg7L+pJhUn3GNE5LE=,AUxyqmfqmBoT7yVsJ1SrKtW7GEg=
41,41,UjP8eNrvakZg7L+pJhUn3GNE5LE=,AUxyqmfqmBoT7yVsJ1SrKtW7GEg=
38,36,UjP8eNrvakZg7L+pJhUn3GNE5LE=,uBysneWXoBenT5As8dthqe3WjO8=
42,46,UjP8eNrvakZg7L+pJhUn3GNE5LE=,AUxyqmfqmBoT7yVsJ1SrKtW7GEg=
36,36,UjP8eNrvakZg7L+pJhUn3GNE5LE=,uBysneWXoBenT5As8dthqe3WjO8=
35,36,UjP8eNrvakZg7L+pJhUn3GNE5LE=,uBysneWXoBenT5As8dthqe3WjO8=
37,36,UjP8eNrvakZg7L+pJhUn3GNE5LE=,uBysneWXoBenT5As8dthqe3WjO8=
34,37,UjP8eNrvakZg7L+pJhUn3GNE5LE=,uBysneWXoBenT5As8dthqe3WjO8=
43,41,UjP8eNrvakZg7L+pJhUn3GNE5LE=,AUxyqmfqmBoT7yVsJ1SrKtW7GEg=
33,37,UjP8eNrvakZg7L+pJhUn3GNE5LE=,uBysneWXoBenT5As8dthqe3WjO8=
37,35,UjP8eNrvakZg7L+pJhUn3GNE5LE=,uBysneWXoBenT5As8dthqe3WjO8=
38,40,UjP8eNrvakZg7L+pJhUn3GNE5LE=,s3Zj5Y63P/JbdES4LW+BtoyDfMs=
37,40,UjP8eNrvakZg7L+pJhUn3GNE5LE=,s3Zj5Y63P/JbdES4LW+BtoyDfMs=
39,43,UjP8eNrvakZg7L+pJhUn3GNE5LE=,s3Zj5Y63P/JbdES4LW+BtoyDfMs=
38,35,UjP8eNrvakZg7L+pJhUn3GNE5LE=,uBysneWXoBenT5As8dthqe3WjO8=
35,37,UjP8eNrvakZg7L+pJhUn3GNE5LE=,uBysneWXoBenT5As8dthqe3WjO8=
33,33,UjP8eNrvakZg7L+pJhUn3GNE5LE=,uBysneWXoBenT5As8dthqe3WjO8=
36,39,UjP8eNrvakZg7L+pJhUn3GNE5LE=,uBysneWXoBenT5As8dthqe3WjO8=
34,39,UjP8eNrvakZg7L+pJhUn3GNE5LE=,uBysneWXoBenT5As8dthqe3WjO8=
33,39,UjP8eNrvakZg7L+pJhUn3GNE5LE=,uBysneWXoBenT5As8dthqe3WjO8=
35,38,UjP8eNrvakZg7L+pJhUn3GNE5LE=,uBysneWXoBenT5As8dthqe3WjO8=
37,38,UjP8eNrvakZg7L+pJhUn3GNE5LE=,uBysneWXoBenT5As8dthqe3WjO8=
38,38,UjP8eNrvakZg7L+pJhUn3GNE5LE=,uBysneWXoBenT5As8dthqe3WjO8=
36,33,UjP8eNrvakZg7L+pJhUn3GNE5LE=,uBysneWXoBenT5As8dthqe3WjO8=
33,38,UjP8eNrvakZg7L+pJhUn3GNE5LE=,uBysneWXoBenT5As8dthqe3WjO8=
34,38,UjP8eNrvakZg7L+pJhUn3GNE5LE=,uBysneWXoBenT5As8dthqe3WjO8=
36,34,UjP8eNrvakZg7L+pJhUn3GNE5LE=,uBysneWXoBenT5As8dthqe3WjO8=
37,34,UjP8eNrvakZg7L+pJhUn3GNE5LE=,uBysneWXoBenT5As8dthqe3WjO8=
38,34,UjP8eNrvakZg7L+pJhUn3GNE5LE=,uBysneWXoBenT5As8dthqe3WjO8=
34,34,UjP8eNrvakZg7L+pJhUn3GNE5LE=,uBysneWXoBenT5As8dthqe3WjO8=
35,34,UjP8eNrvakZg7L+pJhUn3GNE5LE=,uBysneWXoBenT5As8dthqe3WjO8=
37,37,UjP8eNrvakZg7L+pJhUn3GNE5LE=,uBysneWXoBenT5As8dthqe3WjO8=
36,37,UjP8eNrvakZg7L+pJhUn3GNE5LE=,uBysneWXoBenT5As8dthqe3WjO8=
35,40,UjP8eNrvakZg7L+pJhUn3GNE5LE=,s3Zj5Y63P/JbdES4LW+BtoyDfMs=
36,35,UjP8eNrvakZg7L+pJhUn3GNE5LE=,uBysneWXoBenT5As8dthqe3WjO8=
35,35,UjP8eNrvakZg7L+pJhUn3GNE5LE=,uBysneWXoBenT5As8dthqe3WjO8=
35,33,UjP8eNrvakZg7L+pJhUn3GNE5LE=,uBysneWXoBenT5As8dthqe3WjO8=
34,35,UjP8eNrvakZg7L+pJhUn3GNE5LE=,uBysneWXoBenT5As8dthqe3WjO8=
38,37,UjP8eNrvakZg7L+pJhUn3GNE5LE=,uBysneWXoBenT5As8dthqe3WjO8=
34,36,UjP8eNrvakZg7L+pJhUn3GNE5LE=,uBysneWXoBenT5As8dthqe3WjO8=
33,35,UjP8eNrvakZg7L+pJhUn3GNE5LE=,uBysneWXoBenT5As8dthqe3WjO8=
34,33,UjP8eNrvakZg7L+pJhUn3GNE5LE=,uBysneWXoBenT5As8dthqe3WjO8=
37,33,UjP8eNrvakZg7L+pJhUn3GNE5LE=,uBysneWXoBenT5As8dthqe3WjO8=
33,34,UjP8eNrvakZg7L+pJhUn3GNE5LE=,uBysneWXoBenT5As8dthqe3WjO8=
33,40,UjP8eNrvakZg7L+pJhUn3GNE5LE=,s3Zj5Y63P/JbdES4LW+BtoyDfMs=
37,39,UjP8eNrvakZg7L+pJhUn3GNE5LE=,uBysneWXoBenT5As8dthqe3WjO8=
35,39,UjP8eNrvakZg7L+pJhUn3GNE5LE=,uBysneWXoBenT5As8dthqe3WjO8=
38,39,UjP8eNrvakZg7L+pJhUn3GNE5LE=,uBysneWXoBenT5As8dthqe3WjO8=
38,33,UjP8eNrvakZg7L+pJhUn3GNE5LE=,uBysneWXoBenT5As8dthqe3WjO8=
34,40,UjP8eNrvakZg7L+pJhUn3GNE5LE=,s3Zj5Y63P/JbdES4LW+BtoyDfMs=
36,40,UjP8eNrvakZg7L+pJhUn3GNE5LE=,s3Zj5Y63P/JbdES4LW+BtoyDfMs=
36,38,UjP8eNrvakZg7L+pJhUn3GNE5LE=,uBysneWXoBenT5As8dthqe3WjO8=
33,36,UjP8eNrvakZg7L+pJhUn3GNE5LE=,uBysneWXoBenT5As8dthqe3WjO8=
43,35,UjP8eNrvakZg7L+pJhUn3GNE5LE=,DG+lACuEattmgiTPVQYzGbJ/pYA=
42,35,UjP8eNrvakZg7L+pJhUn3GNE5LE=,DG+lACuEattmgiTPVQYzGbJ/pYA=
46,39,UjP8eNrvakZg7L+pJhUn3GNE5LE=,DG+lACuEattmgiTPVQYzGbJ/pYA=
39,33,UjP8eNrvakZg7L+pJhUn3GNE5LE=,uBysneWXoBenT5As8dthqe3WjO8=
39,35,UjP8eNrvakZg7L+pJhUn3GNE5LE=,uBysneWXoBenT5As8dthqe3WjO8=
45,39,UjP8eNrvakZg7L+pJhUn3GNE5LE=,DG+lACuEattmgiTPVQYzGbJ/pYA=
40,35,UjP8eNrvakZg7L+pJhUn3GNE5LE=,DG+lACuEattmgiTPVQYzGbJ/pYA=
41,35,UjP8eNrvakZg7L+pJhUn3GNE5LE=,DG+lACuEattmgiTPVQYzGbJ/pYA=
41,39,UjP8eNrvakZg7L+pJhUn3GNE5LE=,DG+lACuEattmgiTPVQYzGbJ/pYA=
44,39,UjP8eNrvakZg7L+pJhUn3GNE5LE=,DG+lACuEattmgiTPVQYzGbJ/pYA=
43,39,UjP8eNrvakZg7L+pJhUn3GNE5LE=,DG+lACuEattmgiTPVQYzGbJ/pYA=
42,39,UjP8eNrvakZg7L+pJhUn3GNE5LE=,DG+lACuEattmgiTPVQYzGbJ/pYA=
42,34,UjP8eNrvakZg7L+pJhUn3GNE5LE=,DG+lACuEattmgiTPVQYzGbJ/pYA=
46,33,UjP8eNrvakZg7L+pJhUn3GNE5LE=,DG+lACuEattmgiTPVQYzGbJ/pYA=
40,34,UjP8eNrvakZg7L+pJhUn3GNE5LE=,DG+lACuEattmgiTPVQYzGbJ/pYA=
41,34,UjP8eNrvakZg7L+pJhUn3GNE5LE=,DG+lACuEattmgiTPVQYzGbJ/pYA=
45,33,UjP8eNrvakZg7L+pJhUn3GNE5LE=,DG+lACuEattmgiTPVQYzGbJ/pYA=
44,33,UjP8eNrvakZg7L+pJhUn3GNE5LE=,DG+lACuEattmgiTPVQYzGbJ/pYA=
46,38,UjP8eNrvakZg7L+pJhUn3GNE5LE=,DG+lACuEattmgiTPVQYzGbJ/pYA=
45,38,UjP8eNrvakZg7L+pJhUn3GNE5LE=,DG+lACuEattmgiTPVQYzGbJ/pYA=
42,33,UjP8eNrvakZg7L+pJhUn3GNE5LE=,DG+lACuEattmgiTPVQYzGbJ/pYA=
43,38,UjP8eNrvakZg7L+pJhUn3GNE5LE=,DG+lACuEattmgiTPVQYzGbJ/pYA=
44,38,UjP8eNrvakZg7L+pJhUn3GNE5LE=,DG+lACuEattmgiTPVQYzGbJ/pYA=
39,40,UjP8eNrvakZg7L+pJhUn3GNE5LE=,s3Zj5Y63P/JbdES4LW+BtoyDfMs=
41,38,UjP8eNrvakZg7L+pJhUn3GNE5LE=,DG+lACuEattmgiTPVQYzGbJ/pYA=
39,38,UjP8eNrvakZg7L+pJhUn3GNE5LE=,uBysneWXoBenT5As8dthqe3WjO8=
43,37,UjP8eNrvakZg7L+pJhUn3GNE5LE=,DG+lACuEattmgiTPVQYzGbJ/pYA=
41,37,UjP8eNrvakZg7L+pJhUn3GNE5LE=,DG+lACuEattmgiTPVQYzGbJ/pYA=
44,37,UjP8eNrvakZg7L+pJhUn3GNE5LE=,DG+lACuEattmgiTPVQYzGbJ/pYA=
44,36,UjP8eNrvakZg7L+pJhUn3GNE5LE=,DG+lACuEattmgiTPVQYzGbJ/pYA=
40,38,UjP8eNrvakZg7L+pJhUn3GNE5LE=,DG+lACuEattmgiTPVQYzGbJ/pYA=
46,34,UjP8eNrvakZg7L+pJhUn3GNE5LE=,DG+lACuEattmgiTPVQYzGbJ/pYA=
43,36,UjP8eNrvakZg7L+pJhUn3GNE5LE=,DG+lACuEattmgiTPVQYzGbJ/pYA=
44,40,UjP8eNrvakZg7L+pJhUn3GNE5LE=,AUxyqmfqmBoT7yVsJ1SrKtW7GEg=
45,40,UjP8eNrvakZg7L+pJhUn3GNE5LE=,AUxyqmfqmBoT7yVsJ1SrKtW7GEg=
46,36,UjP8eNrvakZg7L+pJhUn3GNE5LE=,DG+lACuEattmgiTPVQYzGbJ/pYA=
42,40,UjP8eNrvakZg7L+pJhUn3GNE5LE=,AUxyqmfqmBoT7yVsJ1SrKtW7GEg=
41,36,UjP8eNrvakZg7L+pJhUn3GNE5LE=,DG+lACuEattmgiTPVQYzGbJ/pYA=
45,36,UjP8eNrvakZg7L+pJhUn3GNE5LE=,DG+lACuEattmgiTPVQYzGbJ/pYA=
40,40,UjP8eNrvakZg7L+pJhUn3GNE5LE=,AUxyqmfqmBoT7yVsJ1SrKtW7GEg=
46,35,UjP8eNrvakZg7L+pJhUn3GNE5LE=,DG+lACuEattmgiTPVQYzGbJ/pYA=
45,37,UjP8eNrvakZg7L+pJhUn3GNE5LE=,DG+lACuEattmgiTPVQYzGbJ/pYA=
39,36,UjP8eNrvakZg7L+pJhUn3GNE5LE=,uBysneWXoBenT5As8dthqe3WjO8=
40,36,UjP8eNrvakZg7L+pJhUn3GNE5LE=,DG+lACuEattmgiTPVQYzGbJ/pYA=
39,39,UjP8eNrvakZg7L+pJhUn3GNE5LE=,uBysneWXoBenT5As8dthqe3WjO8=
44,35,UjP8eNrvakZg7L+pJhUn3GNE5LE=,DG+lACuEattmgiTPVQYzGbJ/pYA=
43,40,UjP8eNrvakZg7L+pJhUn3GNE5LE=,AUxyqmfqmBoT7yVsJ1SrKtW7GEg=
42,36,UjP8eNrvakZg7L+pJhUn3GNE5LE=,DG+lACuEattmgiTPVQYzGbJ/pYA=
43,34,UjP8eNrvakZg7L+pJhUn3GNE5LE=,DG+lACuEattmgiTPVQYzGbJ/pYA=
40,37,UjP8eNrvakZg7L+pJhUn3GNE5LE=,DG+lACuEattmgiTPVQYzGbJ/pYA=
39,34,UjP8eNrvakZg7L+pJhUn3GNE5LE=,uBysneWXoBenT5As8dthqe3WjO8=
40,33,UjP8eNrvakZg7L+pJhUn3GNE5LE=,DG+lACuEattmgiTPVQYzGbJ/pYA=
46,40,UjP8eNrvakZg7L+pJhUn3GNE5LE=,AUxyqmfqmBoT7yVsJ1SrKtW7GEg=
46,37,UjP8eNrvakZg7L+pJhUn3GNE5LE=,DG+lACuEattmgiTPVQYzGbJ/pYA=
41,33,UjP8eNrvakZg7L+pJhUn3GNE5LE=,DG+lACuEattmgiTPVQYzGbJ/pYA=
42,38,UjP8eNrvakZg7L+pJhUn3GNE5LE=,DG+lACuEattmgiTPVQYzGbJ/pYA=
41,40,UjP8eNrvakZg7L+pJhUn3GNE5LE=,AUxyqmfqmBoT7yVsJ1SrKtW7GEg=
44,34,UjP8eNrvakZg7L+pJhUn3GNE5LE=,DG+lACuEattmgiTPVQYzGbJ/pYA=
45,34,UjP8eNrvakZg7L+pJhUn3GNE5LE=,DG+lACuEattmgiTPVQYzGbJ/pYA=
42,37,UjP8eNrvakZg7L+pJhUn3GNE5LE=,DG+lACuEattmgiTPVQYzGbJ/pYA=
39,37,UjP8eNrvakZg7L+pJhUn3GNE5LE=,uBysneWXoBenT5As8dthqe3WjO8=
45,35,UjP8eNrvakZg7L+pJhUn3GNE5LE=,DG+lACuEattmgiTPVQYzGbJ/pYA=
40,39,UjP8eNrvakZg7L+pJhUn3GNE5LE=,DG+lACuEattmgiTPVQYzGbJ/pYA=
43,33,UjP8eNrvakZg7L+pJhUn3GNE5LE=,DG+lACuEattmgiTPVQYzGbJ/pYA=
47,35,UjP8eNrvakZg7L+pJhUn3GNE5LE=,DG+lACuEattmgiTPVQYzGbJ/pYA=
47,34,UjP8eNrvakZg7L+pJhUn3GNE5LE=,DG+lACuEattmgiTPVQYzGbJ/pYA=
47,33,UjP8eNrvakZg7L+pJhUn3GNE5LE=,DG+lACuEattmgiTPVQYzGbJ/pYA=
47,36,UjP8eNrvakZg7L+pJhUn3GNE5LE=,DG+lACuEattmgiTPVQYzGbJ/pYA=
47,37,UjP8eNrvakZg7L+pJhUn3GNE5LE=,DG+lACuEattmgiTPVQYzGbJ/pYA=
47,38,UjP8eNrvakZg7L+pJhUn3GNE5LE=,DG+lACuEattmgiTPVQYzGbJ/pYA=
47,45,UjP8eNrvakZg7L+pJhUn3GNE5LE=,AUxyqmfqmBoT7yVsJ1SrKtW7GEg=
47,39,UjP8eNrvakZg7L+pJhUn3GNE5LE=,DG+lACuEattmgiTPVQYzGbJ/pYA=
47,41,UjP8eNrvakZg7L+pJhUn3GNE5LE=,AUxyqmfqmBoT7yVsJ1SrKtW7GEg=
32,43,UjP8eNrvakZg7L+pJhUn3GNE5LE=,s3Zj5Y63P/JbdES4LW+BtoyDfMs=
32,44,UjP8eNrvakZg7L+pJhUn3GNE5LE=,s3Zj5Y63P/JbdES4LW+BtoyDfMs=
32,46,UjP8eNrvakZg7L+pJhUn3GNE5LE=,s3Zj5Y63P/JbdES4LW+BtoyDfMs=
47,46,UjP8eNrvakZg7L+pJhUn3GNE5LE=,AUxyqmfqmBoT7yVsJ1SrKtW7GEg=
41,47,UjP8eNrvakZg7L+pJhUn3GNE5LE=,AUxyqmfqmBoT7yVsJ1SrKtW7GEg=
44,47,UjP8eNrvakZg7L+pJhUn3GNE5LE=,AUxyqmfqmBoT7yVsJ1SrKtW7GEg=
46,47,UjP8eNrvakZg7L+pJhUn3GNE5LE=,AUxyqmfqmBoT7yVsJ1SrKtW7GEg=
45,47,UjP8eNrvakZg7L+pJhUn3GNE5LE=,AUxyqmfqmBoT7yVsJ1SrKtW7GEg=
32,42,UjP8eNrvakZg7L+pJhUn3GNE5LE=,s3Zj5Y63P/JbdES4LW+BtoyDfMs=
47,40,UjP8eNrvakZg7L+pJhUn3GNE5LE=,AUxyqmfqmBoT7yVsJ1SrKtW7GEg=
47,43,UjP8eNrvakZg7L+pJhUn3GNE5LE=,AUxyqmfqmBoT7yVsJ1SrKtW7GEg=
32,41,UjP8eNrvakZg7L+pJhUn3GNE5LE=,s3Zj5Y63P/JbdES4LW+BtoyDfMs=
32,45,UjP8eNrvakZg7L+pJhUn3GNE5LE=,s3Zj5Y63P/JbdES4LW+BtoyDfMs=
47,44,UjP8eNrvakZg7L+pJhUn3GNE5LE=,AUxyqmfqmBoT7yVsJ1SrKtW7GEg=
42,47,UjP8eNrvakZg7L+pJhUn3GNE5LE=,AUxyqmfqmBoT7yVsJ1SrKtW7GEg=
47,42,UjP8eNrvakZg7L+pJhUn3GNE5LE=,AUxyqmfqmBoT7yVsJ1SrKtW7GEg=
40,47,UjP8eNrvakZg7L+pJhUn3GNE5LE=,AUxyqmfqmBoT7yVsJ1SrKtW7GEg=
43,47,UjP8eNrvakZg7L+pJhUn3GNE5LE=,AUxyqmfqmBoT7yVsJ1SrKtW7GEg=
38,47,UjP8eNrvakZg7L+pJhUn3GNE5LE=,s3Zj5Y63P/JbdES4LW+BtoyDfMs=
36,47,UjP8eNrvakZg7L+pJhUn3GNE5LE=,s3Zj5Y63P/JbdES4LW+BtoyDfMs=
37,47,UjP8eNrvakZg7L+pJhUn3GNE5LE=,s3Zj5Y63P/JbdES4LW+BtoyDfMs=
33,47,UjP8eNrvakZg7L+pJhUn3GNE5LE=,s3Zj5Y63P/JbdES4LW+BtoyDfMs=
35,47,UjP8eNrvakZg7L+pJhUn3GNE5LE=,s3Zj5Y63P/JbdES4LW+BtoyDfMs=
34,47,UjP8eNrvakZg7L+pJhUn3GNE5LE=,s3Zj5Y63P/JbdES4LW+BtoyDfMs=
39,47,UjP8eNrvakZg7L+pJhUn3GNE5LE=,s3Zj5Y63P/JbdES4LW+BtoyDfMs=
46,32,C+vvTv6g9lTihyNlEq1Kq1/N5BE=,DG+lACuEattmgiTPVQYzGbJ/pYA=
43,32,C+vvTv6g9lTihyNlEq1Kq1/N5BE=,DG+lACuEattmgiTPVQYzGbJ/pYA=
44,32,C+vvTv6g9lTihyNlEq1Kq1/N5BE=,DG+lACuEattmgiTPVQYzGbJ/pYA=
41,32,C+vvTv6g9lTihyNlEq1Kq1/N5BE=,DG+lACuEattmgiTPVQYzGbJ/pYA=
42,32,C+vvTv6g9lTihyNlEq1Kq1/N5BE=,DG+lACuEattmgiTPVQYzGbJ/pYA=
47,32,C+vvTv6g9lTihyNlEq1Kq1/N5BE=,DG+lACuEattmgiTPVQYzGbJ/pYA=
32,37,C+vvTv6g9lTihyNlEq1Kq1/N5BE=,uBysneWXoBenT5As8dthqe3WjO8=
32,39,C+vvTv6g9lTihyNlEq1Kq1/N5BE=,uBysneWXoBenT5As8dthqe3WjO8=
32,40,C+vvTv6g9lTihyNlEq1Kq1/N5BE=,s3Zj5Y63P/JbdES4LW+BtoyDfMs=
32,38,C+vvTv6g9lTihyNlEq1Kq1/N5BE=,uBysneWXoBenT5As8dthqe3WjO8=
32,35,C+vvTv6g9lTihyNlEq1Kq1/N5BE=,uBysneWXoBenT5As8dthqe3WjO8=
32,34,C+vvTv6g9lTihyNlEq1Kq1/N5BE=,uBysneWXoBenT5As8dthqe3WjO8=
32,33,C+vvTv6g9lTihyNlEq1Kq1/N5BE=,uBysneWXoBenT5As8dthqe3WjO8=
32,36,C+vvTv6g9lTihyNlEq1Kq1/N5BE=,uBysneWXoBenT5As8dthqe3WjO8=
45,32,C+vvTv6g9lTihyNlEq1Kq1/N5BE=,DG+lACuEattmgiTPVQYzGbJ/pYA=
35,32,C+vvTv6g9lTihyNlEq1Kq1/N5BE=,uBysneWXoBenT5As8dthqe3WjO8=
39,32,C+vvTv6g9lTihyNlEq1Kq1/N5BE=,uBysneWXoBenT5As8dthqe3WjO8=
40,32,C+vvTv6g9lTihyNlEq1Kq1/N5BE=,DG+lACuEattmgiTPVQYzGbJ/pYA=
38,32,C+vvTv6g9lTihyNlEq1Kq1/N5BE=,uBysneWXoBenT5As8dthqe3WjO8=
37,32,C+vvTv6g9lTihyNlEq1Kq1/N5BE=,uBysneWXoBenT5As8dthqe3WjO8=
33,32,C+vvTv6g9lTihyNlEq1Kq1/N5BE=,uBysneWXoBenT5As8dthqe3WjO8=
34,32,C+vvTv6g9lTihyNlEq1Kq1/N5BE=,uBysneWXoBenT5As8dthqe3WjO8=
36,32,C+vvTv6g9lTihyNlEq1Kq1/N5BE=,uBysneWXoBenT5As8dthqe3WjO8=
32,47,C+vvTv6g9lTihyNlEq1Kq1/N5BE=,s3Zj5Y63P/JbdES4LW+BtoyDfMs=
47,47,C+vvTv6g9lTihyNlEq1Kq1/N5BE=,AUxyqmfqmBoT7yVsJ1SrKtW7GEg=
32,32,C+vvTv6g9lTihyNlEq1Kq1/N5BE=,uBysneWXoBenT5As8dthqe3WjO8=
43,61,YRm22qCrwmy2dBPkAerZly7WnKc=,+pFM8monzhlG67INGswoOa/ZBOg=
44,61,YRm22qCrwmy2dBPkAerZly7WnKc=,+pFM8monzhlG67INGswoOa/ZBOg=
45,60,YRm22qCrwmy2dBPkAerZly7WnKc=,+pFM8monzhlG67INGswoOa/ZBOg=
41,61,YRm22qCrwmy2dBPkAerZly7WnKc=,+pFM8monzhlG67INGswoOa/ZBOg=
42,61,YRm22qCrwmy2dBPkAerZly7WnKc=,+pFM8monzhlG67INGswoOa/ZBOg=
46,60,YRm22qCrwmy2dBPkAerZly7WnKc=,+pFM8monzhlG67INGswoOa/ZBOg=
44,60,YRm22qCrwmy2dBPkAerZly7WnKc=,+pFM8monzhlG67INGswoOa/ZBOg=
45,61,YRm22qCrwmy2dBPkAerZly7WnKc=,+pFM8monzhlG67INGswoOa/ZBOg=
43,60,YRm22qCrwmy2dBPkAerZly7WnKc=,+pFM8monzhlG67INGswoOa/ZBOg=
42,60,YRm22qCrwmy2dBPkAerZly7WnKc=,+pFM8monzhlG67INGswoOa/ZBOg=
41,60,YRm22qCrwmy2dBPkAerZly7WnKc=,+pFM8monzhlG67INGswoOa/ZBOg=
46,59,YRm22qCrwmy2dBPkAerZly7WnKc=,+pFM8monzhlG67INGswoOa/ZBOg=
45,59,YRm22qCrwmy2dBPkAerZly7WnKc=,+pFM8monzhlG67INGswoOa/ZBOg=
44,59,YRm22qCrwmy2dBPkAerZly7WnKc=,+pFM8monzhlG67INGswoOa/ZBOg=
42,59,YRm22qCrwmy2dBPkAerZly7WnKc=,+pFM8monzhlG67INGswoOa/ZBOg=
46,61,YRm22qCrwmy2dBPkAerZly7WnKc=,+pFM8monzhlG67INGswoOa/ZBOg=
45,58,YRm22qCrwmy2dBPkAerZly7WnKc=,+pFM8monzhlG67INGswoOa/ZBOg=
44,58,YRm22qCrwmy2dBPkAerZly7WnKc=,+pFM8monzhlG67INGswoOa/ZBOg=
43,58,YRm22qCrwmy2dBPkAerZly7WnKc=,+pFM8monzhlG67INGswoOa/ZBOg=
41,62,YRm22qCrwmy2dBPkAerZly7WnKc=,+pFM8monzhlG67INGswoOa/ZBOg=
46,57,dUv0DIUzJDifc6Eja1OrKT/ifpU=,+pFM8monzhlG67INGswoOa/ZBOg=
41,58,dUv0DIUzJDifc6Eja1OrKT/ifpU=,+pFM8monzhlG67INGswoOa/ZBOg=
45,57,dUv0DIUzJDifc6Eja1OrKT/ifpU=,+pFM8monzhlG67INGswoOa/ZBOg=
42,62,dUv0DIUzJDifc6Eja1OrKT/ifpU=,+pFM8monzhlG67INGswoOa/ZBOg=
44,57,dUv0DIUzJDifc6Eja1OrKT/ifpU=,+pFM8monzhlG67INGswoOa/ZBOg=
42,58,dUv0DIUzJDifc6Eja1OrKT/ifpU=,+pFM8monzhlG67INGswoOa/ZBOg=
46,62,dUv0DIUzJDifc6Eja1OrKT/ifpU=,+pFM8monzhlG67INGswoOa/ZBOg=
41,57,dUv0DIUzJDifc6Eja1OrKT/ifpU=,+pFM8monzhlG67INGswoOa/ZBOg=
44,62,dUv0DIUzJDifc6Eja1OrKT/ifpU=,+pFM8monzhlG67INGswoOa/ZBOg=
41,59,dUv0DIUzJDifc6Eja1OrKT/ifpU=,+pFM8monzhlG67INGswoOa/ZBOg=
43,59,dUv0DIUzJDifc6Eja1OrKT/ifpU=,+pFM8monzhlG67INGswoOa/ZBOg=
43,57,dUv0DIUzJDifc6Eja1OrKT/ifpU=,+pFM8monzhlG67INGswoOa/ZBOg=
42,57,dUv0DIUzJDifc6Eja1OrKT/ifpU=,+pFM8monzhlG67INGswoOa/ZBOg=
43,62,dUv0DIUzJDifc6Eja1OrKT/ifpU=,+pFM8monzhlG67INGswoOa/ZBOg=
40,61,dUv0DIUzJDifc6Eja1OrKT/ifpU=,+pFM8monzhlG67INGswoOa/ZBOg=
39,62,dUv0DIUzJDifc6Eja1OrKT/ifpU=,/12HtMXgzCZP+ywu9F9NIz/J1VE=
46,58,dUv0DIUzJDifc6Eja1OrKT/ifpU=,+pFM8monzhlG67INGswoOa/ZBOg=
38,62,dUv0DIUzJDifc6Eja1OrKT/ifpU=,/12HtMXgzCZP+ywu9F9NIz/J1VE=
35,62,dUv0DIUzJDifc6Eja1OrKT/ifpU=,/12HtMXgzCZP+ywu9F9NIz/J1VE=
34,62,dUv0DIUzJDifc6Eja1OrKT/ifpU=,/12HtMXgzCZP+ywu9F9NIz/J1VE=
39,61,dUv0DIUzJDifc6Eja1OrKT/ifpU=,/12HtMXgzCZP+ywu9F9NIz/J1VE=
40,60,dUv0DIUzJDifc6Eja1OrKT/ifpU=,+pFM8monzhlG67INGswoOa/ZBOg=
38,61,dUv0DIUzJDifc6Eja1OrKT/ifpU=,/12HtMXgzCZP+ywu9F9NIz/J1VE=
37,61,dUv0DIUzJDifc6Eja1OrKT/ifpU=,/12HtMXgzCZP+ywu9F9NIz/J1VE=
36,61,dUv0DIUzJDifc6Eja1OrKT/ifpU=,/12HtMXgzCZP+ywu9F9NIz/J1VE=
35,61,dUv0DIUzJDifc6Eja1OrKT/ifpU=,/12HtMXgzCZP+ywu9F9NIz/J1VE=
39,60,dUv0DIUzJDifc6Eja1OrKT/ifpU=,/12HtMXgzCZP+ywu9F9NIz/J1VE=
38,60,dUv0DIUzJDifc6Eja1OrKT/ifpU=,/12HtMXgzCZP+ywu9F9NIz/J1VE=
37,60,dUv0DIUzJDifc6Eja1OrKT/ifpU=,/12HtMXgzCZP+ywu9F9NIz/J1VE=
40,62,dUv0DIUzJDifc6Eja1OrKT/ifpU=,+pFM8monzhlG67INGswoOa/ZBOg=
34,61,dUv0DIUzJDifc6Eja1OrKT/ifpU=,/12HtMXgzCZP+ywu9F9NIz/J1VE=
36,60,dUv0DIUzJDifc6Eja1OrKT/ifpU=,/12HtMXgzCZP+ywu9F9NIz/J1VE=
45,62,dUv0DIUzJDifc6Eja1OrKT/ifpU=,+pFM8monzhlG67INGswoOa/ZBOg=
35,60,dUv0DIUzJDifc6Eja1OrKT/ifpU=,/12HtMXgzCZP+ywu9F9NIz/J1VE=
33,60,dUv0DIUzJDifc6Eja1OrKT/ifpU=,/12HtMXgzCZP+ywu9F9NIz/J1VE=
34,60,dUv0DIUzJDifc6Eja1OrKT/ifpU=,/12HtMXgzCZP+ywu9F9NIz/J1VE=
38,59,dUv0DIUzJDifc6Eja1OrKT/ifpU=,/12HtMXgzCZP+ywu9F9NIz/J1VE=
37,59,dUv0DIUzJDifc6Eja1OrKT/ifpU=,/12HtMXgzCZP+ywu9F9NIz/J1VE=
36,59,dUv0DIUzJDifc6Eja1OrKT/ifpU=,/12HtMXgzCZP+ywu9F9NIz/J1VE=
35,59,dUv0DIUzJDifc6Eja1OrKT/ifpU=,/12HtMXgzCZP+ywu9F9NIz/J1VE=
34,59,dUv0DIUzJDifc6Eja1OrKT/ifpU=,/12HtMXgzCZP+ywu9F9NIz/J1VE=
38,58,dUv0DIUzJDifc6Eja1OrKT/ifpU=,/12HtMXgzCZP+ywu9F9NIz/J1VE=
36,62,dUv0DIUzJDifc6Eja1OrKT/ifpU=,/12HtMXgzCZP+ywu9F9NIz/J1VE=
39,59,dUv0DIUzJDifc6Eja1OrKT/ifpU=,/12HtMXgzCZP+ywu9F9NIz/J1VE=
37,58,dUv0DIUzJDifc6Eja1OrKT/ifpU=,/12HtMXgzCZP+ywu9F9NIz/J1VE=
34,58,dUv0DIUzJDifc6Eja1OrKT/ifpU=,/12HtMXgzCZP+ywu9F9NIz/J1VE=
33,61,dUv0DIUzJDifc6Eja1OrKT/ifpU=,/12HtMXgzCZP+ywu9F9NIz/J1VE=
37,57,dUv0DIUzJDifc6Eja1OrKT/ifpU=,/12HtMXgzCZP+ywu9F9NIz/J1VE=
36,57,dUv0DIUzJDifc6Eja1OrKT/ifpU=,/12HtMXgzCZP+ywu9F9NIz/J1VE=
38,57,dUv0DIUzJDifc6Eja1OrKT/ifpU=,/12HtMXgzCZP+ywu9F9NIz/J1VE=
35,57,dUv0DIUzJDifc6Eja1OrKT/ifpU=,/12HtMXgzCZP+ywu9F9NIz/J1VE=
35,58,dUv0DIUzJDifc6Eja1OrKT/ifpU=,/12HtMXgzCZP+ywu9F9NIz/J1VE=
40,58,dUv0DIUzJDifc6Eja1OrKT/ifpU=,+pFM8monzhlG67INGswoOa/ZBOg=
40,57,dUv0DIUzJDifc6Eja1OrKT/ifpU=,+pFM8monzhlG67INGswoOa/ZBOg=
33,57,dUv0DIUzJDifc6Eja1OrKT/ifpU=,/12HtMXgzCZP+ywu9F9NIz/J1VE=
37,62,dUv0DIUzJDifc6Eja1OrKT/ifpU=,/12HtMXgzCZP+ywu9F9NIz/J1VE=
39,58,dUv0DIUzJDifc6Eja1OrKT/ifpU=,/12HtMXgzCZP+ywu9F9NIz/J1VE=
33,59,dUv0DIUzJDifc6Eja1OrKT/ifpU=,/12HtMXgzCZP+ywu9F9NIz/J1VE=
39,57,dUv0DIUzJDifc6Eja1OrKT/ifpU=,/12HtMXgzCZP+ywu9F9NIz/J1VE=
33,62,dUv0DIUzJDifc6Eja1OrKT/ifpU=,/12HtMXgzCZP+ywu9F9NIz/J1VE=
40,59,dUv0DIUzJDifc6Eja1OrKT/ifpU=,+pFM8monzhlG67INGswoOa/ZBOg=
33,58,dUv0DIUzJDifc6Eja1OrKT/ifpU=,/12HtMXgzCZP+ywu9F9NIz/J1VE=
35,51,dUv0DIUzJDifc6Eja1OrKT/ifpU=,XljAro4ljdrW4tR/FIfbgRWM5fI=
36,58,dUv0DIUzJDifc6Eja1OrKT/ifpU=,/12HtMXgzCZP+ywu9F9NIz/J1VE=
36,55,dUv0DIUzJDifc6Eja1OrKT/ifpU=,XljAro4ljdrW4tR/FIfbgRWM5fI=
36,51,dUv0DIUzJDifc6Eja1OrKT/ifpU=,XljAro4ljdrW4tR/FIfbgRWM5fI=
37,50,dUv0DIUzJDifc6Eja1OrKT/ifpU=,XljAro4ljdrW4tR/FIfbgRWM5fI=
38,55,dUv0DIUzJDifc6Eja1OrKT/ifpU=,XljAro4ljdrW4tR/FIfbgRWM5fI=
37,55,dUv0DIUzJDifc6Eja1OrKT/ifpU=,XljAro4ljdrW4tR/FIfbgRWM5fI=
35,55,dUv0DIUzJDifc6Eja1OrKT/ifpU=,XljAro4ljdrW4tR/FIfbgRWM5fI=
34,51,dUv0DIUzJDifc6Eja1OrKT/ifpU=,XljAro4ljdrW4tR/FIfbgRWM5fI=
34,55,dUv0DIUzJDifc6Eja1OrKT/ifpU=,XljAro4ljdrW4tR/FIfbgRWM5fI=
33,55,dUv0DIUzJDifc6Eja1OrKT/ifpU=,XljAro4ljdrW4tR/FIfbgRWM5fI=
36,50,dUv0DIUzJDifc6Eja1OrKT/ifpU=,XljAro4ljdrW4tR/FIfbgRWM5fI=
37,51,dUv0DIUzJDifc6Eja1OrKT/ifpU=,XljAro4ljdrW4tR/FIfbgRWM5fI=
33,49,dUv0DIUzJDifc6Eja1OrKT/ifpU=,XljAro4ljdrW4tR/FIfbgRWM5fI=
37,54,dUv0DIUzJDifc6Eja1OrKT/ifpU=,XljAro4ljdrW4tR/FIfbgRWM5fI=
37,49,dUv0DIUzJDifc6Eja1OrKT/ifpU=,XljAro4ljdrW4tR/FIfbgRWM5fI=
36,49,dUv0DIUzJDifc6Eja1OrKT/ifpU=,XljAro4ljdrW4tR/FIfbgRWM5fI=
33,54,dUv0DIUzJDifc6Eja1OrKT/ifpU=,XljAro4ljdrW4tR/FIfbgRWM5fI=
34,54,dUv0DIUzJDifc6Eja1OrKT/ifpU=,XljAro4ljdrW4tR/FIfbgRWM5fI=
38,53,dUv0DIUzJDifc6Eja1OrKT/ifpU=,XljAro4ljdrW4tR/FIfbgRWM5fI=
35,53,dUv0DIUzJDifc6Eja1OrKT/ifpU=,XljAro4ljdrW4tR/FIfbgRWM5fI=
33,51,dUv0DIUzJDifc6Eja1OrKT/ifpU=,XljAro4ljdrW4tR/FIfbgRWM5fI=
34,53,dUv0DIUzJDifc6Eja1OrKT/ifpU=,XljAro4ljdrW4tR/FIfbgRWM5fI=
33,53,dUv0DIUzJDifc6Eja1OrKT/ifpU=,XljAro4ljdrW4tR/FIfbgRWM5fI=
38,52,dUv0DIUzJDifc6Eja1OrKT/ifpU=,XljAro4ljdrW4tR/FIfbgRWM5fI=
38,51,dUv0DIUzJDifc6Eja1OrKT/ifpU=,XljAro4ljdrW4tR/FIfbgRWM5fI=
38,56,dUv0DIUzJDifc6Eja1OrKT/ifpU=,/12HtMXgzCZP+ywu9F9NIz/J1VE=
36,52,dUv0DIUzJDifc6Eja1OrKT/ifpU=,XljAro4ljdrW4tR/FIfbgRWM5fI=
34,56,dUv0DIUzJDifc6Eja1OrKT/ifpU=,/12HtMXgzCZP+ywu9F9NIz/J1VE=
34,57,dUv0DIUzJDifc6Eja1OrKT/ifpU=,/12HtMXgzCZP+ywu9F9NIz/J1VE=
38,50,dUv0DIUzJDifc6Eja1OrKT/ifpU=,XljAro4ljdrW4tR/FIfbgRWM5fI=
37,52,dUv0DIUzJDifc6Eja1OrKT/ifpU=,XljAro4ljdrW4tR/FIfbgRWM5fI=
34,50,dUv0DIUzJDifc6Eja1OrKT/ifpU=,XljAro4ljdrW4tR/FIfbgRWM5fI=
34,52,dUv0DIUzJDifc6Eja1OrKT/ifpU=,XljAro4ljdrW4tR/FIfbgRWM5fI=
38,49,dUv0DIUzJDifc6Eja1OrKT/ifpU=,XljAro4ljdrW4tR/FIfbgRWM5fI=
37,53,dUv0DIUzJDifc6Eja1OrKT/ifpU=,XljAro4ljdrW4tR/FIfbgRWM5fI=
38,54,dUv0DIUzJDifc6Eja1OrKT/ifpU=,XljAro4ljdrW4tR/FIfbgRWM5fI=
36,54,dUv0DIUzJDifc6Eja1OrKT/ifpU=,XljAro4ljdrW4tR/FIfbgRWM5fI=
34,49,dUv0DIUzJDifc6Eja1OrKT/ifpU=,XljAro4ljdrW4tR/FIfbgRWM5fI=
35,49,dUv0DIUzJDifc6Eja1OrKT/ifpU=,XljAro4ljdrW4tR/FIfbgRWM5fI=
37,56,dUv0DIUzJDifc6Eja1OrKT/ifpU=,/12HtMXgzCZP+ywu9F9NIz/J1VE=
33,52,dUv0DIUzJDifc6Eja1OrKT/ifpU=,XljAro4ljdrW4tR/FIfbgRWM5fI=
35,56,dUv0DIUzJDifc6Eja1OrKT/ifpU=,/12HtMXgzCZP+ywu9F9NIz/J1VE=
36,56,dUv0DIUzJDifc6Eja1OrKT/ifpU=,/12HtMXgzCZP+ywu9F9NIz/J1VE=
36,53,dUv0DIUzJDifc6Eja1OrKT/ifpU=,XljAro4ljdrW4tR/FIfbgRWM5fI=
35,52,dUv0DIUzJDifc6Eja1OrKT/ifpU=,XljAro4ljdrW4tR/FIfbgRWM5fI=
44,55,dUv0DIUzJDifc6Eja1OrKT/ifpU=,gtMMEA1PpbBboo3E/YhsFtam+CY=
45,55,dUv0DIUzJDifc6Eja1OrKT/ifpU=,gtMMEA1PpbBboo3E/YhsFtam+CY=
41,51,dUv0DIUzJDifc6Eja1OrKT/ifpU=,gtMMEA1PpbBboo3E/YhsFtam+CY=
46,50,dUv0DIUzJDifc6Eja1OrKT/ifpU=,gtMMEA1PpbBboo3E/YhsFtam+CY=
43,55,dUv0DIUzJDifc6Eja1OrKT/ifpU=,gtMMEA1PpbBboo3E/YhsFtam+CY=
42,51,dUv0DIUzJDifc6Eja1OrKT/ifpU=,gtMMEA1PpbBboo3E/YhsFtam+CY=
44,50,dUv0DIUzJDifc6Eja1OrKT/ifpU=,gtMMEA1PpbBboo3E/YhsFtam+CY=
33,50,dUv0DIUzJDifc6Eja1OrKT/ifpU=,XljAro4ljdrW4tR/FIfbgRWM5fI=
33,56,dUv0DIUzJDifc6Eja1OrKT/ifpU=,/12HtMXgzCZP+ywu9F9NIz/J1VE=
35,50,dUv0DIUzJDifc6Eja1OrKT/ifpU=,XljAro4ljdrW4tR/FIfbgRWM5fI=
35,54,dUv0DIUzJDifc6Eja1OrKT/ifpU=,XljAro4ljdrW4tR/FIfbgRWM5fI=
42,55,dUv0DIUzJDifc6Eja1OrKT/ifpU=,gtMMEA1PpbBboo3E/YhsFtam+CY=
39,49,dUv0DIUzJDifc6Eja1OrKT/ifpU=,XljAro4ljdrW4tR/FIfbgRWM5fI=
45,54,dUv0DIUzJDifc6Eja1OrKT/ifpU=,gtMMEA1PpbBboo3E/YhsFtam+CY=
43,50,dUv0DIUzJDifc6Eja1OrKT/ifpU=,gtMMEA1PpbBboo3E/YhsFtam+CY=
44,54,dUv0DIUzJDifc6Eja1OrKT/ifpU=,gtMMEA1PpbBboo3E/YhsFtam+CY=
45,53,dUv0DIUzJDifc6Eja1OrKT/ifpU=,gtMMEA1PpbBboo3E/YhsFtam+CY=
46,53,dUv0DIUzJDifc6Eja1OrKT/ifpU=,gtMMEA1PpbBboo3E/YhsFtam+CY=
41,54,dUv0DIUzJDifc6Eja1OrKT/ifpU=,gtMMEA1PpbBboo3E/YhsFtam+CY=
46,49,dUv0DIUzJDifc6Eja1OrKT/ifpU=,gtMMEA1PpbBboo3E/YhsFtam+CY=
45,49,dUv0DIUzJDifc6Eja1OrKT/ifpU=,gtMMEA1PpbBboo3E/YhsFtam+CY=
40,50,dUv0DIUzJDifc6Eja1OrKT/ifpU=,gtMMEA1PpbBboo3E/YhsFtam+CY=
40,54,dUv0DIUzJDifc6Eja1OrKT/ifpU=,gtMMEA1PpbBboo3E/YhsFtam+CY=
44,53,dUv0DIUzJDifc6Eja1OrKT/ifpU=,gtMMEA1PpbBboo3E/YhsFtam+CY=
41,50,dUv0DIUzJDifc6Eja1OrKT/ifpU=,gtMMEA1PpbBboo3E/YhsFtam+CY=
41,55,dUv0DIUzJDifc6Eja1OrKT/ifpU=,gtMMEA1PpbBboo3E/YhsFtam+CY=
46,54,dUv0DIUzJDifc6Eja1OrKT/ifpU=,gtMMEA1PpbBboo3E/YhsFtam+CY=
39,54,dUv0DIUzJDifc6Eja1OrKT/ifpU=,XljAro4ljdrW4tR/FIfbgRWM5fI=
39,53,dUv0DIUzJDifc6Eja1OrKT/ifpU=,XljAro4ljdrW4tR/FIfbgRWM5fI=
45,50,dUv0DIUzJDifc6Eja1OrKT/ifpU=,gtMMEA1PpbBboo3E/YhsFtam+CY=
39,55,dUv0DIUzJDifc6Eja1OrKT/ifpU=,XljAro4ljdrW4tR/FIfbgRWM5fI=
42,54,dUv0DIUzJDifc6Eja1OrKT/ifpU=,gtMMEA1PpbBboo3E/YhsFtam+CY=
43,54,dUv0DIUzJDifc6Eja1OrKT/ifpU=,gtMMEA1PpbBboo3E/YhsFtam+CY=
43,51,dUv0DIUzJDifc6Eja1OrKT/ifpU=,gtMMEA1PpbBboo3E/YhsFtam+CY=
42,50,dUv0DIUzJDifc6Eja1OrKT/ifpU=,gtMMEA1PpbBboo3E/YhsFtam+CY=
46,55,dUv0DIUzJDifc6Eja1OrKT/ifpU=,gtMMEA1PpbBboo3E/YhsFtam+CY=
40,55,dUv0DIUzJDifc6Eja1OrKT/ifpU=,gtMMEA1PpbBboo3E/YhsFtam+CY=
44,51,dUv0DIUzJDifc6Eja1OrKT/ifpU=,gtMMEA1PpbBboo3E/YhsFtam+CY=
41,49,dUv0DIUzJDifc6Eja1OrKT/ifpU=,gtMMEA1PpbBboo3E/YhsFtam+CY=
43,53,dUv0DIUzJDifc6Eja1OrKT/ifpU=,gtMMEA1PpbBboo3E/YhsFtam+CY=
40,51,dUv0DIUzJDifc6Eja1OrKT/ifpU=,gtMMEA1PpbBboo3E/YhsFtam+CY=
46,52,dUv0DIUzJDifc6Eja1OrKT/ifpU=,gtMMEA1PpbBboo3E/YhsFtam+CY=
39,52,dUv0DIUzJDifc6Eja1OrKT/ifpU=,XljAro4ljdrW4tR/FIfbgRWM5fI=
46,56,dUv0DIUzJDifc6Eja1OrKT/ifpU=,+pFM8monzhlG67INGswoOa/ZBOg=
44,49,dUv0DIUzJDifc6Eja1OrKT/ifpU=,gtMMEA1PpbBboo3E/YhsFtam+CY=
44,56,dUv0DIUzJDifc6Eja1OrKT/ifpU=,+pFM8monzhlG67INGswoOa/ZBOg=
43,56,dUv0DIUzJDifc6Eja1OrKT/ifpU=,+pFM8monzhlG67INGswoOa/ZBOg=
42,56,dUv0DIUzJDifc6Eja1OrKT/ifpU=,+pFM8monzhlG67INGswoOa/ZBOg=
40,52,dUv0DIUzJDifc6Eja1OrKT/ifpU=,gtMMEA1PpbBboo3E/YhsFtam+CY=
39,51,dUv0DIUzJDifc6Eja1OrKT/ifpU=,XljAro4ljdrW4tR/FIfbgRWM5fI=
46,51,dUv0DIUzJDifc6Eja1OrKT/ifpU=,gtMMEA1PpbBboo3E/YhsFtam+CY=
39,56,dUv0DIUzJDifc6Eja1OrKT/ifpU=,/12HtMXgzCZP+ywu9F9NIz/J1VE=
40,53,dUv0DIUzJDifc6Eja1OrKT/ifpU=,gtMMEA1PpbBboo3E/YhsFtam+CY=
40,49,dUv0DIUzJDifc6Eja1OrKT/ifpU=,gtMMEA1PpbBboo3E/YhsFtam+CY=
41,56,dUv0DIUzJDifc6Eja1OrKT/ifpU=,+pFM8monzhlG67INGswoOa/ZBOg=
45,51,dUv0DIUzJDifc6Eja1OrKT/ifpU=,gtMMEA1PpbBboo3E/YhsFtam+CY=
45,56,dUv0DIUzJDifc6Eja1OrKT/ifpU=,+pFM8monzhlG67INGswoOa/ZBOg=
42,53,dUv0DIUzJDifc6Eja1OrKT/ifpU=,gtMMEA1PpbBboo3E/YhsFtam+CY=
39,50,dUv0DIUzJDifc6Eja1OrKT/ifpU=,XljAro4ljdrW4tR/FIfbgRWM5fI=
42,49,dUv0DIUzJDifc6Eja1OrKT/ifpU=,gtMMEA1PpbBboo3E/YhsFtam+CY=
41,52,dUv0DIUzJDifc6Eja1OrKT/ifpU=,gtMMEA1PpbBboo3E/YhsFtam+CY=
45,52,dUv0DIUzJDifc6Eja1OrKT/ifpU=,gtMMEA1PpbBboo3E/YhsFtam+CY=
40,56,dUv0DIUzJDifc6Eja1OrKT/ifpU=,+pFM8monzhlG67INGswoOa/ZBOg=
44,52,dUv0DIUzJDifc6Eja1OrKT/ifpU=,gtMMEA1PpbBboo3E/YhsFtam+CY=
42,52,dUv0DIUzJDifc6Eja1OrKT/ifpU=,gtMMEA1PpbBboo3E/YhsFtam+CY=
41,53,dUv0DIUzJDifc6Eja1OrKT/ifpU=,gtMMEA1PpbBboo3E/YhsFtam+CY=
43,52,dUv0DIUzJDifc6Eja1OrKT/ifpU=,gtMMEA1PpbBboo3E/YhsFtam+CY=
43,49,dUv0DIUzJDifc6Eja1OrKT/ifpU=,gtMMEA1PpbBboo3E/YhsFtam+CY=
47,52,dUv0DIUzJDifc6Eja1OrKT/ifpU=,gtMMEA1PpbBboo3E/YhsFtam+CY=
47,54,dUv0DIUzJDifc6Eja1OrKT/ifpU=,gtMMEA1PpbBboo3E/YhsFtam+CY=
47,50,dUv0DIUzJDifc6Eja1OrKT/ifpU=,gtMMEA1PpbBboo3E/YhsFtam+CY=
47,53,dUv0DIUzJDifc6Eja1OrKT/ifpU=,gtMMEA1PpbBboo3E/YhsFtam+CY=
47,49,dUv0DIUzJDifc6Eja1OrKT/ifpU=,gtMMEA1PpbBboo3E/YhsFtam+CY=
47,51,dUv0DIUzJDifc6Eja1OrKT/ifpU=,gtMMEA1PpbBboo3E/YhsFtam+CY=
47,61,dUv0DIUzJDifc6Eja1OrKT/ifpU=,+pFM8monzhlG67INGswoOa/ZBOg=
47,60,dUv0DIUzJDifc6Eja1OrKT/ifpU=,+pFM8monzhlG67INGswoOa/ZBOg=
47,55,dUv0DIUzJDifc6Eja1OrKT/ifpU=,gtMMEA1PpbBboo3E/YhsFtam+CY=
47,59,dUv0DIUzJDifc6Eja1OrKT/ifpU=,+pFM8monzhlG67INGswoOa/ZBOg=
47,58,dUv0DIUzJDifc6Eja1OrKT/ifpU=,+pFM8monzhlG67INGswoOa/ZBOg=
47,57,dUv0DIUzJDifc6Eja1OrKT/ifpU=,+pFM8monzhlG67INGswoOa/ZBOg=
47,56,dUv0DIUzJDifc6Eja1OrKT/ifpU=,+pFM8monzhlG67INGswoOa/ZBOg=
41,63,dUv0DIUzJDifc6Eja1OrKT/ifpU=,+pFM8monzhlG67INGswoOa/ZBOg=
32,60,dUv0DIUzJDifc6Eja1OrKT/ifpU=,/12HtMXgzCZP+ywu9F9NIz/J1VE=
32,61,dUv0DIUzJDifc6Eja1OrKT/ifpU=,/12HtMXgzCZP+ywu9F9NIz/J1VE=
32,62,dUv0DIUzJDifc6Eja1OrKT/ifpU=,/12HtMXgzCZP+ywu9F9NIz/J1VE=
32,57,dUv0DIUzJDifc6Eja1OrKT/ifpU=,/12HtMXgzCZP+ywu9F9NIz/J1VE=
32,58,dUv0DIUzJDifc6Eja1OrKT/ifpU=,/12HtMXgzCZP+ywu9F9NIz/J1VE=
47,62,dUv0DIUzJDifc6Eja1OrKT/ifpU=,+pFM8monzhlG67INGswoOa/ZBOg=
42,63,dUv0DIUzJDifc6Eja1OrKT/ifpU=,+pFM8monzhlG67INGswoOa/ZBOg=
45,63,dUv0DIUzJDifc6Eja1OrKT/ifpU=,+pFM8monzhlG67INGswoOa/ZBOg=
44,63,dUv0DIUzJDifc6Eja1OrKT/ifpU=,+pFM8monzhlG67INGswoOa/ZBOg=
43,63,dUv0DIUzJDifc6Eja1OrKT/ifpU=,+pFM8monzhlG67INGswoOa/ZBOg=
46,63,dUv0DIUzJDifc6Eja1OrKT/ifpU=,+pFM8monzhlG67INGswoOa/ZBOg=
32,59,dUv0DIUzJDifc6Eja1OrKT/ifpU=,/12HtMXgzCZP+ywu9F9NIz/J1VE=
36,63,dUv0DIUzJDifc6Eja1OrKT/ifpU=,/12HtMXgzCZP+ywu9F9NIz/J1VE=
40,63,dUv0DIUzJDifc6Eja1OrKT/ifpU=,+pFM8monzhlG67INGswoOa/ZBOg=
39,63,dUv0DIUzJDifc6Eja1OrKT/ifpU=,/12HtMXgzCZP+ywu9F9NIz/J1VE=
35,63,dUv0DIUzJDifc6Eja1OrKT/ifpU=,/12HtMXgzCZP+ywu9F9NIz/J1VE=
34,63,dUv0DIUzJDifc6Eja1OrKT/ifpU=,/12HtMXgzCZP+ywu9F9NIz/J1VE=
33,63,dUv0DIUzJDifc6Eja1OrKT/ifpU=,/12HtMXgzCZP+ywu9F9NIz/J1VE=
38,63,dUv0DIUzJDifc6Eja1OrKT/ifpU=,/12HtMXgzCZP+ywu9F9NIz/J1VE=
37,63,dUv0DIUzJDifc6Eja1OrKT/ifpU=,/12HtMXgzCZP+ywu9F9NIz/J1VE=
32,49,dUv0DIUzJDifc6Eja1OrKT/ifpU=,XljAro4ljdrW4tR/FIfbgRWM5fI=
32,55,dUv0DIUzJDifc6Eja1OrKT/ifpU=,XljAro4ljdrW4tR/FIfbgRWM5fI=
32,51,dUv0DIUzJDifc6Eja1OrKT/ifpU=,XljAro4ljdrW4tR/FIfbgRWM5fI=
32,56,dUv0DIUzJDifc6Eja1OrKT/ifpU=,/12HtMXgzCZP+ywu9F9NIz/J1VE=
32,53,dUv0DIUzJDifc6Eja1OrKT/ifpU=,XljAro4ljdrW4tR/FIfbgRWM5fI=
32,54,dUv0DIUzJDifc6Eja1OrKT/ifpU=,XljAro4ljdrW4tR/FIfbgRWM5fI=
32,52,dUv0DIUzJDifc6Eja1OrKT/ifpU=,XljAro4ljdrW4tR/FIfbgRWM5fI=
32,50,dUv0DIUzJDifc6Eja1OrKT/ifpU=,XljAro4ljdrW4tR/FIfbgRWM5fI=
32,63,dUv0DIUzJDifc6Eja1OrKT/ifpU=,/12HtMXgzCZP+ywu9F9NIz/J1VE=
45,48,dUv0DIUzJDifc6Eja1OrKT/ifpU=,gtMMEA1PpbBboo3E/YhsFtam+CY=
44,48,dUv0DIUzJDifc6Eja1OrKT/ifpU=,gtMMEA1PpbBboo3E/YhsFtam+CY=
47,48,dUv0DIUzJDifc6Eja1OrKT/ifpU=,gtMMEA1PpbBboo3E/YhsFtam+CY=
43,48,dUv0DIUzJDifc6Eja1OrKT/ifpU=,gtMMEA1PpbBboo3E/YhsFtam+CY=
42,48,dUv0DIUzJDifc6Eja1OrKT/ifpU=,gtMMEA1PpbBboo3E/YhsFtam+CY=
41,48,dUv0DIUzJDifc6Eja1OrKT/ifpU=,gtMMEA1PpbBboo3E/YhsFtam+CY=
33,48,dUv0DIUzJDifc6Eja1OrKT/ifpU=,XljAro4ljdrW4tR/FIfbgRWM5fI=
34,48,dUv0DIUzJDifc6Eja1OrKT/ifpU=,XljAro4ljdrW4tR/FIfbgRWM5fI=
40,48,dUv0DIUzJDifc6Eja1OrKT/ifpU=,gtMMEA1PpbBboo3E/YhsFtam+CY=
46,48,dUv0DIUzJDifc6Eja1OrKT/ifpU=,gtMMEA1PpbBboo3E/YhsFtam+CY=
39,48,dUv0DIUzJDifc6Eja1OrKT/ifpU=,XljAro4ljdrW4tR/FIfbgRWM5fI=
35,48,dUv0DIUzJDifc6Eja1OrKT/ifpU=,XljAro4ljdrW4tR/FIfbgRWM5fI=
32,48,dUv0DIUzJDifc6Eja1OrKT/ifpU=,XljAro4ljdrW4tR/FIfbgRWM5fI=
36,48,dUv0DIUzJDifc6Eja1OrKT/ifpU=,XljAro4ljdrW4tR/FIfbgRWM5fI=
38,48,dUv0DIUzJDifc6Eja1OrKT/ifpU=,XljAro4ljdrW4tR/FIfbgRWM5fI=
47,63,dUv0DIUzJDifc6Eja1OrKT/ifpU=,+pFM8monzhlG67INGswoOa/ZBOg=
37,48,dUv0DIUzJDifc6Eja1OrKT/ifpU=,XljAro4ljdrW4tR/FIfbgRWM5fI=
49,52,0yAPxGpfTtXSS4HtvAFWCjUTC+Y=,otdhK+/9xRYUUXDc3JojG+tQNPQ=
53,54,0yAPxGpfTtXSS4HtvAFWCjUTC+Y=,otdhK+/9xRYUUXDc3JojG+tQNPQ=
49,51,0yAPxGpfTtXSS4HtvAFWCjUTC+Y=,otdhK+/9xRYUUXDc3JojG+tQNPQ=
53,53,0yAPxGpfTtXSS4HtvAFWCjUTC+Y=,otdhK+/9xRYUUXDc3JojG+tQNPQ=
49,49,0yAPxGpfTtXSS4HtvAFWCjUTC+Y=,otdhK+/9xRYUUXDc3JojG+tQNPQ=
52,54,0yAPxGpfTtXSS4HtvAFWCjUTC+Y=,otdhK+/9xRYUUXDc3JojG+tQNPQ=
50,50,0yAPxGpfTtXSS4HtvAFWCjUTC+Y=,otdhK+/9xRYUUXDc3JojG+tQNPQ=
60,51,0yAPxGpfTtXSS4HtvAFWCjUTC+Y=,7Pd2tFJKJeSExYeJAIIYW4c6kO0=
51,53,0yAPxGpfTtXSS4HtvAFWCjUTC+Y=,otdhK+/9xRYUUXDc3JojG+tQNPQ=
50,53,0yAPxGpfTtXSS4HtvAFWCjUTC+Y=,otdhK+/9xRYUUXDc3JojG+tQNPQ=
61,51,0yAPxGpfTtXSS4HtvAFWCjUTC+Y=,7Pd2tFJKJeSExYeJAIIYW4c6kO0=
53,49,0yAPxGpfTtXSS4HtvAFWCjUTC+Y=,otdhK+/9xRYUUXDc3JojG+tQNPQ=
52,49,0yAPxGpfTtXSS4HtvAFWCjUTC+Y=,otdhK+/9xRYUUXDc3JojG+tQNPQ=
51,54,0yAPxGpfTtXSS4HtvAFWCjUTC+Y=,otdhK+/9xRYUUXDc3JojG+tQNPQ=
54,52,0yAPxGpfTtXSS4HtvAFWCjUTC+Y=,otdhK+/9xRYUUXDc3JojG+tQNPQ=
52,52,0yAPxGpfTtXSS4HtvAFWCjUTC+Y=,otdhK+/9xRYUUXDc3JojG+tQNPQ=
50,54,0yAPxGpfTtXSS4HtvAFWCjUTC+Y=,otdhK+/9xRYUUXDc3JojG+tQNPQ=
50,52,0yAPxGpfTtXSS4HtvAFWCjUTC+Y=,otdhK+/9xRYUUXDc3JojG+tQNPQ=
53,52,0yAPxGpfTtXSS4HtvAFWCjUTC+Y=,otdhK+/9xRYUUXDc3JojG+tQNPQ=
51,52,0yAPxGpfTtXSS4HtvAFWCjUTC+Y=,otdhK+/9xRYUUXDc3JojG+tQNPQ=
54,51,0yAPxGpfTtXSS4HtvAFWCjUTC+Y=,otdhK+/9xRYUUXDc3JojG+tQNPQ=
52,51,0yAPxGpfTtXSS4HtvAFWCjUTC+Y=,otdhK+/9xRYUUXDc3JojG+tQNPQ=
49,53,0yAPxGpfTtXSS4HtvAFWCjUTC+Y=,otdhK+/9xRYUUXDc3JojG+tQNPQ=
53,51,0yAPxGpfTtXSS4HtvAFWCjUTC+Y=,otdhK+/9xRYUUXDc3JojG+tQNPQ=
54,54,0yAPxGpfTtXSS4HtvAFWCjUTC+Y=,otdhK+/9xRYUUXDc3JojG+tQNPQ=
53,50,0yAPxGpfTtXSS4HtvAFWCjUTC+Y=,otdhK+/9xRYUUXDc3JojG+tQNPQ=
51,51,0yAPxGpfTtXSS4HtvAFWCjUTC+Y=,otdhK+/9xRYUUXDc3JojG+tQNPQ=
59,51,0yAPxGpfTtXSS4HtvAFWCjUTC+Y=,7Pd2tFJKJeSExYeJAIIYW4c6kO0=
50,51,0yAPxGpfTtXSS4HtvAFWCjUTC+Y=,otdhK+/9xRYUUXDc3JojG+tQNPQ=
52,53,0yAPxGpfTtXSS4HtvAFWCjUTC+Y=,otdhK+/9xRYUUXDc3JojG+tQNPQ=
52,50,0yAPxGpfTtXSS4HtvAFWCjUTC+Y=,otdhK+/9xRYUUXDc3JojG+tQNPQ=
54,53,0yAPxGpfTtXSS4HtvAFWCjUTC+Y=,otdhK+/9xRYUUXDc3JojG+tQNPQ=
58,51,0yAPxGpfTtXSS4HtvAFWCjUTC+Y=,7Pd2tFJKJeSExYeJAIIYW4c6kO0=
56,51,0yAPxGpfTtXSS4HtvAFWCjUTC+Y=,7Pd2tFJKJeSExYeJAIIYW4c6kO0=
61,50,0yAPxGpfTtXSS4HtvAFWCjUTC+Y=,7Pd2tFJKJeSExYeJAIIYW4c6kO0=
59,50,0yAPxGpfTtXSS4HtvAFWCjUTC+Y=,7Pd2tFJKJeSExYeJAIIYW4c6kO0=
62,50,0yAPxGpfTtXSS4HtvAFWCjUTC+Y=,7Pd2tFJKJeSExYeJAIIYW4c6kO0=
60,50,0yAPxGpfTtXSS4HtvAFWCjUTC+Y=,7Pd2tFJKJeSExYeJAIIYW4c6kO0=
62,51,0yAPxGpfTtXSS4HtvAFWCjUTC+Y=,7Pd2tFJKJeSExYeJAIIYW4c6kO0=
62,54,0yAPxGpfTtXSS4HtvAFWCjUTC+Y=,7Pd2tFJKJeSExYeJAIIYW4c6kO0=
61,54,0yAPxGpfTtXSS4HtvAFWCjUTC+Y=,7Pd2tFJKJeSExYeJAIIYW4c6kO0=
60,54,0yAPxGpfTtXSS4HtvAFWCjUTC+Y=,7Pd2tFJKJeSExYeJAIIYW4c6kO0=
56,52,0yAPxGpfTtXSS4HtvAFWCjUTC+Y=,7Pd2tFJKJeSExYeJAIIYW4c6kO0=
58,54,0yAPxGpfTtXSS4HtvAFWCjUTC+Y=,7Pd2tFJKJeSExYeJAIIYW4c6kO0=
57,54,0yAPxGpfTtXSS4HtvAFWCjUTC+Y=,7Pd2tFJKJeSExYeJAIIYW4c6kO0=
55,50,0yAPxGpfTtXSS4HtvAFWCjUTC+Y=,otdhK+/9xRYUUXDc3JojG+tQNPQ=
57,52,0yAPxGpfTtXSS4HtvAFWCjUTC+Y=,7Pd2tFJKJeSExYeJAIIYW4c6kO0=
61,53,0yAPxGpfTtXSS4HtvAFWCjUTC+Y=,7Pd2tFJKJeSExYeJAIIYW4c6kO0=
58,50,0yAPxGpfTtXSS4HtvAFWCjUTC+Y=,7Pd2tFJKJeSExYeJAIIYW4c6kO0=
49,50,0yAPxGpfTtXSS4HtvAFWCjUTC+Y=,otdhK+/9xRYUUXDc3JojG+tQNPQ=
58,52,0yAPxGpfTtXSS4HtvAFWCjUTC+Y=,7Pd2tFJKJeSExYeJAIIYW4c6kO0=
59,53,0yAPxGpfTtXSS4HtvAFWCjUTC+Y=,7Pd2tFJKJeSExYeJAIIYW4c6kO0=
62,53,0yAPxGpfTtXSS4HtvAFWCjUTC+Y=,7Pd2tFJKJeSExYeJAIIYW4c6kO0=
54,49,0yAPxGpfTtXSS4HtvAFWCjUTC+Y=,otdhK+/9xRYUUXDc3JojG+tQNPQ=
56,50,0yAPxGpfTtXSS4HtvAFWCjUTC+Y=,7Pd2tFJKJeSExYeJAIIYW4c6kO0=
57,51,0yAPxGpfTtXSS4HtvAFWCjUTC+Y=,7Pd2tFJKJeSExYeJAIIYW4c6kO0=
60,52,0yAPxGpfTtXSS4HtvAFWCjUTC+Y=,7Pd2tFJKJeSExYeJAIIYW4c6kO0=
59,52,0yAPxGpfTtXSS4HtvAFWCjUTC+Y=,7Pd2tFJKJeSExYeJAIIYW4c6kO0=
55,54,0yAPxGpfTtXSS4HtvAFWCjUTC+Y=,otdhK+/9xRYUUXDc3JojG+tQNPQ=
61,52,0yAPxGpfTtXSS4HtvAFWCjUTC+Y=,7Pd2tFJKJeSExYeJAIIYW4c6kO0=
62,52,0yAPxGpfTtXSS4HtvAFWCjUTC+Y=,7Pd2tFJKJeSExYeJAIIYW4c6kO0=
55,53,0yAPxGpfTtXSS4HtvAFWCjUTC+Y=,otdhK+/9xRYUUXDc3JojG+tQNPQ=
56,53,0yAPxGpfTtXSS4HtvAFWCjUTC+Y=,7Pd2tFJKJeSExYeJAIIYW4c6kO0=
49,54,0yAPxGpfTtXSS4HtvAFWCjUTC+Y=,otdhK+/9xRYUUXDc3JojG+tQNPQ=
57,49,0yAPxGpfTtXSS4HtvAFWCjUTC+Y=,7Pd2tFJKJeSExYeJAIIYW4c6kO0=
58,49,0yAPxGpfTtXSS4HtvAFWCjUTC+Y=,7Pd2tFJKJeSExYeJAIIYW4c6kO0=
59,49,0yAPxGpfTtXSS4HtvAFWCjUTC+Y=,7Pd2tFJKJeSExYeJAIIYW4c6kO0=
60,49,0yAPxGpfTtXSS4HtvAFWCjUTC+Y=,7Pd2tFJKJeSExYeJAIIYW4c6kO0=
55,49,0yAPxGpfTtXSS4HtvAFWCjUTC+Y=,otdhK+/9xRYUUXDc3JojG+tQNPQ=
61,49,0yAPxGpfTtXSS4HtvAFWCjUTC+Y=,7Pd2tFJKJeSExYeJAIIYW4c6kO0=
56,54,0yAPxGpfTtXSS4HtvAFWCjUTC+Y=,7Pd2tFJKJeSExYeJAIIYW4c6kO0=
51,49,0yAPxGpfTtXSS4HtvAFWCjUTC+Y=,otdhK+/9xRYUUXDc3JojG+tQNPQ=
55,52,0yAPxGpfTtXSS4HtvAFWCjUTC+Y=,otdhK+/9xRYUUXDc3JojG+tQNPQ=
54,50,0yAPxGpfTtXSS4HtvAFWCjUTC+Y=,otdhK+/9xRYUUXDc3JojG+tQNPQ=
60,53,0yAPxGpfTtXSS4HtvAFWCjUTC+Y=,7Pd2tFJKJeSExYeJAIIYW4c6kO0=
56,49,0yAPxGpfTtXSS4HtvAFWCjUTC+Y=,7Pd2tFJKJeSExYeJAIIYW4c6kO0=
57,50,0yAPxGpfTtXSS4HtvAFWCjUTC+Y=,7Pd2tFJKJeSExYeJAIIYW4c6kO0=
59,54,0yAPxGpfTtXSS4HtvAFWCjUTC+Y=,7Pd2tFJKJeSExYeJAIIYW4c6kO0=
55,51,0yAPxGpfTtXSS4HtvAFWCjUTC+Y=,otdhK+/9xRYUUXDc3JojG+tQNPQ=
58,53,0yAPxGpfTtXSS4HtvAFWCjUTC+Y=,7Pd2tFJKJeSExYeJAIIYW4c6kO0=
51,62,0yAPxGpfTtXSS4HtvAFWCjUTC+Y=,p+XsXqFz/pAktoclaafoaW2AeIc=
51,50,0yAPxGpfTtXSS4HtvAFWCjUTC+Y=,otdhK+/9xRYUUXDc3JojG+tQNPQ=
53,62,0yAPxGpfTtXSS4HtvAFWCjUTC+Y=,p+XsXqFz/pAktoclaafoaW2AeIc=
50,62,0yAPxGpfTtXSS4HtvAFWCjUTC+Y=,p+XsXqFz/pAktoclaafoaW2AeIc=
50,55,0yAPxGpfTtXSS4HtvAFWCjUTC+Y=,otdhK+/9xRYUUXDc3JojG+tQNPQ=
49,62,0yAPxGpfTtXSS4HtvAFWCjUTC+Y=,p+XsXqFz/pAktoclaafoaW2AeIc=
51,61,0yAPxGpfTtXSS4HtvAFWCjUTC+Y=,p+XsXqFz/pAktoclaafoaW2AeIc=
52,61,0yAPxGpfTtXSS4HtvAFWCjUTC+Y=,p+XsXqFz/pAktoclaafoaW2AeIc=
49,61,0yAPxGpfTtXSS4HtvAFWCjUTC+Y=,p+XsXqFz/pAktoclaafoaW2AeIc=
53,61,0yAPxGpfTtXSS4HtvAFWCjUTC+Y=,p+XsXqFz/pAktoclaafoaW2AeIc=
53,60,0yAPxGpfTtXSS4HtvAFWCjUTC+Y=,p+XsXqFz/pAktoclaafoaW2AeIc=
50,61,0yAPxGpfTtXSS4HtvAFWCjUTC+Y=,p+XsXqFz/pAktoclaafoaW2AeIc=
52,60,0yAPxGpfTtXSS4HtvAFWCjUTC+Y=,p+XsXqFz/pAktoclaafoaW2AeIc=
51,60,0yAPxGpfTtXSS4HtvAFWCjUTC+Y=,p+XsXqFz/pAktoclaafoaW2AeIc=
50,60,0yAPxGpfTtXSS4HtvAFWCjUTC+Y=,p+XsXqFz/pAktoclaafoaW2AeIc=
49,60,0yAPxGpfTtXSS4HtvAFWCjUTC+Y=,p+XsXqFz/pAktoclaafoaW2AeIc=
54,59,0yAPxGpfTtXSS4HtvAFWCjUTC+Y=,p+XsXqFz/pAktoclaafoaW2AeIc=
53,59,0yAPxGpfTtXSS4HtvAFWCjUTC+Y=,p+XsXqFz/pAktoclaafoaW2AeIc=
49,55,0yAPxGpfTtXSS4HtvAFWCjUTC+Y=,otdhK+/9xRYUUXDc3JojG+tQNPQ=
52,59,0yAPxGpfTtXSS4HtvAFWCjUTC+Y=,p+XsXqFz/pAktoclaafoaW2AeIc=
50,59,0yAPxGpfTtXSS4HtvAFWCjUTC+Y=,p+XsXqFz/pAktoclaafoaW2AeIc=
51,59,0yAPxGpfTtXSS4HtvAFWCjUTC+Y=,p+XsXqFz/pAktoclaafoaW2AeIc=
49,59,0yAPxGpfTtXSS4HtvAFWCjUTC+Y=,p+XsXqFz/pAktoclaafoaW2AeIc=
53,58,0yAPxGpfTtXSS4HtvAFWCjUTC+Y=,p+XsXqFz/pAktoclaafoaW2AeIc=
54,58,0yAPxGpfTtXSS4HtvAFWCjUTC+Y=,p+XsXqFz/pAktoclaafoaW2AeIc=
49,58,0yAPxGpfTtXSS4HtvAFWCjUTC+Y=,p+XsXqFz/pAktoclaafoaW2AeIc=
51,58,0yAPxGpfTtXSS4HtvAFWCjUTC+Y=,p+XsXqFz/pAktoclaafoaW2AeIc=
53,57,0yAPxGpfTtXSS4HtvAFWCjUTC+Y=,p+XsXqFz/pAktoclaafoaW2AeIc=
50,58,0yAPxGpfTtXSS4HtvAFWCjUTC+Y=,p+XsXqFz/pAktoclaafoaW2AeIc=
54,57,0yAPxGpfTtXSS4HtvAFWCjUTC+Y=,p+XsXqFz/pAktoclaafoaW2AeIc=
51,57,0yAPxGpfTtXSS4HtvAFWCjUTC+Y=,p+XsXqFz/pAktoclaafoaW2AeIc=
52,57,0yAPxGpfTtXSS4HtvAFWCjUTC+Y=,p+XsXqFz/pAktoclaafoaW2AeIc=
49,57,0yAPxGpfTtXSS4HtvAFWCjUTC+Y=,p+XsXqFz/pAktoclaafoaW2AeIc=
50,57,0yAPxGpfTtXSS4HtvAFWCjUTC+Y=,p+XsXqFz/pAktoclaafoaW2AeIc=
52,56,0yAPxGpfTtXSS4HtvAFWCjUTC+Y=,p+XsXqFz/pAktoclaafoaW2AeIc=
49,56,0yAPxGpfTtXSS4HtvAFWCjUTC+Y=,p+XsXqFz/pAktoclaafoaW2AeIc=
53,55,0yAPxGpfTtXSS4HtvAFWCjUTC+Y=,otdhK+/9xRYUUXDc3JojG+tQNPQ=
50,56,0yAPxGpfTtXSS4HtvAFWCjUTC+Y=,p+XsXqFz/pAktoclaafoaW2AeIc=
51,56,0yAPxGpfTtXSS4HtvAFWCjUTC+Y=,p+XsXqFz/pAktoclaafoaW2AeIc=
54,55,0yAPxGpfTtXSS4HtvAFWCjUTC+Y=,otdhK+/9xRYUUXDc3JojG+tQNPQ=
52,58,0yAPxGpfTtXSS4HtvAFWCjUTC+Y=,p+XsXqFz/pAktoclaafoaW2AeIc=
54,56,0yAPxGpfTtXSS4HtvAFWCjUTC+Y=,p+XsXqFz/pAktoclaafoaW2AeIc=
52,55,0yAPxGpfTtXSS4HtvAFWCjUTC+Y=,otdhK+/9xRYUUXDc3JojG+tQNPQ=
53,56,0yAPxGpfTtXSS4HtvAFWCjUTC+Y=,p+XsXqFz/pAktoclaafoaW2AeIc=
54,61,0yAPxGpfTtXSS4HtvAFWCjUTC+Y=,p+XsXqFz/pAktoclaafoaW2AeIc=
59,61,0yAPxGpfTtXSS4HtvAFWCjUTC+Y=,FMwL+gIz/0SCYi5stIbB/BqjYrw=
61,55,0yAPxGpfTtXSS4HtvAFWCjUTC+Y=,7Pd2tFJKJeSExYeJAIIYW4c6kO0=
57,61,0yAPxGpfTtXSS4HtvAFWCjUTC+Y=,FMwL+gIz/0SCYi5stIbB/BqjYrw=
60,61,0yAPxGpfTtXSS4HtvAFWCjUTC+Y=,FMwL+gIz/0SCYi5stIbB/BqjYrw=
56,61,0yAPxGpfTtXSS4HtvAFWCjUTC+Y=,FMwL+gIz/0SCYi5stIbB/BqjYrw=
62,60,0yAPxGpfTtXSS4HtvAFWCjUTC+Y=,FMwL+gIz/0SCYi5stIbB/BqjYrw=
58,61,0yAPxGpfTtXSS4HtvAFWCjUTC+Y=,FMwL+gIz/0SCYi5stIbB/BqjYrw=
62,55,0yAPxGpfTtXSS4HtvAFWCjUTC+Y=,7Pd2tFJKJeSExYeJAIIYW4c6kO0=
59,55,0yAPxGpfTtXSS4HtvAFWCjUTC+Y=,7Pd2tFJKJeSExYeJAIIYW4c6kO0=
61,61,0yAPxGpfTtXSS4HtvAFWCjUTC+Y=,FMwL+gIz/0SCYi5stIbB/BqjYrw=
60,55,0yAPxGpfTtXSS4HtvAFWCjUTC+Y=,7Pd2tFJKJeSExYeJAIIYW4c6kO0=
60,60,0yAPxGpfTtXSS4HtvAFWCjUTC+Y=,FMwL+gIz/0SCYi5stIbB/BqjYrw=
61,60,0yAPxGpfTtXSS4HtvAFWCjUTC+Y=,FMwL+gIz/0SCYi5stIbB/BqjYrw=
58,55,0yAPxGpfTtXSS4HtvAFWCjUTC+Y=,7Pd2tFJKJeSExYeJAIIYW4c6kO0=
57,55,0yAPxGpfTtXSS4HtvAFWCjUTC+Y=,7Pd2tFJKJeSExYeJAIIYW4c6kO0=
55,62,0yAPxGpfTtXSS4HtvAFWCjUTC+Y=,p+XsXqFz/pAktoclaafoaW2AeIc=
59,60,0yAPxGpfTtXSS4HtvAFWCjUTC+Y=,FMwL+gIz/0SCYi5stIbB/BqjYrw=
57,60,0yAPxGpfTtXSS4HtvAFWCjUTC+Y=,FMwL+gIz/0SCYi5stIbB/BqjYrw=
55,60,0yAPxGpfTtXSS4HtvAFWCjUTC+Y=,p+XsXqFz/pAktoclaafoaW2AeIc=
56,60,0yAPxGpfTtXSS4HtvAFWCjUTC+Y=,FMwL+gIz/0SCYi5stIbB/BqjYrw=
58,60,0yAPxGpfTtXSS4HtvAFWCjUTC+Y=,FMwL+gIz/0SCYi5stIbB/BqjYrw=
56,55,0yAPxGpfTtXSS4HtvAFWCjUTC+Y=,7Pd2tFJKJeSExYeJAIIYW4c6kO0=
56,56,0yAPxGpfTtXSS4HtvAFWCjUTC+Y=,FMwL+gIz/0SCYi5stIbB/BqjYrw=
60,59,0yAPxGpfTtXSS4HtvAFWCjUTC+Y=,FMwL+gIz/0SCYi5stIbB/BqjYrw=
55,61,0yAPxGpfTtXSS4HtvAFWCjUTC+Y=,p+XsXqFz/pAktoclaafoaW2AeIc=
61,59,0yAPxGpfTtXSS4HtvAFWCjUTC+Y=,FMwL+gIz/0SCYi5stIbB/BqjYrw=
62,61,0yAPxGpfTtXSS4HtvAFWCjUTC+Y=,FMwL+gIz/0SCYi5stIbB/BqjYrw=
57,59,0yAPxGpfTtXSS4HtvAFWCjUTC+Y=,FMwL+gIz/0SCYi5stIbB/BqjYrw=
62,58,0yAPxGpfTtXSS4HtvAFWCjUTC+Y=,FMwL+gIz/0SCYi5stIbB/BqjYrw=
57,53,0yAPxGpfTtXSS4HtvAFWCjUTC+Y=,7Pd2tFJKJeSExYeJAIIYW4c6kO0=
57,56,0yAPxGpfTtXSS4HtvAFWCjUTC+Y=,FMwL+gIz/0SCYi5stIbB/BqjYrw=
58,58,0yAPxGpfTtXSS4HtvAFWCjUTC+Y=,FMwL+gIz/0SCYi5stIbB/BqjYrw=
61,58,0yAPxGpfTtXSS4HtvAFWCjUTC+Y=,FMwL+gIz/0SCYi5stIbB/BqjYrw=
57,58,0yAPxGpfTtXSS4HtvAFWCjUTC+Y=,FMwL+gIz/0SCYi5stIbB/BqjYrw=
60,57,0yAPxGpfTtXSS4HtvAFWCjUTC+Y=,FMwL+gIz/0SCYi5stIbB/BqjYrw=
62,49,0yAPxGpfTtXSS4HtvAFWCjUTC+Y=,7Pd2tFJKJeSExYeJAIIYW4c6kO0=
58,56,0yAPxGpfTtXSS4HtvAFWCjUTC+Y=,FMwL+gIz/0SCYi5stIbB/BqjYrw=
56,58,0yAPxGpfTtXSS4HtvAFWCjUTC+Y=,FMwL+gIz/0SCYi5stIbB/BqjYrw=
61,57,0yAPxGpfTtXSS4HtvAFWCjUTC+Y=,FMwL+gIz/0SCYi5stIbB/BqjYrw=
58,57,0yAPxGpfTtXSS4HtvAFWCjUTC+Y=,FMwL+gIz/0SCYi5stIbB/BqjYrw=
59,56,0yAPxGpfTtXSS4HtvAFWCjUTC+Y=,FMwL+gIz/0SCYi5stIbB/BqjYrw=
57,57,0yAPxGpfTtXSS4HtvAFWCjUTC+Y=,FMwL+gIz/0SCYi5stIbB/BqjYrw=
62,56,0yAPxGpfTtXSS4HtvAFWCjUTC+Y=,FMwL+gIz/0SCYi5stIbB/BqjYrw=
56,59,0yAPxGpfTtXSS4HtvAFWCjUTC+Y=,FMwL+gIz/0SCYi5stIbB/BqjYrw=
61,56,0yAPxGpfTtXSS4HtvAFWCjUTC+Y=,FMwL+gIz/0SCYi5stIbB/BqjYrw=
57,62,0yAPxGpfTtXSS4HtvAFWCjUTC+Y=,FMwL+gIz/0SCYi5stIbB/BqjYrw=
60,56,0yAPxGpfTtXSS4HtvAFWCjUTC+Y=,FMwL+gIz/0SCYi5stIbB/BqjYrw=
55,56,0yAPxGpfTtXSS4HtvAFWCjUTC+Y=,p+XsXqFz/pAktoclaafoaW2AeIc=
56,57,0yAPxGpfTtXSS4HtvAFWCjUTC+Y=,FMwL+gIz/0SCYi5stIbB/BqjYrw=
59,62,0yAPxGpfTtXSS4HtvAFWCjUTC+Y=,FMwL+gIz/0SCYi5stIbB/BqjYrw=
56,62,0yAPxGpfTtXSS4HtvAFWCjUTC+Y=,FMwL+gIz/0SCYi5stIbB/BqjYrw=
59,57,0yAPxGpfTtXSS4HtvAFWCjUTC+Y=,FMwL+gIz/0SCYi5stIbB/BqjYrw=
62,57,0yAPxGpfTtXSS4HtvAFWCjUTC+Y=,FMwL+gIz/0SCYi5stIbB/BqjYrw=
60,58,0yAPxGpfTtXSS4HtvAFWCjUTC+Y=,FMwL+gIz/0SCYi5stIbB/BqjYrw=
62,59,0yAPxGpfTtXSS4HtvAFWCjUTC+Y=,FMwL+gIz/0SCYi5stIbB/BqjYrw=
60,62,0yAPxGpfTtXSS4HtvAFWCjUTC+Y=,FMwL+gIz/0SCYi5stIbB/BqjYrw=
55,55,0yAPxGpfTtXSS4HtvAFWCjUTC+Y=,otdhK+/9xRYUUXDc3JojG+tQNPQ=
61,62,0yAPxGpfTtXSS4HtvAFWCjUTC+Y=,FMwL+gIz/0SCYi5stIbB/BqjYrw=
62,62,0yAPxGpfTtXSS4HtvAFWCjUTC+Y=,FMwL+gIz/0SCYi5stIbB/BqjYrw=
59,59,0yAPxGpfTtXSS4HtvAFWCjUTC+Y=,FMwL+gIz/0SCYi5stIbB/BqjYrw=
55,59,0yAPxGpfTtXSS4HtvAFWCjUTC+Y=,p+XsXqFz/pAktoclaafoaW2AeIc=
58,59,0yAPxGpfTtXSS4HtvAFWCjUTC+Y=,FMwL+gIz/0SCYi5stIbB/BqjYrw=
55,58,0yAPxGpfTtXSS4HtvAFWCjUTC+Y=,p+XsXqFz/pAktoclaafoaW2AeIc=
55,57,0yAPxGpfTtXSS4HtvAFWCjUTC+Y=,p+XsXqFz/pAktoclaafoaW2AeIc=
54,60,0yAPxGpfTtXSS4HtvAFWCjUTC+Y=,p+XsXqFz/pAktoclaafoaW2AeIc=
50,49,0yAPxGpfTtXSS4HtvAFWCjUTC+Y=,otdhK+/9xRYUUXDc3JojG+tQNPQ=
54,62,0yAPxGpfTtXSS4HtvAFWCjUTC+Y=,p+XsXqFz/pAktoclaafoaW2AeIc=
52,62,0yAPxGpfTtXSS4HtvAFWCjUTC+Y=,p+XsXqFz/pAktoclaafoaW2AeIc=
51,55,0yAPxGpfTtXSS4HtvAFWCjUTC+Y=,otdhK+/9xRYUUXDc3JojG+tQNPQ=
58,62,0yAPxGpfTtXSS4HtvAFWCjUTC+Y=,FMwL+gIz/0SCYi5stIbB/BqjYrw=
59,58,0yAPxGpfTtXSS4HtvAFWCjUTC+Y=,FMwL+gIz/0SCYi5stIbB/BqjYrw=
52,48,0yAPxGpfTtXSS4HtvAFWCjUTC+Y=,otdhK+/9xRYUUXDc3JojG+tQNPQ=
51,48,0yAPxGpfTtXSS4HtvAFWCjUTC+Y=,otdhK+/9xRYUUXDc3JojG+tQNPQ=
54,48,0yAPxGpfTtXSS4HtvAFWCjUTC+Y=,otdhK+/9xRYUUXDc3JojG+tQNPQ=
53,48,0yAPxGpfTtXSS4HtvAFWCjUTC+Y=,otdhK+/9xRYUUXDc3JojG+tQNPQ=
63,53,0yAPxGpfTtXSS4HtvAFWCjUTC+Y=,7Pd2tFJKJeSExYeJAIIYW4c6kO0=
63,49,0yAPxGpfTtXSS4HtvAFWCjUTC+Y=,7Pd2tFJKJeSExYeJAIIYW4c6kO0=
63,54,0yAPxGpfTtXSS4HtvAFWCjUTC+Y=,7Pd2tFJKJeSExYeJAIIYW4c6kO0=
63,60,0yAPxGpfTtXSS4HtvAFWCjUTC+Y=,FMwL+gIz/0SCYi5stIbB/BqjYrw=
50,48,0yAPxGpfTtXSS4HtvAFWCjUTC+Y=,otdhK+/9xRYUUXDc3JojG+tQNPQ=
49,48,0yAPxGpfTtXSS4HtvAFWCjUTC+Y=,otdhK+/9xRYUUXDc3JojG+tQNPQ=
63,55,0yAPxGpfTtXSS4HtvAFWCjUTC+Y=,7Pd2tFJKJeSExYeJAIIYW4c6kO0=
63,58,0yAPxGpfTtXSS4HtvAFWCjUTC+Y=,FMwL+gIz/0SCYi5stIbB/BqjYrw=
63,57,0yAPxGpfTtXSS4HtvAFWCjUTC+Y=,FMwL+gIz/0SCYi5stIbB/BqjYrw=
63,56,0yAPxGpfTtXSS4HtvAFWCjUTC+Y=,FMwL+gIz/0SCYi5stIbB/BqjYrw=
63,59,0yAPxGpfTtXSS4HtvAFWCjUTC+Y=,FMwL+gIz/0SCYi5stIbB/BqjYrw=
63,62,0yAPxGpfTtXSS4HtvAFWCjUTC+Y=,FMwL+gIz/0SCYi5stIbB/BqjYrw=
63,51,0yAPxGpfTtXSS4HtvAFWCjUTC+Y=,7Pd2tFJKJeSExYeJAIIYW4c6kO0=
63,52,0yAPxGpfTtXSS4HtvAFWCjUTC+Y=,7Pd2tFJKJeSExYeJAIIYW4c6kO0=
63,61,0yAPxGpfTtXSS4HtvAFWCjUTC+Y=,FMwL+gIz/0SCYi5stIbB/BqjYrw=
63,50,0yAPxGpfTtXSS4HtvAFWCjUTC+Y=,7Pd2tFJKJeSExYeJAIIYW4c6kO0=
62,48,0yAPxGpfTtXSS4HtvAFWCjUTC+Y=,7Pd2tFJKJeSExYeJAIIYW4c6kO0=
56,48,0yAPxGpfTtXSS4HtvAFWCjUTC+Y=,7Pd2tFJKJeSExYeJAIIYW4c6kO0=
55,48,0yAPxGpfTtXSS4HtvAFWCjUTC+Y=,otdhK+/9xRYUUXDc3JojG+tQNPQ=
60,48,0yAPxGpfTtXSS4HtvAFWCjUTC+Y=,7Pd2tFJKJeSExYeJAIIYW4c6kO0=
58,48,0yAPxGpfTtXSS4HtvAFWCjUTC+Y=,7Pd2tFJKJeSExYeJAIIYW4c6kO0=
59,48,0yAPxGpfTtXSS4HtvAFWCjUTC+Y=,7Pd2tFJKJeSExYeJAIIYW4c6kO0=
57,48,0yAPxGpfTtXSS4HtvAFWCjUTC+Y=,7Pd2tFJKJeSExYeJAIIYW4c6kO0=
61,48,0yAPxGpfTtXSS4HtvAFWCjUTC+Y=,7Pd2tFJKJeSExYeJAIIYW4c6kO0=
48,62,0yAPxGpfTtXSS4HtvAFWCjUTC+Y=,p+XsXqFz/pAktoclaafoaW2AeIc=
48,59,0yAPxGpfTtXSS4HtvAFWCjUTC+Y=,p+XsXqFz/pAktoclaafoaW2AeIc=
48,58,0yAPxGpfTtXSS4HtvAFWCjUTC+Y=,p+XsXqFz/pAktoclaafoaW2AeIc=
48,61,0yAPxGpfTtXSS4HtvAFWCjUTC+Y=,p+XsXqFz/pAktoclaafoaW2AeIc=
48,60,0yAPxGpfTtXSS4HtvAFWCjUTC+Y=,p+XsXqFz/pAktoclaafoaW2AeIc=
48,57,0yAPxGpfTtXSS4HtvAFWCjUTC+Y=,p+XsXqFz/pAktoclaafoaW2AeIc=
62,63,0yAPxGpfTtXSS4HtvAFWCjUTC+Y=,FMwL+gIz/0SCYi5stIbB/BqjYrw=
48,56,0yAPxGpfTtXSS4HtvAFWCjUTC+Y=,p+XsXqFz/pAktoclaafoaW2AeIc=
52,63,0yAPxGpfTtXSS4HtvAFWCjUTC+Y=,p+XsXqFz/pAktoclaafoaW2AeIc=
48,52,0yAPxGpfTtXSS4HtvAFWCjUTC+Y=,otdhK+/9xRYUUXDc3JojG+tQNPQ=
48,51,0yAPxGpfTtXSS4HtvAFWCjUTC+Y=,otdhK+/9xRYUUXDc3JojG+tQNPQ=
51,63,0yAPxGpfTtXSS4HtvAFWCjUTC+Y=,p+XsXqFz/pAktoclaafoaW2AeIc=
48,49,0yAPxGpfTtXSS4HtvAFWCjUTC+Y=,otdhK+/9xRYUUXDc3JojG+tQNPQ=
50,63,0yAPxGpfTtXSS4HtvAFWCjUTC+Y=,p+XsXqFz/pAktoclaafoaW2AeIc=
48,54,0yAPxGpfTtXSS4HtvAFWCjUTC+Y=,otdhK+/9xRYUUXDc3JojG+tQNPQ=
55,63,0yAPxGpfTtXSS4HtvAFWCjUTC+Y=,p+XsXqFz/pAktoclaafoaW2AeIc=
56,63,0yAPxGpfTtXSS4HtvAFWCjUTC+Y=,FMwL+gIz/0SCYi5stIbB/BqjYrw=
49,63,0yAPxGpfTtXSS4HtvAFWCjUTC+Y=,p+XsXqFz/pAktoclaafoaW2AeIc=
53,63,0yAPxGpfTtXSS4HtvAFWCjUTC+Y=,p+XsXqFz/pAktoclaafoaW2AeIc=
54,63,0yAPxGpfTtXSS4HtvAFWCjUTC+Y=,p+XsXqFz/pAktoclaafoaW2AeIc=
57,63,0yAPxGpfTtXSS4HtvAFWCjUTC+Y=,FMwL+gIz/0SCYi5stIbB/BqjYrw=
61,63,0yAPxGpfTtXSS4HtvAFWCjUTC+Y=,FMwL+gIz/0SCYi5stIbB/BqjYrw=
60,63,0yAPxGpfTtXSS4HtvAFWCjUTC+Y=,FMwL+gIz/0SCYi5stIbB/BqjYrw=
48,53,0yAPxGpfTtXSS4HtvAFWCjUTC+Y=,otdhK+/9xRYUUXDc3JojG+tQNPQ=
59,63,0yAPxGpfTtXSS4HtvAFWCjUTC+Y=,FMwL+gIz/0SCYi5stIbB/BqjYrw=
58,63,0yAPxGpfTtXSS4HtvAFWCjUTC+Y=,FMwL+gIz/0SCYi5stIbB/BqjYrw=
48,55,0yAPxGpfTtXSS4HtvAFWCjUTC+Y=,otdhK+/9xRYUUXDc3JojG+tQNPQ=
48,48,0yAPxGpfTtXSS4HtvAFWCjUTC+Y=,otdhK+/9xRYUUXDc3JojG+tQNPQ=
48,50,0yAPxGpfTtXSS4HtvAFWCjUTC+Y=,otdhK+/9xRYUUXDc3JojG+tQNPQ=
48,63,0yAPxGpfTtXSS4HtvAFWCjUTC+Y=,p+XsXqFz/pAktoclaafoaW2AeIc=
63,63,0yAPxGpfTtXSS4HtvAFWCjUTC+Y=,FMwL+gIz/0SCYi5stIbB/BqjYrw=
63,48,0yAPxGpfTtXSS4HtvAFWCjUTC+Y=,7Pd2tFJKJeSExYeJAIIYW4c6kO0=
60,35,QUrw8UHO7Q0zumZ8O/LV6ZjlanA=,bqaCC6jsj+xPpPCCf0ms+sh6v84=
57,35,QUrw8UHO7Q0zumZ8O/LV6ZjlanA=,bqaCC6jsj+xPpPCCf0ms+sh6v84=
59,35,QUrw8UHO7Q0zumZ8O/LV6ZjlanA=,bqaCC6jsj+xPpPCCf0ms+sh6v84=
58,35,QUrw8UHO7Q0zumZ8O/LV6ZjlanA=,bqaCC6jsj+xPpPCCf0ms+sh6v84=
58,34,QUrw8UHO7Q0zumZ8O/LV6ZjlanA=,bqaCC6jsj+xPpPCCf0ms+sh6v84=
59,34,QUrw8UHO7Q0zumZ8O/LV6ZjlanA=,bqaCC6jsj+xPpPCCf0ms+sh6v84=
61,35,QUrw8UHO7Q0zumZ8O/LV6ZjlanA=,bqaCC6jsj+xPpPCCf0ms+sh6v84=
57,34,QUrw8UHO7Q0zumZ8O/LV6ZjlanA=,bqaCC6jsj+xPpPCCf0ms+sh6v84=
62,34,QUrw8UHO7Q0zumZ8O/LV6ZjlanA=,bqaCC6jsj+xPpPCCf0ms+sh6v84=
59,33,QUrw8UHO7Q0zumZ8O/LV6ZjlanA=,bqaCC6jsj+xPpPCCf0ms+sh6v84=
58,33,QUrw8UHO7Q0zumZ8O/LV6ZjlanA=,bqaCC6jsj+xPpPCCf0ms+sh6v84=
57,33,QUrw8UHO7Q0zumZ8O/LV6ZjlanA=,bqaCC6jsj+xPpPCCf0ms+sh6v84=
62,35,QUrw8UHO7Q0zumZ8O/LV6ZjlanA=,bqaCC6jsj+xPpPCCf0ms+sh6v84=
61,38,QUrw8UHO7Q0zumZ8O/LV6ZjlanA=,bqaCC6jsj+xPpPCCf0ms+sh6v84=
62,38,QUrw8UHO7Q0zumZ8O/LV6ZjlanA=,bqaCC6jsj+xPpPCCf0ms+sh6v84=
62,33,QUrw8UHO7Q0zumZ8O/LV6ZjlanA=,bqaCC6jsj+xPpPCCf0ms+sh6v84=
57,38,QUrw8UHO7Q0zumZ8O/LV6ZjlanA=,bqaCC6jsj+xPpPCCf0ms+sh6v84=
60,34,QUrw8UHO7Q0zumZ8O/LV6ZjlanA=,bqaCC6jsj+xPpPCCf0ms+sh6v84=
58,38,QUrw8UHO7Q0zumZ8O/LV6ZjlanA=,bqaCC6jsj+xPpPCCf0ms+sh6v84=
60,37,QUrw8UHO7Q0zumZ8O/LV6ZjlanA=,bqaCC6jsj+xPpPCCf0ms+sh6v84=
59,37,QUrw8UHO7Q0zumZ8O/LV6ZjlanA=,bqaCC6jsj+xPpPCCf0ms+sh6v84=
57,37,QUrw8UHO7Q0zumZ8O/LV6ZjlanA=,bqaCC6jsj+xPpPCCf0ms+sh6v84=
61,36,QUrw8UHO7Q0zumZ8O/LV6ZjlanA=,bqaCC6jsj+xPpPCCf0ms+sh6v84=
60,36,QUrw8UHO7Q0zumZ8O/LV6ZjlanA=,bqaCC6jsj+xPpPCCf0ms+sh6v84=
58,36,QUrw8UHO7Q0zumZ8O/LV6ZjlanA=,bqaCC6jsj+xPpPCCf0ms+sh6v84=
59,36,QUrw8UHO7Q0zumZ8O/LV6ZjlanA=,bqaCC6jsj+xPpPCCf0ms+sh6v84=
52,33,QUrw8UHO7Q0zumZ8O/LV6ZjlanA=,wvgmuFRwMgpIeU70JrCGwacNc4Q=
60,38,QUrw8UHO7Q0zumZ8O/LV6ZjlanA=,bqaCC6jsj+xPpPCCf0ms+sh6v84=
61,34,QUrw8UHO7Q0zumZ8O/LV6ZjlanA=,bqaCC6jsj+xPpPCCf0ms+sh6v84=
56,35,QUrw8UHO7Q0zumZ8O/LV6ZjlanA=,bqaCC6jsj+xPpPCCf0ms+sh6v84=
53,33,QUrw8UHO7Q0zumZ8O/LV6ZjlanA=,wvgmuFRwMgpIeU70JrCGwacNc4Q=
55,35,QUrw8UHO7Q0zumZ8O/LV6ZjlanA=,wvgmuFRwMgpIeU70JrCGwacNc4Q=
55,33,QUrw8UHO7Q0zumZ8O/LV6ZjlanA=,wvgmuFRwMgpIeU70JrCGwacNc4Q=
57,36,QUrw8UHO7Q0zumZ8O/LV6ZjlanA=,bqaCC6jsj+xPpPCCf0ms+sh6v84=
54,35,QUrw8UHO7Q0zumZ8O/LV6ZjlanA=,wvgmuFRwMgpIeU70JrCGwacNc4Q=
59,38,QUrw8UHO7Q0zumZ8O/LV6ZjlanA=,bqaCC6jsj+xPpPCCf0ms+sh6v84=
52,38,QUrw8UHO7Q0zumZ8O/LV6ZjlanA=,wvgmuFRwMgpIeU70JrCGwacNc4Q=
61,37,QUrw8UHO7Q0zumZ8O/LV6ZjlanA=,bqaCC6jsj+xPpPCCf0ms+sh6v84=
56,34,QUrw8UHO7Q0zumZ8O/LV6ZjlanA=,bqaCC6jsj+xPpPCCf0ms+sh6v84=
53,35,QUrw8UHO7Q0zumZ8O/LV6ZjlanA=,wvgmuFRwMgpIeU70JrCGwacNc4Q=
51,38,QUrw8UHO7Q0zumZ8O/LV6ZjlanA=,wvgmuFRwMgpIeU70JrCGwacNc4Q=
61,33,QUrw8UHO7Q0zumZ8O/LV6ZjlanA=,bqaCC6jsj+xPpPCCf0ms+sh6v84=
49,35,QUrw8UHO7Q0zumZ8O/LV6ZjlanA=,wvgmuFRwMgpIeU70JrCGwacNc4Q=
52,35,QUrw8UHO7Q0zumZ8O/LV6ZjlanA=,wvgmuFRwMgpIeU70JrCGwacNc4Q=
62,36,QUrw8UHO7Q0zumZ8O/LV6ZjlanA=,bqaCC6jsj+xPpPCCf0ms+sh6v84=
55,34,QUrw8UHO7Q0zumZ8O/LV6ZjlanA=,wvgmuFRwMgpIeU70JrCGwacNc4Q=
58,37,QUrw8UHO7Q0zumZ8O/LV6ZjlanA=,bqaCC6jsj+xPpPCCf0ms+sh6v84=
53,34,QUrw8UHO7Q0zumZ8O/LV6ZjlanA=,wvgmuFRwMgpIeU70JrCGwacNc4Q=
55,36,QUrw8UHO7Q0zumZ8O/LV6ZjlanA=,wvgmuFRwMgpIeU70JrCGwacNc4Q=
52,34,QUrw8UHO7Q0zumZ8O/LV6ZjlanA=,wvgmuFRwMgpIeU70JrCGwacNc4Q=
62,37,QUrw8UHO7Q0zumZ8O/LV6ZjlanA=,bqaCC6jsj+xPpPCCf0ms+sh6v84=
56,38,QUrw8UHO7Q0zumZ8O/LV6ZjlanA=,bqaCC6jsj+xPpPCCf0ms+sh6v84=
50,37,QUrw8UHO7Q0zumZ8O/LV6ZjlanA=,wvgmuFRwMgpIeU70JrCGwacNc4Q=
54,36,QUrw8UHO7Q0zumZ8O/LV6ZjlanA=,wvgmuFRwMgpIeU70JrCGwacNc4Q=
51,34,QUrw8UHO7Q0zumZ8O/LV6ZjlanA=,wvgmuFRwMgpIeU70JrCGwacNc4Q=
53,36,QUrw8UHO7Q0zumZ8O/LV6ZjlanA=,wvgmuFRwMgpIeU70JrCGwacNc4Q=
56,37,QUrw8UHO7Q0zumZ8O/LV6ZjlanA=,bqaCC6jsj+xPpPCCf0ms+sh6v84=
51,33,QUrw8UHO7Q0zumZ8O/LV6ZjlanA=,wvgmuFRwMgpIeU70JrCGwacNc4Q=
49,33,QUrw8UHO7Q0zumZ8O/LV6ZjlanA=,wvgmuFRwMgpIeU70JrCGwacNc4Q=
50,35,QUrw8UHO7Q0zumZ8O/LV6ZjlanA=,wvgmuFRwMgpIeU70JrCGwacNc4Q=
54,33,QUrw8UHO7Q0zumZ8O/LV6ZjlanA=,wvgmuFRwMgpIeU70JrCGwacNc4Q=
49,38,QUrw8UHO7Q0zumZ8O/LV6ZjlanA=,wvgmuFRwMgpIeU70JrCGwacNc4Q=
52,36,QUrw8UHO7Q0zumZ8O/LV6ZjlanA=,wvgmuFRwMgpIeU70JrCGwacNc4Q=
51,36,QUrw8UHO7Q0zumZ8O/LV6ZjlanA=,wvgmuFRwMgpIeU70JrCGwacNc4Q=
60,33,QUrw8UHO7Q0zumZ8O/LV6ZjlanA=,bqaCC6jsj+xPpPCCf0ms+sh6v84=
52,37,QUrw8UHO7Q0zumZ8O/LV6ZjlanA=,wvgmuFRwMgpIeU70JrCGwacNc4Q=
49,36,QUrw8UHO7Q0zumZ8O/LV6ZjlanA=,wvgmuFRwMgpIeU70JrCGwacNc4Q=
50,33,QUrw8UHO7Q0zumZ8O/LV6ZjlanA=,wvgmuFRwMgpIeU70JrCGwacNc4Q=
54,37,QUrw8UHO7Q0zumZ8O/LV6ZjlanA=,wvgmuFRwMgpIeU70JrCGwacNc4Q=
50,34,QUrw8UHO7Q0zumZ8O/LV6ZjlanA=,wvgmuFRwMgpIeU70JrCGwacNc4Q=
49,37,QUrw8UHO7Q0zumZ8O/LV6ZjlanA=,wvgmuFRwMgpIeU70JrCGwacNc4Q=
55,37,QUrw8UHO7Q0zumZ8O/LV6ZjlanA=,wvgmuFRwMgpIeU70JrCGwacNc4Q=
54,38,QUrw8UHO7Q0zumZ8O/LV6ZjlanA=,wvgmuFRwMgpIeU70JrCGwacNc4Q=
56,33,QUrw8UHO7Q0zumZ8O/LV6ZjlanA=,bqaCC6jsj+xPpPCCf0ms+sh6v84=
51,35,QUrw8UHO7Q0zumZ8O/LV6ZjlanA=,wvgmuFRwMgpIeU70JrCGwacNc4Q=
51,37,QUrw8UHO7Q0zumZ8O/LV6ZjlanA=,wvgmuFRwMgpIeU70JrCGwacNc4Q=
54,34,QUrw8UHO7Q0zumZ8O/LV6ZjlanA=,wvgmuFRwMgpIeU70JrCGwacNc4Q=
49,34,QUrw8UHO7Q0zumZ8O/LV6ZjlanA=,wvgmuFRwMgpIeU70JrCGwacNc4Q=
50,38,QUrw8UHO7Q0zumZ8O/LV6ZjlanA=,wvgmuFRwMgpIeU70JrCGwacNc4Q=
53,37,QUrw8UHO7Q0zumZ8O/LV6ZjlanA=,wvgmuFRwMgpIeU70JrCGwacNc4Q=
56,36,QUrw8UHO7Q0zumZ8O/LV6ZjlanA=,bqaCC6jsj+xPpPCCf0ms+sh6v84=
53,38,QUrw8UHO7Q0zumZ8O/LV6ZjlanA=,wvgmuFRwMgpIeU70JrCGwacNc4Q=
50,36,QUrw8UHO7Q0zumZ8O/LV6ZjlanA=,wvgmuFRwMgpIeU70JrCGwacNc4Q=
55,38,QUrw8UHO7Q0zumZ8O/LV6ZjlanA=,wvgmuFRwMgpIeU70JrCGwacNc4Q=
60,45,QUrw8UHO7Q0zumZ8O/LV6ZjlanA=,CaXtYUqNlmpEvGkwIo/CDqek3ow=
62,39,QUrw8UHO7Q0zumZ8O/LV6ZjlanA=,bqaCC6jsj+xPpPCCf0ms+sh6v84=
60,44,QUrw8UHO7Q0zumZ8O/LV6ZjlanA=,CaXtYUqNlmpEvGkwIo/CDqek3ow=
62,44,QUrw8UHO7Q0zumZ8O/LV6ZjlanA=,CaXtYUqNlmpEvGkwIo/CDqek3ow=
61,44,QUrw8UHO7Q0zumZ8O/LV6ZjlanA=,CaXtYUqNlmpEvGkwIo/CDqek3ow=
61,45,QUrw8UHO7Q0zumZ8O/LV6ZjlanA=,CaXtYUqNlmpEvGkwIo/CDqek3ow=
58,43,QUrw8UHO7Q0zumZ8O/LV6ZjlanA=,CaXtYUqNlmpEvGkwIo/CDqek3ow=
62,42,QUrw8UHO7Q0zumZ8O/LV6ZjlanA=,CaXtYUqNlmpEvGkwIo/CDqek3ow=
62,46,QUrw8UHO7Q0zumZ8O/LV6ZjlanA=,CaXtYUqNlmpEvGkwIo/CDqek3ow=
62,45,QUrw8UHO7Q0zumZ8O/LV6ZjlanA=,CaXtYUqNlmpEvGkwIo/CDqek3ow=
57,43,QUrw8UHO7Q0zumZ8O/LV6ZjlanA=,CaXtYUqNlmpEvGkwIo/CDqek3ow=
59,45,QUrw8UHO7Q0zumZ8O/LV6ZjlanA=,CaXtYUqNlmpEvGkwIo/CDqek3ow=
60,42,QUrw8UHO7Q0zumZ8O/LV6ZjlanA=,CaXtYUqNlmpEvGkwIo/CDqek3ow=
58,42,QUrw8UHO7Q0zumZ8O/LV6ZjlanA=,CaXtYUqNlmpEvGkwIo/CDqek3ow=
60,46,QUrw8UHO7Q0zumZ8O/LV6ZjlanA=,CaXtYUqNlmpEvGkwIo/CDqek3ow=
62,43,QUrw8UHO7Q0zumZ8O/LV6ZjlanA=,CaXtYUqNlmpEvGkwIo/CDqek3ow=
57,44,QUrw8UHO7Q0zumZ8O/LV6ZjlanA=,CaXtYUqNlmpEvGkwIo/CDqek3ow=
58,44,QUrw8UHO7Q0zumZ8O/LV6ZjlanA=,CaXtYUqNlmpEvGkwIo/CDqek3ow=
61,46,QUrw8UHO7Q0zumZ8O/LV6ZjlanA=,CaXtYUqNlmpEvGkwIo/CDqek3ow=
60,43,QUrw8UHO7Q0zumZ8O/LV6ZjlanA=,CaXtYUqNlmpEvGkwIo/CDqek3ow=
59,43,QUrw8UHO7Q0zumZ8O/LV6ZjlanA=,CaXtYUqNlmpEvGkwIo/CDqek3ow=
57,45,QUrw8UHO7Q0zumZ8O/LV6ZjlanA=,CaXtYUqNlmpEvGkwIo/CDqek3ow=
61,43,QUrw8UHO7Q0zumZ8O/LV6ZjlanA=,CaXtYUqNlmpEvGkwIo/CDqek3ow=
59,44,QUrw8UHO7Q0zumZ8O/LV6ZjlanA=,CaXtYUqNlmpEvGkwIo/CDqek3ow=
62,41,QUrw8UHO7Q0zumZ8O/LV6ZjlanA=,CaXtYUqNlmpEvGkwIo/CDqek3ow=
57,46,QUrw8UHO7Q0zumZ8O/LV6ZjlanA=,CaXtYUqNlmpEvGkwIo/CDqek3ow=
61,41,QUrw8UHO7Q0zumZ8O/LV6ZjlanA=,CaXtYUqNlmpEvGkwIo/CDqek3ow=
57,41,QUrw8UHO7Q0zumZ8O/LV6ZjlanA=,CaXtYUqNlmpEvGkwIo/CDqek3ow=
58,41,QUrw8UHO7Q0zumZ8O/LV6ZjlanA=,CaXtYUqNlmpEvGkwIo/CDqek3ow=
60,40,QUrw8UHO7Q0zumZ8O/LV6ZjlanA=,CaXtYUqNlmpEvGkwIo/CDqek3ow=
59,40,QUrw8UHO7Q0zumZ8O/LV6ZjlanA=,CaXtYUqNlmpEvGkwIo/CDqek3ow=
58,39,QUrw8UHO7Q0zumZ8O/LV6ZjlanA=,bqaCC6jsj+xPpPCCf0ms+sh6v84=
61,39,QUrw8UHO7Q0zumZ8O/LV6ZjlanA=,bqaCC6jsj+xPpPCCf0ms+sh6v84=
61,42,QUrw8UHO7Q0zumZ8O/LV6ZjlanA=,CaXtYUqNlmpEvGkwIo/CDqek3ow=
59,39,QUrw8UHO7Q0zumZ8O/LV6ZjlanA=,bqaCC6jsj+xPpPCCf0ms+sh6v84=
58,40,QUrw8UHO7Q0zumZ8O/LV6ZjlanA=,CaXtYUqNlmpEvGkwIo/CDqek3ow=
62,40,QUrw8UHO7Q0zumZ8O/LV6ZjlanA=,CaXtYUqNlmpEvGkwIo/CDqek3ow=
57,42,QUrw8UHO7Q0zumZ8O/LV6ZjlanA=,CaXtYUqNlmpEvGkwIo/CDqek3ow=
59,42,QUrw8UHO7Q0zumZ8O/LV6ZjlanA=,CaXtYUqNlmpEvGkwIo/CDqek3ow=
58,46,QUrw8UHO7Q0zumZ8O/LV6ZjlanA=,CaXtYUqNlmpEvGkwIo/CDqek3ow=
59,41,QUrw8UHO7Q0zumZ8O/LV6ZjlanA=,CaXtYUqNlmpEvGkwIo/CDqek3ow=
58,45,QUrw8UHO7Q0zumZ8O/LV6ZjlanA=,CaXtYUqNlmpEvGkwIo/CDqek3ow=
60,41,QUrw8UHO7Q0zumZ8O/LV6ZjlanA=,CaXtYUqNlmpEvGkwIo/CDqek3ow=
59,46,QUrw8UHO7Q0zumZ8O/LV6ZjlanA=,CaXtYUqNlmpEvGkwIo/CDqek3ow=
61,40,QUrw8UHO7Q0zumZ8O/LV6ZjlanA=,CaXtYUqNlmpEvGkwIo/CDqek3ow=
60,39,QUrw8UHO7Q0zumZ8O/LV6ZjlanA=,bqaCC6jsj+xPpPCCf0ms+sh6v84=
57,40,QUrw8UHO7Q0zumZ8O/LV6ZjlanA=,CaXtYUqNlmpEvGkwIo/CDqek3ow=
57,39,QUrw8UHO7Q0zumZ8O/LV6ZjlanA=,bqaCC6jsj+xPpPCCf0ms+sh6v84=
56,45,QUrw8UHO7Q0zumZ8O/LV6ZjlanA=,CaXtYUqNlmpEvGkwIo/CDqek3ow=
52,39,QUrw8UHO7Q0zumZ8O/LV6ZjlanA=,wvgmuFRwMgpIeU70JrCGwacNc4Q=
56,44,QUrw8UHO7Q0zumZ8O/LV6ZjlanA=,CaXtYUqNlmpEvGkwIo/CDqek3ow=
55,46,QUrw8UHO7Q0zumZ8O/LV6ZjlanA=,eBQF2YC4VyJNDr8dHVBf57oS7UA=
52,46,QUrw8UHO7Q0zumZ8O/LV6ZjlanA=,eBQF2YC4VyJNDr8dHVBf57oS7UA=
50,39,QUrw8UHO7Q0zumZ8O/LV6ZjlanA=,wvgmuFRwMgpIeU70JrCGwacNc4Q=
49,46,QUrw8UHO7Q0zumZ8O/LV6ZjlanA=,eBQF2YC4VyJNDr8dHVBf57oS7UA=
51,46,QUrw8UHO7Q0zumZ8O/LV6ZjlanA=,eBQF2YC4VyJNDr8dHVBf57oS7UA=
53,45,QUrw8UHO7Q0zumZ8O/LV6ZjlanA=,eBQF2YC4VyJNDr8dHVBf57oS7UA=
49,39,QUrw8UHO7Q0zumZ8O/LV6ZjlanA=,wvgmuFRwMgpIeU70JrCGwacNc4Q=
50,45,QUrw8UHO7Q0zumZ8O/LV6ZjlanA=,eBQF2YC4VyJNDr8dHVBf57oS7UA=
49,45,QUrw8UHO7Q0zumZ8O/LV6ZjlanA=,eBQF2YC4VyJNDr8dHVBf57oS7UA=
55,44,QUrw8UHO7Q0zumZ8O/LV6ZjlanA=,eBQF2YC4VyJNDr8dHVBf57oS7UA=
52,44,QUrw8UHO7Q0zumZ8O/LV6ZjlanA=,eBQF2YC4VyJNDr8dHVBf57oS7UA=
51,45,QUrw8UHO7Q0zumZ8O/LV6ZjlanA=,eBQF2YC4VyJNDr8dHVBf57oS7UA=
54,44,QUrw8UHO7Q0zumZ8O/LV6ZjlanA=,eBQF2YC4VyJNDr8dHVBf57oS7UA=
53,39,QUrw8UHO7Q0zumZ8O/LV6ZjlanA=,wvgmuFRwMgpIeU70JrCGwacNc4Q=
49,43,QUrw8UHO7Q0zumZ8O/LV6ZjlanA=,eBQF2YC4VyJNDr8dHVBf57oS7UA=
50,46,QUrw8UHO7Q0zumZ8O/LV6ZjlanA=,eBQF2YC4VyJNDr8dHVBf57oS7UA=
53,44,QUrw8UHO7Q0zumZ8O/LV6ZjlanA=,eBQF2YC4VyJNDr8dHVBf57oS7UA=
51,43,QUrw8UHO7Q0zumZ8O/LV6ZjlanA=,eBQF2YC4VyJNDr8dHVBf57oS7UA=
53,46,QUrw8UHO7Q0zumZ8O/LV6ZjlanA=,eBQF2YC4VyJNDr8dHVBf57oS7UA=
51,42,QUrw8UHO7Q0zumZ8O/LV6ZjlanA=,eBQF2YC4VyJNDr8dHVBf57oS7UA=
54,43,QUrw8UHO7Q0zumZ8O/LV6ZjlanA=,eBQF2YC4VyJNDr8dHVBf57oS7UA=
54,41,QUrw8UHO7Q0zumZ8O/LV6ZjlanA=,eBQF2YC4VyJNDr8dHVBf57oS7UA=
53,43,QUrw8UHO7Q0zumZ8O/LV6ZjlanA=,eBQF2YC4VyJNDr8dHVBf57oS7UA=
50,41,QUrw8UHO7Q0zumZ8O/LV6ZjlanA=,eBQF2YC4VyJNDr8dHVBf57oS7UA=
56,42,QUrw8UHO7Q0zumZ8O/LV6ZjlanA=,CaXtYUqNlmpEvGkwIo/CDqek3ow=
55,41,QUrw8UHO7Q0zumZ8O/LV6ZjlanA=,eBQF2YC4VyJNDr8dHVBf57oS7UA=
55,39,QUrw8UHO7Q0zumZ8O/LV6ZjlanA=,wvgmuFRwMgpIeU70JrCGwacNc4Q=
52,43,QUrw8UHO7Q0zumZ8O/LV6ZjlanA=,eBQF2YC4VyJNDr8dHVBf57oS7UA=
55,43,QUrw8UHO7Q0zumZ8O/LV6ZjlanA=,eBQF2YC4VyJNDr8dHVBf57oS7UA=
53,42,QUrw8UHO7Q0zumZ8O/LV6ZjlanA=,eBQF2YC4VyJNDr8dHVBf57oS7UA=
52,45,QUrw8UHO7Q0zumZ8O/LV6ZjlanA=,eBQF2YC4VyJNDr8dHVBf57oS7UA=
56,41,QUrw8UHO7Q0zumZ8O/LV6ZjlanA=,CaXtYUqNlmpEvGkwIo/CDqek3ow=
50,42,QUrw8UHO7Q0zumZ8O/LV6ZjlanA=,eBQF2YC4VyJNDr8dHVBf57oS7UA=
49,41,QUrw8UHO7Q0zumZ8O/LV6ZjlanA=,eBQF2YC4VyJNDr8dHVBf57oS7UA=
54,40,QUrw8UHO7Q0zumZ8O/LV6ZjlanA=,eBQF2YC4VyJNDr8dHVBf57oS7UA=
55,42,QUrw8UHO7Q0zumZ8O/LV6ZjlanA=,eBQF2YC4VyJNDr8dHVBf57oS7UA=
50,43,QUrw8UHO7Q0zumZ8O/LV6ZjlanA=,eBQF2YC4VyJNDr8dHVBf57oS7UA=
53,41,QUrw8UHO7Q0zumZ8O/LV6ZjlanA=,eBQF2YC4VyJNDr8dHVBf57oS7UA=
56,43,QUrw8UHO7Q0zumZ8O/LV6ZjlanA=,CaXtYUqNlmpEvGkwIo/CDqek3ow=
52,41,QUrw8UHO7Q0zumZ8O/LV6ZjlanA=,eBQF2YC4VyJNDr8dHVBf57oS7UA=
49,42,QUrw8UHO7Q0zumZ8O/LV6ZjlanA=,eBQF2YC4VyJNDr8dHVBf57oS7UA=
51,41,QUrw8UHO7Q0zumZ8O/LV6ZjlanA=,eBQF2YC4VyJNDr8dHVBf57oS7UA=
50,44,QUrw8UHO7Q0zumZ8O/LV6ZjlanA=,eBQF2YC4VyJNDr8dHVBf57oS7UA=
53,40,QUrw8UHO7Q0zumZ8O/LV6ZjlanA=,eBQF2YC4VyJNDr8dHVBf57oS7UA=
54,45,QUrw8UHO7Q0zumZ8O/LV6ZjlanA=,eBQF2YC4VyJNDr8dHVBf57oS7UA=
51,39,QUrw8UHO7Q0zumZ8O/LV6ZjlanA=,wvgmuFRwMgpIeU70JrCGwacNc4Q=
54,46,QUrw8UHO7Q0zumZ8O/LV6ZjlanA=,eBQF2YC4VyJNDr8dHVBf57oS7UA=
51,40,QUrw8UHO7Q0zumZ8O/LV6ZjlanA=,eBQF2YC4VyJNDr8dHVBf57oS7UA=
51,44,QUrw8UHO7Q0zumZ8O/LV6ZjlanA=,eBQF2YC4VyJNDr8dHVBf57oS7UA=
54,39,QUrw8UHO7Q0zumZ8O/LV6ZjlanA=,wvgmuFRwMgpIeU70JrCGwacNc4Q=
56,46,QUrw8UHO7Q0zumZ8O/LV6ZjlanA=,CaXtYUqNlmpEvGkwIo/CDqek3ow=
52,40,QUrw8UHO7Q0zumZ8O/LV6ZjlanA=,eBQF2YC4VyJNDr8dHVBf57oS7UA=
50,40,QUrw8UHO7Q0zumZ8O/LV6ZjlanA=,eBQF2YC4VyJNDr8dHVBf57oS7UA=
56,40,QUrw8UHO7Q0zumZ8O/LV6ZjlanA=,CaXtYUqNlmpEvGkwIo/CDqek3ow=
54,42,QUrw8UHO7Q0zumZ8O/LV6ZjlanA=,eBQF2YC4VyJNDr8dHVBf57oS7UA=
49,44,QUrw8UHO7Q0zumZ8O/LV6ZjlanA=,eBQF2YC4VyJNDr8dHVBf57oS7UA=
56,39,QUrw8UHO7Q0zumZ8O/LV6ZjlanA=,bqaCC6jsj+xPpPCCf0ms+sh6v84=
55,45,QUrw8UHO7Q0zumZ8O/LV6ZjlanA=,eBQF2YC4VyJNDr8dHVBf57oS7UA=
49,40,QUrw8UHO7Q0zumZ8O/LV6ZjlanA=,eBQF2YC4VyJNDr8dHVBf57oS7UA=
55,40,QUrw8UHO7Q0zumZ8O/LV6ZjlanA=,eBQF2YC4VyJNDr8dHVBf57oS7UA=
52,42,QUrw8UHO7Q0zumZ8O/LV6ZjlanA=,eBQF2YC4VyJNDr8dHVBf57oS7UA=
63,34,QUrw8UHO7Q0zumZ8O/LV6ZjlanA=,bqaCC6jsj+xPpPCCf0ms+sh6v84=
63,33,QUrw8UHO7Q0zumZ8O/LV6ZjlanA=,bqaCC6jsj+xPpPCCf0ms+sh6v84=
63,36,QUrw8UHO7Q0zumZ8O/LV6ZjlanA=,bqaCC6jsj+xPpPCCf0ms+sh6v84=
63,37,QUrw8UHO7Q0zumZ8O/LV6ZjlanA=,bqaCC6jsj+xPpPCCf0ms+sh6v84=
63,38,QUrw8UHO7Q0zumZ8O/LV6ZjlanA=,bqaCC6jsj+xPpPCCf0ms+sh6v84=
63,35,QUrw8UHO7Q0zumZ8O/LV6ZjlanA=,bqaCC6jsj+xPpPCCf0ms+sh6v84=
63,40,QUrw8UHO7Q0zumZ8O/LV6ZjlanA=,CaXtYUqNlmpEvGkwIo/CDqek3ow=
63,44,QUrw8UHO7Q0zumZ8O/LV6ZjlanA=,CaXtYUqNlmpEvGkwIo/CDqek3ow=
63,43,QUrw8UHO7Q0zumZ8O/LV6ZjlanA=,CaXtYUqNlmpEvGkwIo/CDqek3ow=
63,46,QUrw8UHO7Q0zumZ8O/LV6ZjlanA=,CaXtYUqNlmpEvGkwIo/CDqek3ow=
63,39,QUrw8UHO7Q0zumZ8O/LV6ZjlanA=,bqaCC6jsj+xPpPCCf0ms+sh6v84=
63,45,QUrw8UHO7Q0zumZ8O/LV6ZjlanA=,CaXtYUqNlmpEvGkwIo/CDqek3ow=
63,42,QUrw8UHO7Q0zumZ8O/LV6ZjlanA=,CaXtYUqNlmpEvGkwIo/CDqek3ow=
63,41,QUrw8UHO7Q0zumZ8O/LV6ZjlanA=,CaXtYUqNlmpEvGkwIo/CDqek3ow=
58,32,QUrw8UHO7Q0zumZ8O/LV6ZjlanA=,bqaCC6jsj+xPpPCCf0ms+sh6v84=
57,32,QUrw8UHO7Q0zumZ8O/LV6ZjlanA=,bqaCC6jsj+xPpPCCf0ms+sh6v84=
59,32,QUrw8UHO7Q0zumZ8O/LV6ZjlanA=,bqaCC6jsj+xPpPCCf0ms+sh6v84=
60,32,QUrw8UHO7Q0zumZ8O/LV6ZjlanA=,bqaCC6jsj+xPpPCCf0ms+sh6v84=
61,32,QUrw8UHO7Q0zumZ8O/LV6ZjlanA=,bqaCC6jsj+xPpPCCf0ms+sh6v84=
62,32,QUrw8UHO7Q0zumZ8O/LV6ZjlanA=,bqaCC6jsj+xPpPCCf0ms+sh6v84=
56,32,QUrw8UHO7Q0zumZ8O/LV6ZjlanA=,bqaCC6jsj+xPpPCCf0ms+sh6v84=
52,32,QUrw8UHO7Q0zumZ8O/LV6ZjlanA=,wvgmuFRwMgpIeU70JrCGwacNc4Q=
51,32,QUrw8UHO7Q0zumZ8O/LV6ZjlanA=,wvgmuFRwMgpIeU70JrCGwacNc4Q=
50,32,QUrw8UHO7Q0zumZ8O/LV6ZjlanA=,wvgmuFRwMgpIeU70JrCGwacNc4Q=
49,32,QUrw8UHO7Q0zumZ8O/LV6ZjlanA=,wvgmuFRwMgpIeU70JrCGwacNc4Q=
55,32,QUrw8UHO7Q0zumZ8O/LV6ZjlanA=,wvgmuFRwMgpIeU70JrCGwacNc4Q=
53,32,QUrw8UHO7Q0zumZ8O/LV6ZjlanA=,wvgmuFRwMgpIeU70JrCGwacNc4Q=
54,32,QUrw8UHO7Q0zumZ8O/LV6ZjlanA=,wvgmuFRwMgpIeU70JrCGwacNc4Q=
48,36,QUrw8UHO7Q0zumZ8O/LV6ZjlanA=,wvgmuFRwMgpIeU70JrCGwacNc4Q=
48,33,QUrw8UHO7Q0zumZ8O/LV6ZjlanA=,wvgmuFRwMgpIeU70JrCGwacNc4Q=
48,34,QUrw8UHO7Q0zumZ8O/LV6ZjlanA=,wvgmuFRwMgpIeU70JrCGwacNc4Q=
48,35,QUrw8UHO7Q0zumZ8O/LV6ZjlanA=,wvgmuFRwMgpIeU70JrCGwacNc4Q=
48,38,QUrw8UHO7Q0zumZ8O/LV6ZjlanA=,wvgmuFRwMgpIeU70JrCGwacNc4Q=
48,37,QUrw8UHO7Q0zumZ8O/LV6ZjlanA=,wvgmuFRwMgpIeU70JrCGwacNc4Q=
50,47,QUrw8UHO7Q0zumZ8O/LV6ZjlanA=,eBQF2YC4VyJNDr8dHVBf57oS7UA=
49,47,QUrw8UHO7Q0zumZ8O/LV6ZjlanA=,eBQF2YC4VyJNDr8dHVBf57oS7UA=
52,47,QUrw8UHO7Q0zumZ8O/LV6ZjlanA=,eBQF2YC4VyJNDr8dHVBf57oS7UA=
51,47,QUrw8UHO7Q0zumZ8O/LV6ZjlanA=,eBQF2YC4VyJNDr8dHVBf57oS7UA=
54,47,QUrw8UHO7Q0zumZ8O/LV6ZjlanA=,eBQF2YC4VyJNDr8dHVBf57oS7UA=
53,47,QUrw8UHO7Q0zumZ8O/LV6ZjlanA=,eBQF2YC4VyJNDr8dHVBf57oS7UA=
48,46,QUrw8UHO7Q0zumZ8O/LV6ZjlanA=,eBQF2YC4VyJNDr8dHVBf57oS7UA=
48,45,QUrw8UHO7Q0zumZ8O/LV6ZjlanA=,eBQF2YC4VyJNDr8dHVBf57oS7UA=
48,43,QUrw8UHO7Q0zumZ8O/LV6ZjlanA=,eBQF2YC4VyJNDr8dHVBf57oS7UA=
48,44,QUrw8UHO7Q0zumZ8O/LV6ZjlanA=,eBQF2YC4VyJNDr8dHVBf57oS7UA=
48,42,QUrw8UHO7Q0zumZ8O/LV6ZjlanA=,eBQF2YC4VyJNDr8dHVBf57oS7UA=
48,39,QUrw8UHO7Q0zumZ8O/LV6ZjlanA=,wvgmuFRwMgpIeU70JrCGwacNc4Q=
48,40,QUrw8UHO7Q0zumZ8O/LV6ZjlanA=,eBQF2YC4VyJNDr8dHVBf57oS7UA=
48,41,QUrw8UHO7Q0zumZ8O/LV6ZjlanA=,eBQF2YC4VyJNDr8dHVBf57oS7UA=
59,47,QUrw8UHO7Q0zumZ8O/LV6ZjlanA=,CaXtYUqNlmpEvGkwIo/CDqek3ow=
58,47,QUrw8UHO7Q0zumZ8O/LV6ZjlanA=,CaXtYUqNlmpEvGkwIo/CDqek3ow=
62,47,QUrw8UHO7Q0zumZ8O/LV6ZjlanA=,CaXtYUqNlmpEvGkwIo/CDqek3ow=
60,47,QUrw8UHO7Q0zumZ8O/LV6ZjlanA=,CaXtYUqNlmpEvGkwIo/CDqek3ow=
57,47,QUrw8UHO7Q0zumZ8O/LV6ZjlanA=,CaXtYUqNlmpEvGkwIo/CDqek3ow=
61,47,QUrw8UHO7Q0zumZ8O/LV6ZjlanA=,CaXtYUqNlmpEvGkwIo/CDqek3ow=
55,47,QUrw8UHO7Q0zumZ8O/LV6ZjlanA=,eBQF2YC4VyJNDr8dHVBf57oS7UA=
56,47,QUrw8UHO7Q0zumZ8O/LV6ZjlanA=,CaXtYUqNlmpEvGkwIo/CDqek3ow=
48,47,QUrw8UHO7Q0zumZ8O/LV6ZjlanA=,eBQF2YC4VyJNDr8dHVBf57oS7UA=
63,47,QUrw8UHO7Q0zumZ8O/LV6ZjlanA=,CaXtYUqNlmpEvGkwIo/CDqek3ow=
48,32,QUrw8UHO7Q0zumZ8O/LV6ZjlanA=,wvgmuFRwMgpIeU70JrCGwacNc4Q=
63,32,QUrw8UHO7Q0zumZ8O/LV6ZjlanA=,bqaCC6jsj+xPpPCCf0ms+sh6v84=
