97,-101,0m1iz8x3ZV6mUHGFavEqZrV6Sdo=,JaCtDUOY2y5J82RDyeWaLKCHd9U=
101,-98,0m1iz8x3ZV6mUHGFavEqZrV6Sdo=,JaCtDUOY2y5J82RDyeWaLKCHd9U=
99,-104,0m1iz8x3ZV6mUHGFavEqZrV6Sdo=,JaCtDUOY2y5J82RDyeWaLKCHd9U=
96,-101,0m1iz8x3ZV6mUHGFavEqZrV6Sdo=,JaCtDUOY2y5J82RDyeWaLKCHd9U=
100,-98,0m1iz8x3ZV6mUHGFavEqZrV6Sdo=,JaCtDUOY2y5J82RDyeWaLKCHd9U=
98,-97,0m1iz8x3ZV6mUHGFavEqZrV6Sdo=,JaCtDUOY2y5J82RDyeWaLKCHd9U=
98,-104,0m1iz8x3ZV6mUHGFavEqZrV6Sdo=,JaCtDUOY2y5J82RDyeWaLKCHd9U=
99,-103,0m1iz8x3ZV6mUHGFavEqZrV6Sdo=,JaCtDUOY2y5J82RDyeWaLKCHd9U=
98,-103,0m1iz8x3ZV6mUHGFavEqZrV6Sdo=,JaCtDUOY2y5J82RDyeWaLKCHd9U=
103,-101,0m1iz8x3ZV6mUHGFavEqZrV6Sdo=,JaCtDUOY2y5J82RDyeWaLKCHd9U=
97,-103,0m1iz8x3ZV6mUHGFavEqZrV6Sdo=,JaCtDUOY2y5J82RDyeWaLKCHd9U=
96,-103,0m1iz8x3ZV6mUHGFavEqZrV6Sdo=,JaCtDUOY2y5J82RDyeWaLKCHd9U=
103,-104,0m1iz8x3ZV6mUHGFavEqZrV6Sdo=,JaCtDUOY2y5J82RDyeWaLKCHd9U=
102,-104,0m1iz8x3ZV6mUHGFavEqZrV6Sdo=,JaCtDUOY2y5J82RDyeWaLKCHd9U=
97,-104,0m1iz8x3ZV6mUHGFavEqZrV6Sdo=,JaCtDUOY2y5J82RDyeWaLKCHd9U=
101,-104,0m1iz8x3ZV6mUHGFavEqZrV6Sdo=,JaCtDUOY2y5J82RDyeWaLKCHd9U=
101,-99,0m1iz8x3ZV6mUHGFavEqZrV6Sdo=,JaCtDUOY2y5J82RDyeWaLKCHd9U=
99,-98,0m1iz8x3ZV6mUHGFavEqZrV6Sdo=,JaCtDUOY2y5J82RDyeWaLKCHd9U=
100,-99,0m1iz8x3ZV6mUHGFavEqZrV6Sdo=,JaCtDUOY2y5J82RDyeWaLKCHd9U=
98,-99,0m1iz8x3ZV6mUHGFavEqZrV6Sdo=,JaCtDUOY2y5J82RDyeWaLKCHd9U=
99,-99,0m1iz8x3ZV6mUHGFavEqZrV6Sdo=,JaCtDUOY2y5J82RDyeWaLKCHd9U=
97,-99,0m1iz8x3ZV6mUHGFavEqZrV6Sdo=,JaCtDUOY2y5J82RDyeWaLKCHd9U=
96,-99,0m1iz8x3ZV6mUHGFavEqZrV6Sdo=,JaCtDUOY2y5J82RDyeWaLKCHd9U=
103,-100,0m1iz8x3ZV6mUHGFavEqZrV6Sdo=,JaCtDUOY2y5J82RDyeWaLKCHd9U=
98,-98,0m1iz8x3ZV6mUHGFavEqZrV6Sdo=,JaCtDUOY2y5J82RDyeWaLKCHd9U=
96,-102,0m1iz8x3ZV6mUHGFavEqZrV6Sdo=,JaCtDUOY2y5J82RDyeWaLKCHd9U=
97,-98,0m1iz8x3ZV6mUHGFavEqZrV6Sdo=,JaCtDUOY2y5J82RDyeWaLKCHd9U=
102,-101,0m1iz8x3ZV6mUHGFavEqZrV6Sdo=,JaCtDUOY2y5J82RDyeWaLKCHd9U=
103,-102,0m1iz8x3ZV6mUHGFavEqZrV6Sdo=,JaCtDUOY2y5J82RDyeWaLKCHd9U=
96,-98,0m1iz8x3ZV6mUHGFavEqZrV6Sdo=,JaCtDUOY2y5J82RDyeWaLKCHd9U=
97,-97,0m1iz8x3ZV6mUHGFavEqZrV6Sdo=,JaCtDUOY2y5J82RDyeWaLKCHd9U=
101,-101,0m1iz8x3ZV6mUHGFavEqZrV6Sdo=,JaCtDUOY2y5J82RDyeWaLKCHd9U=
100,-101,0m1iz8x3ZV6mUHGFavEqZrV6Sdo=,JaCtDUOY2y5J82RDyeWaLKCHd9U=
103,-99,0m1iz8x3ZV6mUHGFavEqZrV6Sdo=,JaCtDUOY2y5J82RDyeWaLKCHd9U=
102,-100,0m1iz8x3ZV6mUHGFavEqZrV6Sdo=,JaCtDUOY2y5J82RDyeWaLKCHd9U=
102,-102,0m1iz8x3ZV6mUHGFavEqZrV6Sdo=,JaCtDUOY2y5J82RDyeWaLKCHd9U=
101,-102,0m1iz8x3ZV6mUHGFavEqZrV6Sdo=,JaCtDUOY2y5J82RDyeWaLKCHd9U=
99,-101,0m1iz8x3ZV6mUHGFavEqZrV6Sdo=,JaCtDUOY2y5J82RDyeWaLKCHd9U=
101,-100,0m1iz8x3ZV6mUHGFavEqZrV6Sdo=,JaCtDUOY2y5J82RDyeWaLKCHd9U=
100,-104,0m1iz8x3ZV6mUHGFavEqZrV6Sdo=,JaCtDUOY2y5J82RDyeWaLKCHd9U=
96,-97,0m1iz8x3ZV6mUHGFavEqZrV6Sdo=,JaCtDUOY2y5J82RDyeWaLKCHd9U=
100,-100,0m1iz8x3ZV6mUHGFavEqZrV6Sdo=,JaCtDUOY2y5J82RDyeWaLKCHd9U=
99,-100,0m1iz8x3ZV6mUHGFavEqZrV6Sdo=,JaCtDUOY2y5J82RDyeWaLKCHd9U=
98,-101,0m1iz8x3ZV6mUHGFavEqZrV6Sdo=,JaCtDUOY2y5J82RDyeWaLKCHd9U=
97,-100,0m1iz8x3ZV6mUHGFavEqZrV6Sdo=,JaCtDUOY2y5J82RDyeWaLKCHd9U=
96,-100,0m1iz8x3ZV6mUHGFavEqZrV6Sdo=,JaCtDUOY2y5J82RDyeWaLKCHd9U=
103,-103,0m1iz8x3ZV6mUHGFavEqZrV6Sdo=,JaCtDUOY2y5J82RDyeWaLKCHd9U=
99,-102,0m1iz8x3ZV6mUHGFavEqZrV6Sdo=,JaCtDUOY2y5J82RDyeWaLKCHd9U=
103,-97,0m1iz8x3ZV6mUHGFavEqZrV6Sdo=,JaCtDUOY2y5J82RDyeWaLKCHd9U=
102,-103,0m1iz8x3ZV6mUHGFavEqZrV6Sdo=,JaCtDUOY2y5J82RDyeWaLKCHd9U=
100,-102,0m1iz8x3ZV6mUHGFavEqZrV6Sdo=,JaCtDUOY2y5J82RDyeWaLKCHd9U=
96,-104,0m1iz8x3ZV6mUHGFavEqZrV6Sdo=,JaCtDUOY2y5J82RDyeWaLKCHd9U=
102,-97,0m1iz8x3ZV6mUHGFavEqZrV6Sdo=,JaCtDUOY2y5J82RDyeWaLKCHd9U=
103,-98,0m1iz8x3ZV6mUHGFavEqZrV6Sdo=,JaCtDUOY2y5J82RDyeWaLKCHd9U=
101,-103,0m1iz8x3ZV6mUHGFavEqZrV6Sdo=,JaCtDUOY2y5J82RDyeWaLKCHd9U=
101,-97,0m1iz8x3ZV6mUHGFavEqZrV6Sdo=,JaCtDUOY2y5J82RDyeWaLKCHd9U=
98,-102,0m1iz8x3ZV6mUHGFavEqZrV6Sdo=,JaCtDUOY2y5J82RDyeWaLKCHd9U=
102,-99,0m1iz8x3ZV6mUHGFavEqZrV6Sdo=,JaCtDUOY2y5J82RDyeWaLKCHd9U=
102,-98,0m1iz8x3ZV6mUHGFavEqZrV6Sdo=,JaCtDUOY2y5J82RDyeWaLKCHd9U=
100,-103,0m1iz8x3ZV6mUHGFavEqZrV6Sdo=,JaCtDUOY2y5J82RDyeWaLKCHd9U=
97,-102,0m1iz8x3ZV6mUHGFavEqZrV6Sdo=,JaCtDUOY2y5J82RDyeWaLKCHd9U=
100,-97,0m1iz8x3ZV6mUHGFavEqZrV6Sdo=,JaCtDUOY2y5J82RDyeWaLKCHd9U=
99,-97,0m1iz8x3ZV6mUHGFavEqZrV6Sdo=,JaCtDUOY2y5J82RDyeWaLKCHd9U=
98,-100,0m1iz8x3ZV6mUHGFavEqZrV6Sdo=,JaCtDUOY2y5J82RDyeWaLKCHd9U=
