-12,-45,qEk2+TZ0Ofw884p7OSMelPl1Zmo=,aRfFdiGwyTs/aBPQcxRCADOoJFo=
-13,-45,qEk2+TZ0Ofw884p7OSMelPl1Zmo=,aRfFdiGwyTs/aBPQcxRCADOoJFo=
-13,-46,qEk2+TZ0Ofw884p7OSMelPl1Zmo=,aRfFdiGwyTs/aBPQcxRCADOoJFo=
-12,-47,qEk2+TZ0Ofw884p7OSMelPl1Zmo=,aRfFdiGwyTs/aBPQcxRCADOoJFo=
-13,-47,qEk2+TZ0Ofw884p7OSMelPl1Zmo=,aRfFdiGwyTs/aBPQcxRCADOoJFo=
-12,-48,qEk2+TZ0Ofw884p7OSMelPl1Zmo=,aRfFdiGwyTs/aBPQcxRCADOoJFo=
-13,-48,qEk2+TZ0Ofw884p7OSMelPl1Zmo=,aRfFdiGwyTs/aBPQcxRCADOoJFo=
-12,-44,qEk2+TZ0Ofw884p7OSMelPl1Zmo=,aRfFdiGwyTs/aBPQcxRCADOoJFo=
-13,-44,qEk2+TZ0Ofw884p7OSMelPl1Zmo=,aRfFdiGwyTs/aBPQcxRCADOoJFo=
-12,-46,qEk2+TZ0Ofw884p7OSMelPl1Zmo=,aRfFdiGwyTs/aBPQcxRCADOoJFo=
-16,-37,2Kh3pr6LHtfGEYvLTcpfe52iABI=,N0dvkieC3JTYbV32WKgMICwp8YQ=
-12,-38,2Kh3pr6LHtfGEYvLTcpfe52iABI=,N0dvkieC3JTYbV32WKgMICwp8YQ=
-12,-39,2Kh3pr6LHtfGEYvLTcpfe52iABI=,N0dvkieC3JTYbV32WKgMICwp8YQ=
-13,-39,2Kh3pr6LHtfGEYvLTcpfe52iABI=,N0dvkieC3JTYbV32WKgMICwp8YQ=
-13,-33,2Kh3pr6LHtfGEYvLTcpfe52iABI=,N0dvkieC3JTYbV32WKgMICwp8YQ=
-13,-38,2Kh3pr6LHtfGEYvLTcpfe52iABI=,N0dvkieC3JTYbV32WKgMICwp8YQ=
-12,-34,2Kh3pr6LHtfGEYvLTcpfe52iABI=,N0dvkieC3JTYbV32WKgMICwp8YQ=
-12,-40,2Kh3pr6LHtfGEYvLTcpfe52iABI=,N0dvkieC3JTYbV32WKgMICwp8YQ=
-14,-37,2Kh3pr6LHtfGEYvLTcpfe52iABI=,N0dvkieC3JTYbV32WKgMICwp8YQ=
-12,-33,2Kh3pr6LHtfGEYvLTcpfe52iABI=,N0dvkieC3JTYbV32WKgMICwp8YQ=
-13,-40,2Kh3pr6LHtfGEYvLTcpfe52iABI=,N0dvkieC3JTYbV32WKgMICwp8YQ=
-13,-37,2Kh3pr6LHtfGEYvLTcpfe52iABI=,N0dvkieC3JTYbV32WKgMICwp8YQ=
-12,-41,2Kh3pr6LHtfGEYvLTcpfe52iABI=,aRfFdiGwyTs/aBPQcxRCADOoJFo=
-13,-41,2Kh3pr6LHtfGEYvLTcpfe52iABI=,aRfFdiGwyTs/aBPQcxRCADOoJFo=
-16,-36,2Kh3pr6LHtfGEYvLTcpfe52iABI=,N0dvkieC3JTYbV32WKgMICwp8YQ=
-12,-42,2Kh3pr6LHtfGEYvLTcpfe52iABI=,aRfFdiGwyTs/aBPQcxRCADOoJFo=
-13,-42,2Kh3pr6LHtfGEYvLTcpfe52iABI=,aRfFdiGwyTs/aBPQcxRCADOoJFo=
-12,-43,2Kh3pr6LHtfGEYvLTcpfe52iABI=,aRfFdiGwyTs/aBPQcxRCADOoJFo=
-13,-43,2Kh3pr6LHtfGEYvLTcpfe52iABI=,aRfFdiGwyTs/aBPQcxRCADOoJFo=
-12,-37,2Kh3pr6LHtfGEYvLTcpfe52iABI=,N0dvkieC3JTYbV32WKgMICwp8YQ=
-14,-36,2Kh3pr6LHtfGEYvLTcpfe52iABI=,N0dvkieC3JTYbV32WKgMICwp8YQ=
-13,-34,2Kh3pr6LHtfGEYvLTcpfe52iABI=,N0dvkieC3JTYbV32WKgMICwp8YQ=
-12,-36,2Kh3pr6LHtfGEYvLTcpfe52iABI=,N0dvkieC3JTYbV32WKgMICwp8YQ=
-15,-36,2Kh3pr6LHtfGEYvLTcpfe52iABI=,N0dvkieC3JTYbV32WKgMICwp8YQ=
-13,-36,2Kh3pr6LHtfGEYvLTcpfe52iABI=,N0dvkieC3JTYbV32WKgMICwp8YQ=
-13,-35,2Kh3pr6LHtfGEYvLTcpfe52iABI=,N0dvkieC3JTYbV32WKgMICwp8YQ=
-12,-35,2Kh3pr6LHtfGEYvLTcpfe52iABI=,N0dvkieC3JTYbV32WKgMICwp8YQ=
-15,-37,2Kh3pr6LHtfGEYvLTcpfe52iABI=,N0dvkieC3JTYbV32WKgMICwp8YQ=
-16,-34,S/YZV4/Afml+bpM/Q8QYGjPE9/w=,N0dvkieC3JTYbV32WKgMICwp8YQ=
-15,-35,S/YZV4/Afml+bpM/Q8QYGjPE9/w=,N0dvkieC3JTYbV32WKgMICwp8YQ=
-16,-33,S/YZV4/Afml+bpM/Q8QYGjPE9/w=,N0dvkieC3JTYbV32WKgMICwp8YQ=
-16,-35,S/YZV4/Afml+bpM/Q8QYGjPE9/w=,N0dvkieC3JTYbV32WKgMICwp8YQ=
-15,-33,S/YZV4/Afml+bpM/Q8QYGjPE9/w=,N0dvkieC3JTYbV32WKgMICwp8YQ=
-14,-35,S/YZV4/Afml+bpM/Q8QYGjPE9/w=,N0dvkieC3JTYbV32WKgMICwp8YQ=
-15,-34,S/YZV4/Afml+bpM/Q8QYGjPE9/w=,N0dvkieC3JTYbV32WKgMICwp8YQ=
-14,-33,S/YZV4/Afml+bpM/Q8QYGjPE9/w=,N0dvkieC3JTYbV32WKgMICwp8YQ=
-14,-34,S/YZV4/Afml+bpM/Q8QYGjPE9/w=,N0dvkieC3JTYbV32WKgMICwp8YQ=
-15,-38,S/YZV4/Afml+bpM/Q8QYGjPE9/w=,N0dvkieC3JTYbV32WKgMICwp8YQ=
-16,-44,S/YZV4/Afml+bpM/Q8QYGjPE9/w=,aRfFdiGwyTs/aBPQcxRCADOoJFo=
-15,-44,S/YZV4/Afml+bpM/Q8QYGjPE9/w=,aRfFdiGwyTs/aBPQcxRCADOoJFo=
-14,-44,S/YZV4/Afml+bpM/Q8QYGjPE9/w=,aRfFdiGwyTs/aBPQcxRCADOoJFo=
-16,-43,S/YZV4/Afml+bpM/Q8QYGjPE9/w=,aRfFdiGwyTs/aBPQcxRCADOoJFo=
-15,-43,S/YZV4/Afml+bpM/Q8QYGjPE9/w=,aRfFdiGwyTs/aBPQcxRCADOoJFo=
-16,-42,S/YZV4/Afml+bpM/Q8QYGjPE9/w=,aRfFdiGwyTs/aBPQcxRCADOoJFo=
-15,-42,S/YZV4/Afml+bpM/Q8QYGjPE9/w=,aRfFdiGwyTs/aBPQcxRCADOoJFo=
-14,-42,S/YZV4/Afml+bpM/Q8QYGjPE9/w=,aRfFdiGwyTs/aBPQcxRCADOoJFo=
-16,-38,S/YZV4/Afml+bpM/Q8QYGjPE9/w=,N0dvkieC3JTYbV32WKgMICwp8YQ=
-16,-41,S/YZV4/Afml+bpM/Q8QYGjPE9/w=,aRfFdiGwyTs/aBPQcxRCADOoJFo=
-15,-41,S/YZV4/Afml+bpM/Q8QYGjPE9/w=,aRfFdiGwyTs/aBPQcxRCADOoJFo=
-14,-43,S/YZV4/Afml+bpM/Q8QYGjPE9/w=,aRfFdiGwyTs/aBPQcxRCADOoJFo=
-14,-45,UyF66VEE8gjo48grbB8m7Nhw6+A=,aRfFdiGwyTs/aBPQcxRCADOoJFo=
-14,-41,UyF66VEE8gjo48grbB8m7Nhw6+A=,aRfFdiGwyTs/aBPQcxRCADOoJFo=
-14,-39,UyF66VEE8gjo48grbB8m7Nhw6+A=,N0dvkieC3JTYbV32WKgMICwp8YQ=
-16,-40,UyF66VEE8gjo48grbB8m7Nhw6+A=,N0dvkieC3JTYbV32WKgMICwp8YQ=
-15,-39,UyF66VEE8gjo48grbB8m7Nhw6+A=,N0dvkieC3JTYbV32WKgMICwp8YQ=
-15,-40,UyF66VEE8gjo48grbB8m7Nhw6+A=,N0dvkieC3JTYbV32WKgMICwp8YQ=
-14,-40,UyF66VEE8gjo48grbB8m7Nhw6+A=,N0dvkieC3JTYbV32WKgMICwp8YQ=
-16,-39,UyF66VEE8gjo48grbB8m7Nhw6+A=,N0dvkieC3JTYbV32WKgMICwp8YQ=
-16,-45,UyF66VEE8gjo48grbB8m7Nhw6+A=,aRfFdiGwyTs/aBPQcxRCADOoJFo=
-14,-38,UyF66VEE8gjo48grbB8m7Nhw6+A=,N0dvkieC3JTYbV32WKgMICwp8YQ=
-15,-45,UyF66VEE8gjo48grbB8m7Nhw6+A=,aRfFdiGwyTs/aBPQcxRCADOoJFo=
-14,-46,UyF66VEE8gjo48grbB8m7Nhw6+A=,aRfFdiGwyTs/aBPQcxRCADOoJFo=
-15,-46,UyF66VEE8gjo48grbB8m7Nhw6+A=,aRfFdiGwyTs/aBPQcxRCADOoJFo=
-16,-48,UyF66VEE8gjo48grbB8m7Nhw6+A=,aRfFdiGwyTs/aBPQcxRCADOoJFo=
-16,-46,UyF66VEE8gjo48grbB8m7Nhw6+A=,aRfFdiGwyTs/aBPQcxRCADOoJFo=
-14,-47,UyF66VEE8gjo48grbB8m7Nhw6+A=,aRfFdiGwyTs/aBPQcxRCADOoJFo=
-15,-48,UyF66VEE8gjo48grbB8m7Nhw6+A=,aRfFdiGwyTs/aBPQcxRCADOoJFo=
-15,-47,UyF66VEE8gjo48grbB8m7Nhw6+A=,aRfFdiGwyTs/aBPQcxRCADOoJFo=
-16,-47,UyF66VEE8gjo48grbB8m7Nhw6+A=,aRfFdiGwyTs/aBPQcxRCADOoJFo=
-14,-48,UyF66VEE8gjo48grbB8m7Nhw6+A=,aRfFdiGwyTs/aBPQcxRCADOoJFo=
-1,-37,oXEfg0JGwwyFkn/SEQ5KAW2pUh0=,ijBFdDtVK+R9q7rAGRSN4DV441A=
-9,-33,oXEfg0JGwwyFkn/SEQ5KAW2pUh0=,N0dvkieC3JTYbV32WKgMICwp8YQ=
-8,-36,oXEfg0JGwwyFkn/SEQ5KAW2pUh0=,ijBFdDtVK+R9q7rAGRSN4DV441A=
-10,-33,NYXAtibp1sZzjdAgDzhoRowuVeM=,N0dvkieC3JTYbV32WKgMICwp8YQ=
-5,-37,NYXAtibp1sZzjdAgDzhoRowuVeM=,ijBFdDtVK+R9q7rAGRSN4DV441A=
-8,-37,NYXAtibp1sZzjdAgDzhoRowuVeM=,ijBFdDtVK+R9q7rAGRSN4DV441A=
-1,-33,NYXAtibp1sZzjdAgDzhoRowuVeM=,ijBFdDtVK+R9q7rAGRSN4DV441A=
-3,-33,NYXAtibp1sZzjdAgDzhoRowuVeM=,ijBFdDtVK+R9q7rAGRSN4DV441A=
-4,-33,NYXAtibp1sZzjdAgDzhoRowuVeM=,ijBFdDtVK+R9q7rAGRSN4DV441A=
-2,-33,NYXAtibp1sZzjdAgDzhoRowuVeM=,ijBFdDtVK+R9q7rAGRSN4DV441A=
-11,-33,NYXAtibp1sZzjdAgDzhoRowuVeM=,N0dvkieC3JTYbV32WKgMICwp8YQ=
-10,-36,NYXAtibp1sZzjdAgDzhoRowuVeM=,N0dvkieC3JTYbV32WKgMICwp8YQ=
-5,-33,NYXAtibp1sZzjdAgDzhoRowuVeM=,ijBFdDtVK+R9q7rAGRSN4DV441A=
-1,-34,NYXAtibp1sZzjdAgDzhoRowuVeM=,ijBFdDtVK+R9q7rAGRSN4DV441A=
-1,-35,NYXAtibp1sZzjdAgDzhoRowuVeM=,ijBFdDtVK+R9q7rAGRSN4DV441A=
-2,-36,NYXAtibp1sZzjdAgDzhoRowuVeM=,ijBFdDtVK+R9q7rAGRSN4DV441A=
-2,-34,NYXAtibp1sZzjdAgDzhoRowuVeM=,ijBFdDtVK+R9q7rAGRSN4DV441A=
-7,-37,NYXAtibp1sZzjdAgDzhoRowuVeM=,ijBFdDtVK+R9q7rAGRSN4DV441A=
-2,-35,NYXAtibp1sZzjdAgDzhoRowuVeM=,ijBFdDtVK+R9q7rAGRSN4DV441A=
-5,-34,NYXAtibp1sZzjdAgDzhoRowuVeM=,ijBFdDtVK+R9q7rAGRSN4DV441A=
-4,-34,NYXAtibp1sZzjdAgDzhoRowuVeM=,ijBFdDtVK+R9q7rAGRSN4DV441A=
-11,-37,NYXAtibp1sZzjdAgDzhoRowuVeM=,N0dvkieC3JTYbV32WKgMICwp8YQ=
-10,-35,NYXAtibp1sZzjdAgDzhoRowuVeM=,N0dvkieC3JTYbV32WKgMICwp8YQ=
-5,-36,NYXAtibp1sZzjdAgDzhoRowuVeM=,ijBFdDtVK+R9q7rAGRSN4DV441A=
-3,-34,NYXAtibp1sZzjdAgDzhoRowuVeM=,ijBFdDtVK+R9q7rAGRSN4DV441A=
-5,-35,NYXAtibp1sZzjdAgDzhoRowuVeM=,ijBFdDtVK+R9q7rAGRSN4DV441A=
-6,-37,NYXAtibp1sZzjdAgDzhoRowuVeM=,ijBFdDtVK+R9q7rAGRSN4DV441A=
-4,-37,NYXAtibp1sZzjdAgDzhoRowuVeM=,ijBFdDtVK+R9q7rAGRSN4DV441A=
-3,-37,NYXAtibp1sZzjdAgDzhoRowuVeM=,ijBFdDtVK+R9q7rAGRSN4DV441A=
-8,-33,NYXAtibp1sZzjdAgDzhoRowuVeM=,ijBFdDtVK+R9q7rAGRSN4DV441A=
-3,-35,NYXAtibp1sZzjdAgDzhoRowuVeM=,ijBFdDtVK+R9q7rAGRSN4DV441A=
-1,-36,NYXAtibp1sZzjdAgDzhoRowuVeM=,ijBFdDtVK+R9q7rAGRSN4DV441A=
-4,-35,NYXAtibp1sZzjdAgDzhoRowuVeM=,ijBFdDtVK+R9q7rAGRSN4DV441A=
-11,-36,NYXAtibp1sZzjdAgDzhoRowuVeM=,N0dvkieC3JTYbV32WKgMICwp8YQ=
-2,-37,NYXAtibp1sZzjdAgDzhoRowuVeM=,ijBFdDtVK+R9q7rAGRSN4DV441A=
-3,-36,NYXAtibp1sZzjdAgDzhoRowuVeM=,ijBFdDtVK+R9q7rAGRSN4DV441A=
-9,-34,NYXAtibp1sZzjdAgDzhoRowuVeM=,N0dvkieC3JTYbV32WKgMICwp8YQ=
-10,-37,NYXAtibp1sZzjdAgDzhoRowuVeM=,N0dvkieC3JTYbV32WKgMICwp8YQ=
-4,-36,NYXAtibp1sZzjdAgDzhoRowuVeM=,ijBFdDtVK+R9q7rAGRSN4DV441A=
-9,-36,NYXAtibp1sZzjdAgDzhoRowuVeM=,N0dvkieC3JTYbV32WKgMICwp8YQ=
-7,-36,NYXAtibp1sZzjdAgDzhoRowuVeM=,ijBFdDtVK+R9q7rAGRSN4DV441A=
-6,-35,NYXAtibp1sZzjdAgDzhoRowuVeM=,ijBFdDtVK+R9q7rAGRSN4DV441A=
-11,-34,NYXAtibp1sZzjdAgDzhoRowuVeM=,N0dvkieC3JTYbV32WKgMICwp8YQ=
-10,-34,NYXAtibp1sZzjdAgDzhoRowuVeM=,N0dvkieC3JTYbV32WKgMICwp8YQ=
-6,-34,NYXAtibp1sZzjdAgDzhoRowuVeM=,ijBFdDtVK+R9q7rAGRSN4DV441A=
-7,-33,NYXAtibp1sZzjdAgDzhoRowuVeM=,ijBFdDtVK+R9q7rAGRSN4DV441A=
-9,-37,NYXAtibp1sZzjdAgDzhoRowuVeM=,N0dvkieC3JTYbV32WKgMICwp8YQ=
-8,-34,NYXAtibp1sZzjdAgDzhoRowuVeM=,ijBFdDtVK+R9q7rAGRSN4DV441A=
-6,-33,NYXAtibp1sZzjdAgDzhoRowuVeM=,ijBFdDtVK+R9q7rAGRSN4DV441A=
-7,-35,NYXAtibp1sZzjdAgDzhoRowuVeM=,ijBFdDtVK+R9q7rAGRSN4DV441A=
-7,-34,NYXAtibp1sZzjdAgDzhoRowuVeM=,ijBFdDtVK+R9q7rAGRSN4DV441A=
-6,-36,NYXAtibp1sZzjdAgDzhoRowuVeM=,ijBFdDtVK+R9q7rAGRSN4DV441A=
-9,-35,NYXAtibp1sZzjdAgDzhoRowuVeM=,N0dvkieC3JTYbV32WKgMICwp8YQ=
-8,-35,NYXAtibp1sZzjdAgDzhoRowuVeM=,ijBFdDtVK+R9q7rAGRSN4DV441A=
-8,-39,NYXAtibp1sZzjdAgDzhoRowuVeM=,ijBFdDtVK+R9q7rAGRSN4DV441A=
-3,-43,NYXAtibp1sZzjdAgDzhoRowuVeM=,TxFHl54XGAyQ5kkRRTn6vErK2vc=
-11,-35,NYXAtibp1sZzjdAgDzhoRowuVeM=,N0dvkieC3JTYbV32WKgMICwp8YQ=
-3,-40,NYXAtibp1sZzjdAgDzhoRowuVeM=,ijBFdDtVK+R9q7rAGRSN4DV441A=
-11,-46,NYXAtibp1sZzjdAgDzhoRowuVeM=,aRfFdiGwyTs/aBPQcxRCADOoJFo=
-2,-40,NYXAtibp1sZzjdAgDzhoRowuVeM=,ijBFdDtVK+R9q7rAGRSN4DV441A=
-7,-45,NYXAtibp1sZzjdAgDzhoRowuVeM=,TxFHl54XGAyQ5kkRRTn6vErK2vc=
-4,-43,NYXAtibp1sZzjdAgDzhoRowuVeM=,TxFHl54XGAyQ5kkRRTn6vErK2vc=
-8,-45,NYXAtibp1sZzjdAgDzhoRowuVeM=,TxFHl54XGAyQ5kkRRTn6vErK2vc=
-7,-42,NYXAtibp1sZzjdAgDzhoRowuVeM=,TxFHl54XGAyQ5kkRRTn6vErK2vc=
-1,-43,NYXAtibp1sZzjdAgDzhoRowuVeM=,TxFHl54XGAyQ5kkRRTn6vErK2vc=
-2,-43,NYXAtibp1sZzjdAgDzhoRowuVeM=,TxFHl54XGAyQ5kkRRTn6vErK2vc=
-10,-38,NYXAtibp1sZzjdAgDzhoRowuVeM=,N0dvkieC3JTYbV32WKgMICwp8YQ=
-5,-43,NYXAtibp1sZzjdAgDzhoRowuVeM=,TxFHl54XGAyQ5kkRRTn6vErK2vc=
-10,-39,NYXAtibp1sZzjdAgDzhoRowuVeM=,N0dvkieC3JTYbV32WKgMICwp8YQ=
-11,-39,NYXAtibp1sZzjdAgDzhoRowuVeM=,N0dvkieC3JTYbV32WKgMICwp8YQ=
-11,-38,NYXAtibp1sZzjdAgDzhoRowuVeM=,N0dvkieC3JTYbV32WKgMICwp8YQ=
-6,-43,NYXAtibp1sZzjdAgDzhoRowuVeM=,TxFHl54XGAyQ5kkRRTn6vErK2vc=
-9,-39,NYXAtibp1sZzjdAgDzhoRowuVeM=,N0dvkieC3JTYbV32WKgMICwp8YQ=
-7,-47,NYXAtibp1sZzjdAgDzhoRowuVeM=,TxFHl54XGAyQ5kkRRTn6vErK2vc=
-11,-45,NYXAtibp1sZzjdAgDzhoRowuVeM=,aRfFdiGwyTs/aBPQcxRCADOoJFo=
-4,-40,NYXAtibp1sZzjdAgDzhoRowuVeM=,ijBFdDtVK+R9q7rAGRSN4DV441A=
-2,-44,NYXAtibp1sZzjdAgDzhoRowuVeM=,TxFHl54XGAyQ5kkRRTn6vErK2vc=
-3,-44,NYXAtibp1sZzjdAgDzhoRowuVeM=,TxFHl54XGAyQ5kkRRTn6vErK2vc=
-10,-47,NYXAtibp1sZzjdAgDzhoRowuVeM=,aRfFdiGwyTs/aBPQcxRCADOoJFo=
-9,-47,NYXAtibp1sZzjdAgDzhoRowuVeM=,aRfFdiGwyTs/aBPQcxRCADOoJFo=
-7,-40,NYXAtibp1sZzjdAgDzhoRowuVeM=,ijBFdDtVK+R9q7rAGRSN4DV441A=
-1,-38,NYXAtibp1sZzjdAgDzhoRowuVeM=,ijBFdDtVK+R9q7rAGRSN4DV441A=
-10,-45,NYXAtibp1sZzjdAgDzhoRowuVeM=,aRfFdiGwyTs/aBPQcxRCADOoJFo=
-1,-44,NYXAtibp1sZzjdAgDzhoRowuVeM=,TxFHl54XGAyQ5kkRRTn6vErK2vc=
-7,-43,NYXAtibp1sZzjdAgDzhoRowuVeM=,TxFHl54XGAyQ5kkRRTn6vErK2vc=
-8,-48,NYXAtibp1sZzjdAgDzhoRowuVeM=,TxFHl54XGAyQ5kkRRTn6vErK2vc=
-11,-47,NYXAtibp1sZzjdAgDzhoRowuVeM=,aRfFdiGwyTs/aBPQcxRCADOoJFo=
-8,-40,NYXAtibp1sZzjdAgDzhoRowuVeM=,ijBFdDtVK+R9q7rAGRSN4DV441A=
-5,-38,NYXAtibp1sZzjdAgDzhoRowuVeM=,ijBFdDtVK+R9q7rAGRSN4DV441A=
-5,-40,NYXAtibp1sZzjdAgDzhoRowuVeM=,ijBFdDtVK+R9q7rAGRSN4DV441A=
-4,-44,NYXAtibp1sZzjdAgDzhoRowuVeM=,TxFHl54XGAyQ5kkRRTn6vErK2vc=
-2,-46,NYXAtibp1sZzjdAgDzhoRowuVeM=,TxFHl54XGAyQ5kkRRTn6vErK2vc=
-4,-46,NYXAtibp1sZzjdAgDzhoRowuVeM=,TxFHl54XGAyQ5kkRRTn6vErK2vc=
-11,-40,NYXAtibp1sZzjdAgDzhoRowuVeM=,N0dvkieC3JTYbV32WKgMICwp8YQ=
-4,-38,NYXAtibp1sZzjdAgDzhoRowuVeM=,ijBFdDtVK+R9q7rAGRSN4DV441A=
-6,-44,NYXAtibp1sZzjdAgDzhoRowuVeM=,TxFHl54XGAyQ5kkRRTn6vErK2vc=
-3,-42,NYXAtibp1sZzjdAgDzhoRowuVeM=,TxFHl54XGAyQ5kkRRTn6vErK2vc=
-9,-48,NYXAtibp1sZzjdAgDzhoRowuVeM=,aRfFdiGwyTs/aBPQcxRCADOoJFo=
-7,-44,NYXAtibp1sZzjdAgDzhoRowuVeM=,TxFHl54XGAyQ5kkRRTn6vErK2vc=
-3,-45,NYXAtibp1sZzjdAgDzhoRowuVeM=,TxFHl54XGAyQ5kkRRTn6vErK2vc=
-4,-48,NYXAtibp1sZzjdAgDzhoRowuVeM=,TxFHl54XGAyQ5kkRRTn6vErK2vc=
-8,-47,NYXAtibp1sZzjdAgDzhoRowuVeM=,TxFHl54XGAyQ5kkRRTn6vErK2vc=
-6,-38,NYXAtibp1sZzjdAgDzhoRowuVeM=,ijBFdDtVK+R9q7rAGRSN4DV441A=
-7,-38,NYXAtibp1sZzjdAgDzhoRowuVeM=,ijBFdDtVK+R9q7rAGRSN4DV441A=
-3,-41,NYXAtibp1sZzjdAgDzhoRowuVeM=,TxFHl54XGAyQ5kkRRTn6vErK2vc=
-8,-38,NYXAtibp1sZzjdAgDzhoRowuVeM=,ijBFdDtVK+R9q7rAGRSN4DV441A=
-2,-45,NYXAtibp1sZzjdAgDzhoRowuVeM=,TxFHl54XGAyQ5kkRRTn6vErK2vc=
-11,-41,NYXAtibp1sZzjdAgDzhoRowuVeM=,aRfFdiGwyTs/aBPQcxRCADOoJFo=
-5,-48,NYXAtibp1sZzjdAgDzhoRowuVeM=,TxFHl54XGAyQ5kkRRTn6vErK2vc=
-2,-48,NYXAtibp1sZzjdAgDzhoRowuVeM=,TxFHl54XGAyQ5kkRRTn6vErK2vc=
-3,-39,NYXAtibp1sZzjdAgDzhoRowuVeM=,ijBFdDtVK+R9q7rAGRSN4DV441A=
-4,-41,NYXAtibp1sZzjdAgDzhoRowuVeM=,TxFHl54XGAyQ5kkRRTn6vErK2vc=
-6,-40,NYXAtibp1sZzjdAgDzhoRowuVeM=,ijBFdDtVK+R9q7rAGRSN4DV441A=
-1,-46,NYXAtibp1sZzjdAgDzhoRowuVeM=,TxFHl54XGAyQ5kkRRTn6vErK2vc=
-5,-46,NYXAtibp1sZzjdAgDzhoRowuVeM=,TxFHl54XGAyQ5kkRRTn6vErK2vc=
-4,-39,NYXAtibp1sZzjdAgDzhoRowuVeM=,ijBFdDtVK+R9q7rAGRSN4DV441A=
-8,-42,NYXAtibp1sZzjdAgDzhoRowuVeM=,TxFHl54XGAyQ5kkRRTn6vErK2vc=
-10,-41,NYXAtibp1sZzjdAgDzhoRowuVeM=,aRfFdiGwyTs/aBPQcxRCADOoJFo=
-5,-39,NYXAtibp1sZzjdAgDzhoRowuVeM=,ijBFdDtVK+R9q7rAGRSN4DV441A=
-4,-42,NYXAtibp1sZzjdAgDzhoRowuVeM=,TxFHl54XGAyQ5kkRRTn6vErK2vc=
-11,-42,NYXAtibp1sZzjdAgDzhoRowuVeM=,aRfFdiGwyTs/aBPQcxRCADOoJFo=
-6,-39,NYXAtibp1sZzjdAgDzhoRowuVeM=,ijBFdDtVK+R9q7rAGRSN4DV441A=
-1,-48,NYXAtibp1sZzjdAgDzhoRowuVeM=,TxFHl54XGAyQ5kkRRTn6vErK2vc=
-7,-46,NYXAtibp1sZzjdAgDzhoRowuVeM=,TxFHl54XGAyQ5kkRRTn6vErK2vc=
-2,-39,NYXAtibp1sZzjdAgDzhoRowuVeM=,ijBFdDtVK+R9q7rAGRSN4DV441A=
-7,-39,NYXAtibp1sZzjdAgDzhoRowuVeM=,ijBFdDtVK+R9q7rAGRSN4DV441A=
-6,-47,NYXAtibp1sZzjdAgDzhoRowuVeM=,TxFHl54XGAyQ5kkRRTn6vErK2vc=
-8,-46,NYXAtibp1sZzjdAgDzhoRowuVeM=,TxFHl54XGAyQ5kkRRTn6vErK2vc=
-9,-45,NYXAtibp1sZzjdAgDzhoRowuVeM=,aRfFdiGwyTs/aBPQcxRCADOoJFo=
-11,-48,NYXAtibp1sZzjdAgDzhoRowuVeM=,aRfFdiGwyTs/aBPQcxRCADOoJFo=
-5,-44,NYXAtibp1sZzjdAgDzhoRowuVeM=,TxFHl54XGAyQ5kkRRTn6vErK2vc=
-10,-40,NYXAtibp1sZzjdAgDzhoRowuVeM=,N0dvkieC3JTYbV32WKgMICwp8YQ=
-6,-42,NYXAtibp1sZzjdAgDzhoRowuVeM=,TxFHl54XGAyQ5kkRRTn6vErK2vc=
-9,-42,NYXAtibp1sZzjdAgDzhoRowuVeM=,aRfFdiGwyTs/aBPQcxRCADOoJFo=
-11,-43,NYXAtibp1sZzjdAgDzhoRowuVeM=,aRfFdiGwyTs/aBPQcxRCADOoJFo=
-8,-43,NYXAtibp1sZzjdAgDzhoRowuVeM=,TxFHl54XGAyQ5kkRRTn6vErK2vc=
-10,-43,NYXAtibp1sZzjdAgDzhoRowuVeM=,aRfFdiGwyTs/aBPQcxRCADOoJFo=
-6,-45,NYXAtibp1sZzjdAgDzhoRowuVeM=,TxFHl54XGAyQ5kkRRTn6vErK2vc=
-2,-42,NYXAtibp1sZzjdAgDzhoRowuVeM=,TxFHl54XGAyQ5kkRRTn6vErK2vc=
-2,-38,NYXAtibp1sZzjdAgDzhoRowuVeM=,ijBFdDtVK+R9q7rAGRSN4DV441A=
-11,-44,NYXAtibp1sZzjdAgDzhoRowuVeM=,aRfFdiGwyTs/aBPQcxRCADOoJFo=
-3,-46,NYXAtibp1sZzjdAgDzhoRowuVeM=,TxFHl54XGAyQ5kkRRTn6vErK2vc=
-7,-41,NYXAtibp1sZzjdAgDzhoRowuVeM=,TxFHl54XGAyQ5kkRRTn6vErK2vc=
-8,-41,NYXAtibp1sZzjdAgDzhoRowuVeM=,TxFHl54XGAyQ5kkRRTn6vErK2vc=
-5,-45,NYXAtibp1sZzjdAgDzhoRowuVeM=,TxFHl54XGAyQ5kkRRTn6vErK2vc=
-8,-44,NYXAtibp1sZzjdAgDzhoRowuVeM=,TxFHl54XGAyQ5kkRRTn6vErK2vc=
-3,-48,NYXAtibp1sZzjdAgDzhoRowuVeM=,TxFHl54XGAyQ5kkRRTn6vErK2vc=
-10,-44,NYXAtibp1sZzjdAgDzhoRowuVeM=,aRfFdiGwyTs/aBPQcxRCADOoJFo=
-7,-48,NYXAtibp1sZzjdAgDzhoRowuVeM=,TxFHl54XGAyQ5kkRRTn6vErK2vc=
-6,-48,NYXAtibp1sZzjdAgDzhoRowuVeM=,TxFHl54XGAyQ5kkRRTn6vErK2vc=
-9,-40,NYXAtibp1sZzjdAgDzhoRowuVeM=,N0dvkieC3JTYbV32WKgMICwp8YQ=
-6,-46,NYXAtibp1sZzjdAgDzhoRowuVeM=,TxFHl54XGAyQ5kkRRTn6vErK2vc=
-9,-44,NYXAtibp1sZzjdAgDzhoRowuVeM=,aRfFdiGwyTs/aBPQcxRCADOoJFo=
-9,-46,NYXAtibp1sZzjdAgDzhoRowuVeM=,aRfFdiGwyTs/aBPQcxRCADOoJFo=
-10,-46,NYXAtibp1sZzjdAgDzhoRowuVeM=,aRfFdiGwyTs/aBPQcxRCADOoJFo=
-6,-41,NYXAtibp1sZzjdAgDzhoRowuVeM=,TxFHl54XGAyQ5kkRRTn6vErK2vc=
-9,-38,NYXAtibp1sZzjdAgDzhoRowuVeM=,N0dvkieC3JTYbV32WKgMICwp8YQ=
-10,-48,NYXAtibp1sZzjdAgDzhoRowuVeM=,aRfFdiGwyTs/aBPQcxRCADOoJFo=
-5,-41,NYXAtibp1sZzjdAgDzhoRowuVeM=,TxFHl54XGAyQ5kkRRTn6vErK2vc=
-5,-47,NYXAtibp1sZzjdAgDzhoRowuVeM=,TxFHl54XGAyQ5kkRRTn6vErK2vc=
-1,-47,NYXAtibp1sZzjdAgDzhoRowuVeM=,TxFHl54XGAyQ5kkRRTn6vErK2vc=
-4,-45,NYXAtibp1sZzjdAgDzhoRowuVeM=,TxFHl54XGAyQ5kkRRTn6vErK2vc=
-1,-39,NYXAtibp1sZzjdAgDzhoRowuVeM=,ijBFdDtVK+R9q7rAGRSN4DV441A=
-1,-45,NYXAtibp1sZzjdAgDzhoRowuVeM=,TxFHl54XGAyQ5kkRRTn6vErK2vc=
-9,-43,NYXAtibp1sZzjdAgDzhoRowuVeM=,aRfFdiGwyTs/aBPQcxRCADOoJFo=
-9,-41,NYXAtibp1sZzjdAgDzhoRowuVeM=,aRfFdiGwyTs/aBPQcxRCADOoJFo=
-2,-41,NYXAtibp1sZzjdAgDzhoRowuVeM=,TxFHl54XGAyQ5kkRRTn6vErK2vc=
-1,-42,NYXAtibp1sZzjdAgDzhoRowuVeM=,TxFHl54XGAyQ5kkRRTn6vErK2vc=
-1,-41,NYXAtibp1sZzjdAgDzhoRowuVeM=,TxFHl54XGAyQ5kkRRTn6vErK2vc=
-2,-47,NYXAtibp1sZzjdAgDzhoRowuVeM=,TxFHl54XGAyQ5kkRRTn6vErK2vc=
-4,-47,NYXAtibp1sZzjdAgDzhoRowuVeM=,TxFHl54XGAyQ5kkRRTn6vErK2vc=
-1,-40,NYXAtibp1sZzjdAgDzhoRowuVeM=,ijBFdDtVK+R9q7rAGRSN4DV441A=
-10,-42,NYXAtibp1sZzjdAgDzhoRowuVeM=,aRfFdiGwyTs/aBPQcxRCADOoJFo=
-3,-38,NYXAtibp1sZzjdAgDzhoRowuVeM=,ijBFdDtVK+R9q7rAGRSN4DV441A=
-3,-47,NYXAtibp1sZzjdAgDzhoRowuVeM=,TxFHl54XGAyQ5kkRRTn6vErK2vc=
-5,-42,NYXAtibp1sZzjdAgDzhoRowuVeM=,TxFHl54XGAyQ5kkRRTn6vErK2vc=
-12,-52,7oPVansphkpZxmv2qj44SkKlDsc=,EQwmvFvWCAgyHgR7qcYSpJTd8G4=
-12,-53,7oPVansphkpZxmv2qj44SkKlDsc=,EQwmvFvWCAgyHgR7qcYSpJTd8G4=
-13,-53,7oPVansphkpZxmv2qj44SkKlDsc=,EQwmvFvWCAgyHgR7qcYSpJTd8G4=
-13,-52,7oPVansphkpZxmv2qj44SkKlDsc=,EQwmvFvWCAgyHgR7qcYSpJTd8G4=
-12,-54,gupgmW4zZPsSas/RIRnMNN9i+QE=,EQwmvFvWCAgyHgR7qcYSpJTd8G4=
-12,-62,gupgmW4zZPsSas/RIRnMNN9i+QE=,5CeQAmyW1/NWZEFtsAs6HV/Uk7s=
-13,-54,gupgmW4zZPsSas/RIRnMNN9i+QE=,EQwmvFvWCAgyHgR7qcYSpJTd8G4=
-13,-62,gupgmW4zZPsSas/RIRnMNN9i+QE=,5CeQAmyW1/NWZEFtsAs6HV/Uk7s=
-13,-55,gupgmW4zZPsSas/RIRnMNN9i+QE=,EQwmvFvWCAgyHgR7qcYSpJTd8G4=
-12,-55,gupgmW4zZPsSas/RIRnMNN9i+QE=,EQwmvFvWCAgyHgR7qcYSpJTd8G4=
-12,-56,gupgmW4zZPsSas/RIRnMNN9i+QE=,EQwmvFvWCAgyHgR7qcYSpJTd8G4=
-12,-63,gupgmW4zZPsSas/RIRnMNN9i+QE=,5CeQAmyW1/NWZEFtsAs6HV/Uk7s=
-13,-56,gupgmW4zZPsSas/RIRnMNN9i+QE=,EQwmvFvWCAgyHgR7qcYSpJTd8G4=
-13,-57,gupgmW4zZPsSas/RIRnMNN9i+QE=,5CeQAmyW1/NWZEFtsAs6HV/Uk7s=
-13,-63,gupgmW4zZPsSas/RIRnMNN9i+QE=,5CeQAmyW1/NWZEFtsAs6HV/Uk7s=
-12,-58,gupgmW4zZPsSas/RIRnMNN9i+QE=,5CeQAmyW1/NWZEFtsAs6HV/Uk7s=
-13,-58,gupgmW4zZPsSas/RIRnMNN9i+QE=,5CeQAmyW1/NWZEFtsAs6HV/Uk7s=
-12,-59,gupgmW4zZPsSas/RIRnMNN9i+QE=,5CeQAmyW1/NWZEFtsAs6HV/Uk7s=
-12,-64,gupgmW4zZPsSas/RIRnMNN9i+QE=,5CeQAmyW1/NWZEFtsAs6HV/Uk7s=
-13,-64,gupgmW4zZPsSas/RIRnMNN9i+QE=,5CeQAmyW1/NWZEFtsAs6HV/Uk7s=
-13,-59,gupgmW4zZPsSas/RIRnMNN9i+QE=,5CeQAmyW1/NWZEFtsAs6HV/Uk7s=
-12,-60,gupgmW4zZPsSas/RIRnMNN9i+QE=,5CeQAmyW1/NWZEFtsAs6HV/Uk7s=
-13,-60,gupgmW4zZPsSas/RIRnMNN9i+QE=,5CeQAmyW1/NWZEFtsAs6HV/Uk7s=
-13,-61,gupgmW4zZPsSas/RIRnMNN9i+QE=,5CeQAmyW1/NWZEFtsAs6HV/Uk7s=
-12,-61,gupgmW4zZPsSas/RIRnMNN9i+QE=,5CeQAmyW1/NWZEFtsAs6HV/Uk7s=
-12,-57,gupgmW4zZPsSas/RIRnMNN9i+QE=,5CeQAmyW1/NWZEFtsAs6HV/Uk7s=
-12,-50,nqkqhUFUPUkT7SMEQDrsxz2SVlQ=,EQwmvFvWCAgyHgR7qcYSpJTd8G4=
-13,-49,nqkqhUFUPUkT7SMEQDrsxz2SVlQ=,EQwmvFvWCAgyHgR7qcYSpJTd8G4=
-12,-49,nqkqhUFUPUkT7SMEQDrsxz2SVlQ=,EQwmvFvWCAgyHgR7qcYSpJTd8G4=
-13,-51,nqkqhUFUPUkT7SMEQDrsxz2SVlQ=,EQwmvFvWCAgyHgR7qcYSpJTd8G4=
-12,-51,nqkqhUFUPUkT7SMEQDrsxz2SVlQ=,EQwmvFvWCAgyHgR7qcYSpJTd8G4=
-13,-50,nqkqhUFUPUkT7SMEQDrsxz2SVlQ=,EQwmvFvWCAgyHgR7qcYSpJTd8G4=
-16,-53,nqkqhUFUPUkT7SMEQDrsxz2SVlQ=,EQwmvFvWCAgyHgR7qcYSpJTd8G4=
-14,-52,nqkqhUFUPUkT7SMEQDrsxz2SVlQ=,EQwmvFvWCAgyHgR7qcYSpJTd8G4=
-15,-52,nqkqhUFUPUkT7SMEQDrsxz2SVlQ=,EQwmvFvWCAgyHgR7qcYSpJTd8G4=
-16,-52,nqkqhUFUPUkT7SMEQDrsxz2SVlQ=,EQwmvFvWCAgyHgR7qcYSpJTd8G4=
-14,-53,nqkqhUFUPUkT7SMEQDrsxz2SVlQ=,EQwmvFvWCAgyHgR7qcYSpJTd8G4=
-15,-53,nqkqhUFUPUkT7SMEQDrsxz2SVlQ=,EQwmvFvWCAgyHgR7qcYSpJTd8G4=
-14,-54,QKQdEjsC6ibm5qjXGGuhPsWnkwc=,EQwmvFvWCAgyHgR7qcYSpJTd8G4=
-15,-54,QKQdEjsC6ibm5qjXGGuhPsWnkwc=,EQwmvFvWCAgyHgR7qcYSpJTd8G4=
-14,-55,QKQdEjsC6ibm5qjXGGuhPsWnkwc=,EQwmvFvWCAgyHgR7qcYSpJTd8G4=
-16,-54,QKQdEjsC6ibm5qjXGGuhPsWnkwc=,EQwmvFvWCAgyHgR7qcYSpJTd8G4=
-16,-55,QKQdEjsC6ibm5qjXGGuhPsWnkwc=,EQwmvFvWCAgyHgR7qcYSpJTd8G4=
-14,-56,QKQdEjsC6ibm5qjXGGuhPsWnkwc=,EQwmvFvWCAgyHgR7qcYSpJTd8G4=
-15,-56,QKQdEjsC6ibm5qjXGGuhPsWnkwc=,EQwmvFvWCAgyHgR7qcYSpJTd8G4=
-15,-55,QKQdEjsC6ibm5qjXGGuhPsWnkwc=,EQwmvFvWCAgyHgR7qcYSpJTd8G4=
-14,-57,QKQdEjsC6ibm5qjXGGuhPsWnkwc=,5CeQAmyW1/NWZEFtsAs6HV/Uk7s=
-15,-57,QKQdEjsC6ibm5qjXGGuhPsWnkwc=,5CeQAmyW1/NWZEFtsAs6HV/Uk7s=
-16,-57,QKQdEjsC6ibm5qjXGGuhPsWnkwc=,5CeQAmyW1/NWZEFtsAs6HV/Uk7s=
-16,-56,QKQdEjsC6ibm5qjXGGuhPsWnkwc=,EQwmvFvWCAgyHgR7qcYSpJTd8G4=
-14,-58,QKQdEjsC6ibm5qjXGGuhPsWnkwc=,5CeQAmyW1/NWZEFtsAs6HV/Uk7s=
-14,-59,QKQdEjsC6ibm5qjXGGuhPsWnkwc=,5CeQAmyW1/NWZEFtsAs6HV/Uk7s=
-15,-59,QKQdEjsC6ibm5qjXGGuhPsWnkwc=,5CeQAmyW1/NWZEFtsAs6HV/Uk7s=
-16,-59,QKQdEjsC6ibm5qjXGGuhPsWnkwc=,5CeQAmyW1/NWZEFtsAs6HV/Uk7s=
-14,-60,QKQdEjsC6ibm5qjXGGuhPsWnkwc=,5CeQAmyW1/NWZEFtsAs6HV/Uk7s=
-16,-60,QKQdEjsC6ibm5qjXGGuhPsWnkwc=,5CeQAmyW1/NWZEFtsAs6HV/Uk7s=
-15,-58,QKQdEjsC6ibm5qjXGGuhPsWnkwc=,5CeQAmyW1/NWZEFtsAs6HV/Uk7s=
-15,-61,QKQdEjsC6ibm5qjXGGuhPsWnkwc=,5CeQAmyW1/NWZEFtsAs6HV/Uk7s=
-15,-60,QKQdEjsC6ibm5qjXGGuhPsWnkwc=,5CeQAmyW1/NWZEFtsAs6HV/Uk7s=
-16,-61,QKQdEjsC6ibm5qjXGGuhPsWnkwc=,5CeQAmyW1/NWZEFtsAs6HV/Uk7s=
-16,-64,QKQdEjsC6ibm5qjXGGuhPsWnkwc=,5CeQAmyW1/NWZEFtsAs6HV/Uk7s=
-14,-61,QKQdEjsC6ibm5qjXGGuhPsWnkwc=,5CeQAmyW1/NWZEFtsAs6HV/Uk7s=
-15,-64,QKQdEjsC6ibm5qjXGGuhPsWnkwc=,5CeQAmyW1/NWZEFtsAs6HV/Uk7s=
-14,-64,QKQdEjsC6ibm5qjXGGuhPsWnkwc=,5CeQAmyW1/NWZEFtsAs6HV/Uk7s=
-16,-63,QKQdEjsC6ibm5qjXGGuhPsWnkwc=,5CeQAmyW1/NWZEFtsAs6HV/Uk7s=
-15,-63,QKQdEjsC6ibm5qjXGGuhPsWnkwc=,5CeQAmyW1/NWZEFtsAs6HV/Uk7s=
-16,-62,QKQdEjsC6ibm5qjXGGuhPsWnkwc=,5CeQAmyW1/NWZEFtsAs6HV/Uk7s=
-15,-62,QKQdEjsC6ibm5qjXGGuhPsWnkwc=,5CeQAmyW1/NWZEFtsAs6HV/Uk7s=
-14,-63,QKQdEjsC6ibm5qjXGGuhPsWnkwc=,5CeQAmyW1/NWZEFtsAs6HV/Uk7s=
-14,-62,QKQdEjsC6ibm5qjXGGuhPsWnkwc=,5CeQAmyW1/NWZEFtsAs6HV/Uk7s=
-16,-58,QKQdEjsC6ibm5qjXGGuhPsWnkwc=,5CeQAmyW1/NWZEFtsAs6HV/Uk7s=
-14,-50,QKQdEjsC6ibm5qjXGGuhPsWnkwc=,EQwmvFvWCAgyHgR7qcYSpJTd8G4=
-15,-50,QKQdEjsC6ibm5qjXGGuhPsWnkwc=,EQwmvFvWCAgyHgR7qcYSpJTd8G4=
-16,-50,QKQdEjsC6ibm5qjXGGuhPsWnkwc=,EQwmvFvWCAgyHgR7qcYSpJTd8G4=
-14,-49,QKQdEjsC6ibm5qjXGGuhPsWnkwc=,EQwmvFvWCAgyHgR7qcYSpJTd8G4=
-15,-49,QKQdEjsC6ibm5qjXGGuhPsWnkwc=,EQwmvFvWCAgyHgR7qcYSpJTd8G4=
-16,-49,QKQdEjsC6ibm5qjXGGuhPsWnkwc=,EQwmvFvWCAgyHgR7qcYSpJTd8G4=
-14,-51,QKQdEjsC6ibm5qjXGGuhPsWnkwc=,EQwmvFvWCAgyHgR7qcYSpJTd8G4=
-16,-51,QKQdEjsC6ibm5qjXGGuhPsWnkwc=,EQwmvFvWCAgyHgR7qcYSpJTd8G4=
-15,-51,QKQdEjsC6ibm5qjXGGuhPsWnkwc=,EQwmvFvWCAgyHgR7qcYSpJTd8G4=
-2,-60,nb+tba5Gm+tYKs3UO+ztYFTTKcg=,dFmUGfR7x+cDy4yZ8qjLfQh6biE=
-10,-62,nb+tba5Gm+tYKs3UO+ztYFTTKcg=,5CeQAmyW1/NWZEFtsAs6HV/Uk7s=
-11,-62,nb+tba5Gm+tYKs3UO+ztYFTTKcg=,5CeQAmyW1/NWZEFtsAs6HV/Uk7s=
-3,-60,nb+tba5Gm+tYKs3UO+ztYFTTKcg=,dFmUGfR7x+cDy4yZ8qjLfQh6biE=
-1,-60,nb+tba5Gm+tYKs3UO+ztYFTTKcg=,dFmUGfR7x+cDy4yZ8qjLfQh6biE=
-5,-62,nb+tba5Gm+tYKs3UO+ztYFTTKcg=,dFmUGfR7x+cDy4yZ8qjLfQh6biE=
-4,-62,nb+tba5Gm+tYKs3UO+ztYFTTKcg=,dFmUGfR7x+cDy4yZ8qjLfQh6biE=
-3,-62,nb+tba5Gm+tYKs3UO+ztYFTTKcg=,dFmUGfR7x+cDy4yZ8qjLfQh6biE=
-9,-62,nb+tba5Gm+tYKs3UO+ztYFTTKcg=,5CeQAmyW1/NWZEFtsAs6HV/Uk7s=
-11,-61,nb+tba5Gm+tYKs3UO+ztYFTTKcg=,5CeQAmyW1/NWZEFtsAs6HV/Uk7s=
-10,-61,nb+tba5Gm+tYKs3UO+ztYFTTKcg=,5CeQAmyW1/NWZEFtsAs6HV/Uk7s=
-4,-60,nb+tba5Gm+tYKs3UO+ztYFTTKcg=,dFmUGfR7x+cDy4yZ8qjLfQh6biE=
-8,-62,nb+tba5Gm+tYKs3UO+ztYFTTKcg=,dFmUGfR7x+cDy4yZ8qjLfQh6biE=
-9,-61,nb+tba5Gm+tYKs3UO+ztYFTTKcg=,5CeQAmyW1/NWZEFtsAs6HV/Uk7s=
-11,-60,nb+tba5Gm+tYKs3UO+ztYFTTKcg=,5CeQAmyW1/NWZEFtsAs6HV/Uk7s=
-10,-60,nb+tba5Gm+tYKs3UO+ztYFTTKcg=,5CeQAmyW1/NWZEFtsAs6HV/Uk7s=
-11,-63,nb+tba5Gm+tYKs3UO+ztYFTTKcg=,5CeQAmyW1/NWZEFtsAs6HV/Uk7s=
-10,-63,nb+tba5Gm+tYKs3UO+ztYFTTKcg=,5CeQAmyW1/NWZEFtsAs6HV/Uk7s=
-3,-63,nb+tba5Gm+tYKs3UO+ztYFTTKcg=,dFmUGfR7x+cDy4yZ8qjLfQh6biE=
-2,-63,nb+tba5Gm+tYKs3UO+ztYFTTKcg=,dFmUGfR7x+cDy4yZ8qjLfQh6biE=
-6,-63,nb+tba5Gm+tYKs3UO+ztYFTTKcg=,dFmUGfR7x+cDy4yZ8qjLfQh6biE=
-3,-61,nb+tba5Gm+tYKs3UO+ztYFTTKcg=,dFmUGfR7x+cDy4yZ8qjLfQh6biE=
-1,-61,nb+tba5Gm+tYKs3UO+ztYFTTKcg=,dFmUGfR7x+cDy4yZ8qjLfQh6biE=
-7,-63,nb+tba5Gm+tYKs3UO+ztYFTTKcg=,dFmUGfR7x+cDy4yZ8qjLfQh6biE=
-9,-60,nb+tba5Gm+tYKs3UO+ztYFTTKcg=,5CeQAmyW1/NWZEFtsAs6HV/Uk7s=
-2,-61,nb+tba5Gm+tYKs3UO+ztYFTTKcg=,dFmUGfR7x+cDy4yZ8qjLfQh6biE=
-4,-61,nb+tba5Gm+tYKs3UO+ztYFTTKcg=,dFmUGfR7x+cDy4yZ8qjLfQh6biE=
-3,-64,nb+tba5Gm+tYKs3UO+ztYFTTKcg=,dFmUGfR7x+cDy4yZ8qjLfQh6biE=
-4,-63,nb+tba5Gm+tYKs3UO+ztYFTTKcg=,dFmUGfR7x+cDy4yZ8qjLfQh6biE=
-4,-64,nb+tba5Gm+tYKs3UO+ztYFTTKcg=,dFmUGfR7x+cDy4yZ8qjLfQh6biE=
-5,-63,nb+tba5Gm+tYKs3UO+ztYFTTKcg=,dFmUGfR7x+cDy4yZ8qjLfQh6biE=
-8,-60,nb+tba5Gm+tYKs3UO+ztYFTTKcg=,dFmUGfR7x+cDy4yZ8qjLfQh6biE=
-1,-62,nb+tba5Gm+tYKs3UO+ztYFTTKcg=,dFmUGfR7x+cDy4yZ8qjLfQh6biE=
-8,-61,nb+tba5Gm+tYKs3UO+ztYFTTKcg=,dFmUGfR7x+cDy4yZ8qjLfQh6biE=
-2,-62,nb+tba5Gm+tYKs3UO+ztYFTTKcg=,dFmUGfR7x+cDy4yZ8qjLfQh6biE=
-10,-64,nb+tba5Gm+tYKs3UO+ztYFTTKcg=,5CeQAmyW1/NWZEFtsAs6HV/Uk7s=
-7,-64,nb+tba5Gm+tYKs3UO+ztYFTTKcg=,dFmUGfR7x+cDy4yZ8qjLfQh6biE=
-6,-62,nb+tba5Gm+tYKs3UO+ztYFTTKcg=,dFmUGfR7x+cDy4yZ8qjLfQh6biE=
-11,-64,nb+tba5Gm+tYKs3UO+ztYFTTKcg=,5CeQAmyW1/NWZEFtsAs6HV/Uk7s=
-6,-60,nb+tba5Gm+tYKs3UO+ztYFTTKcg=,dFmUGfR7x+cDy4yZ8qjLfQh6biE=
-7,-61,nb+tba5Gm+tYKs3UO+ztYFTTKcg=,dFmUGfR7x+cDy4yZ8qjLfQh6biE=
-9,-64,nb+tba5Gm+tYKs3UO+ztYFTTKcg=,5CeQAmyW1/NWZEFtsAs6HV/Uk7s=
-9,-63,nb+tba5Gm+tYKs3UO+ztYFTTKcg=,5CeQAmyW1/NWZEFtsAs6HV/Uk7s=
-2,-64,nb+tba5Gm+tYKs3UO+ztYFTTKcg=,dFmUGfR7x+cDy4yZ8qjLfQh6biE=
-5,-61,nb+tba5Gm+tYKs3UO+ztYFTTKcg=,dFmUGfR7x+cDy4yZ8qjLfQh6biE=
-5,-64,nb+tba5Gm+tYKs3UO+ztYFTTKcg=,dFmUGfR7x+cDy4yZ8qjLfQh6biE=
-8,-63,nb+tba5Gm+tYKs3UO+ztYFTTKcg=,dFmUGfR7x+cDy4yZ8qjLfQh6biE=
-7,-62,nb+tba5Gm+tYKs3UO+ztYFTTKcg=,dFmUGfR7x+cDy4yZ8qjLfQh6biE=
-6,-64,nb+tba5Gm+tYKs3UO+ztYFTTKcg=,dFmUGfR7x+cDy4yZ8qjLfQh6biE=
-7,-60,nb+tba5Gm+tYKs3UO+ztYFTTKcg=,dFmUGfR7x+cDy4yZ8qjLfQh6biE=
-1,-63,nb+tba5Gm+tYKs3UO+ztYFTTKcg=,dFmUGfR7x+cDy4yZ8qjLfQh6biE=
-8,-64,nb+tba5Gm+tYKs3UO+ztYFTTKcg=,dFmUGfR7x+cDy4yZ8qjLfQh6biE=
-6,-61,nb+tba5Gm+tYKs3UO+ztYFTTKcg=,dFmUGfR7x+cDy4yZ8qjLfQh6biE=
-5,-60,nb+tba5Gm+tYKs3UO+ztYFTTKcg=,dFmUGfR7x+cDy4yZ8qjLfQh6biE=
-1,-64,nb+tba5Gm+tYKs3UO+ztYFTTKcg=,dFmUGfR7x+cDy4yZ8qjLfQh6biE=
-11,-52,nb+tba5Gm+tYKs3UO+ztYFTTKcg=,EQwmvFvWCAgyHgR7qcYSpJTd8G4=
-11,-54,nb+tba5Gm+tYKs3UO+ztYFTTKcg=,EQwmvFvWCAgyHgR7qcYSpJTd8G4=
-5,-57,7dZ4vjqWBNMI87lsfRjtc0M926Q=,dFmUGfR7x+cDy4yZ8qjLfQh6biE=
-1,-58,7dZ4vjqWBNMI87lsfRjtc0M926Q=,dFmUGfR7x+cDy4yZ8qjLfQh6biE=
-4,-57,7dZ4vjqWBNMI87lsfRjtc0M926Q=,dFmUGfR7x+cDy4yZ8qjLfQh6biE=
-2,-58,7dZ4vjqWBNMI87lsfRjtc0M926Q=,dFmUGfR7x+cDy4yZ8qjLfQh6biE=
-9,-49,7dZ4vjqWBNMI87lsfRjtc0M926Q=,EQwmvFvWCAgyHgR7qcYSpJTd8G4=
-11,-50,7dZ4vjqWBNMI87lsfRjtc0M926Q=,EQwmvFvWCAgyHgR7qcYSpJTd8G4=
-10,-50,7dZ4vjqWBNMI87lsfRjtc0M926Q=,EQwmvFvWCAgyHgR7qcYSpJTd8G4=
-7,-51,7dZ4vjqWBNMI87lsfRjtc0M926Q=,GDV0UaP18gu/SVlHGPH7L5Ya3oM=
-11,-55,7dZ4vjqWBNMI87lsfRjtc0M926Q=,EQwmvFvWCAgyHgR7qcYSpJTd8G4=
-7,-59,7dZ4vjqWBNMI87lsfRjtc0M926Q=,dFmUGfR7x+cDy4yZ8qjLfQh6biE=
-8,-52,7dZ4vjqWBNMI87lsfRjtc0M926Q=,GDV0UaP18gu/SVlHGPH7L5Ya3oM=
-9,-55,7dZ4vjqWBNMI87lsfRjtc0M926Q=,EQwmvFvWCAgyHgR7qcYSpJTd8G4=
-5,-49,7dZ4vjqWBNMI87lsfRjtc0M926Q=,GDV0UaP18gu/SVlHGPH7L5Ya3oM=
-8,-51,7dZ4vjqWBNMI87lsfRjtc0M926Q=,GDV0UaP18gu/SVlHGPH7L5Ya3oM=
-8,-49,7dZ4vjqWBNMI87lsfRjtc0M926Q=,GDV0UaP18gu/SVlHGPH7L5Ya3oM=
-11,-56,7dZ4vjqWBNMI87lsfRjtc0M926Q=,EQwmvFvWCAgyHgR7qcYSpJTd8G4=
-10,-49,7dZ4vjqWBNMI87lsfRjtc0M926Q=,EQwmvFvWCAgyHgR7qcYSpJTd8G4=
-9,-56,7dZ4vjqWBNMI87lsfRjtc0M926Q=,EQwmvFvWCAgyHgR7qcYSpJTd8G4=
-7,-49,7dZ4vjqWBNMI87lsfRjtc0M926Q=,GDV0UaP18gu/SVlHGPH7L5Ya3oM=
-8,-58,7dZ4vjqWBNMI87lsfRjtc0M926Q=,dFmUGfR7x+cDy4yZ8qjLfQh6biE=
-11,-57,7dZ4vjqWBNMI87lsfRjtc0M926Q=,5CeQAmyW1/NWZEFtsAs6HV/Uk7s=
-1,-59,7dZ4vjqWBNMI87lsfRjtc0M926Q=,dFmUGfR7x+cDy4yZ8qjLfQh6biE=
-3,-52,7dZ4vjqWBNMI87lsfRjtc0M926Q=,GDV0UaP18gu/SVlHGPH7L5Ya3oM=
-3,-53,7dZ4vjqWBNMI87lsfRjtc0M926Q=,GDV0UaP18gu/SVlHGPH7L5Ya3oM=
-4,-52,7dZ4vjqWBNMI87lsfRjtc0M926Q=,GDV0UaP18gu/SVlHGPH7L5Ya3oM=
-4,-53,7dZ4vjqWBNMI87lsfRjtc0M926Q=,GDV0UaP18gu/SVlHGPH7L5Ya3oM=
-1,-52,7dZ4vjqWBNMI87lsfRjtc0M926Q=,GDV0UaP18gu/SVlHGPH7L5Ya3oM=
-2,-53,7dZ4vjqWBNMI87lsfRjtc0M926Q=,GDV0UaP18gu/SVlHGPH7L5Ya3oM=
-6,-50,7dZ4vjqWBNMI87lsfRjtc0M926Q=,GDV0UaP18gu/SVlHGPH7L5Ya3oM=
-11,-53,7dZ4vjqWBNMI87lsfRjtc0M926Q=,EQwmvFvWCAgyHgR7qcYSpJTd8G4=
-4,-51,7dZ4vjqWBNMI87lsfRjtc0M926Q=,GDV0UaP18gu/SVlHGPH7L5Ya3oM=
-4,-58,7dZ4vjqWBNMI87lsfRjtc0M926Q=,dFmUGfR7x+cDy4yZ8qjLfQh6biE=
-8,-59,7dZ4vjqWBNMI87lsfRjtc0M926Q=,dFmUGfR7x+cDy4yZ8qjLfQh6biE=
-2,-56,7dZ4vjqWBNMI87lsfRjtc0M926Q=,GDV0UaP18gu/SVlHGPH7L5Ya3oM=
-10,-53,7dZ4vjqWBNMI87lsfRjtc0M926Q=,EQwmvFvWCAgyHgR7qcYSpJTd8G4=
-3,-59,7dZ4vjqWBNMI87lsfRjtc0M926Q=,dFmUGfR7x+cDy4yZ8qjLfQh6biE=
-11,-59,7dZ4vjqWBNMI87lsfRjtc0M926Q=,5CeQAmyW1/NWZEFtsAs6HV/Uk7s=
-8,-57,7dZ4vjqWBNMI87lsfRjtc0M926Q=,dFmUGfR7x+cDy4yZ8qjLfQh6biE=
-3,-58,7dZ4vjqWBNMI87lsfRjtc0M926Q=,dFmUGfR7x+cDy4yZ8qjLfQh6biE=
-3,-54,7dZ4vjqWBNMI87lsfRjtc0M926Q=,GDV0UaP18gu/SVlHGPH7L5Ya3oM=
-5,-54,7dZ4vjqWBNMI87lsfRjtc0M926Q=,GDV0UaP18gu/SVlHGPH7L5Ya3oM=
-4,-54,7dZ4vjqWBNMI87lsfRjtc0M926Q=,GDV0UaP18gu/SVlHGPH7L5Ya3oM=
-6,-51,7dZ4vjqWBNMI87lsfRjtc0M926Q=,GDV0UaP18gu/SVlHGPH7L5Ya3oM=
-7,-50,7dZ4vjqWBNMI87lsfRjtc0M926Q=,GDV0UaP18gu/SVlHGPH7L5Ya3oM=
-6,-49,7dZ4vjqWBNMI87lsfRjtc0M926Q=,GDV0UaP18gu/SVlHGPH7L5Ya3oM=
-2,-59,7dZ4vjqWBNMI87lsfRjtc0M926Q=,dFmUGfR7x+cDy4yZ8qjLfQh6biE=
-3,-50,7dZ4vjqWBNMI87lsfRjtc0M926Q=,GDV0UaP18gu/SVlHGPH7L5Ya3oM=
-4,-50,7dZ4vjqWBNMI87lsfRjtc0M926Q=,GDV0UaP18gu/SVlHGPH7L5Ya3oM=
-10,-51,7dZ4vjqWBNMI87lsfRjtc0M926Q=,EQwmvFvWCAgyHgR7qcYSpJTd8G4=
-7,-52,7dZ4vjqWBNMI87lsfRjtc0M926Q=,GDV0UaP18gu/SVlHGPH7L5Ya3oM=
-9,-54,7dZ4vjqWBNMI87lsfRjtc0M926Q=,EQwmvFvWCAgyHgR7qcYSpJTd8G4=
-6,-56,7dZ4vjqWBNMI87lsfRjtc0M926Q=,GDV0UaP18gu/SVlHGPH7L5Ya3oM=
-1,-51,7dZ4vjqWBNMI87lsfRjtc0M926Q=,GDV0UaP18gu/SVlHGPH7L5Ya3oM=
-5,-52,7dZ4vjqWBNMI87lsfRjtc0M926Q=,GDV0UaP18gu/SVlHGPH7L5Ya3oM=
-9,-53,7dZ4vjqWBNMI87lsfRjtc0M926Q=,EQwmvFvWCAgyHgR7qcYSpJTd8G4=
-7,-56,7dZ4vjqWBNMI87lsfRjtc0M926Q=,GDV0UaP18gu/SVlHGPH7L5Ya3oM=
-8,-56,7dZ4vjqWBNMI87lsfRjtc0M926Q=,GDV0UaP18gu/SVlHGPH7L5Ya3oM=
-10,-54,7dZ4vjqWBNMI87lsfRjtc0M926Q=,EQwmvFvWCAgyHgR7qcYSpJTd8G4=
-3,-49,7dZ4vjqWBNMI87lsfRjtc0M926Q=,GDV0UaP18gu/SVlHGPH7L5Ya3oM=
-11,-51,7dZ4vjqWBNMI87lsfRjtc0M926Q=,EQwmvFvWCAgyHgR7qcYSpJTd8G4=
-8,-53,7dZ4vjqWBNMI87lsfRjtc0M926Q=,GDV0UaP18gu/SVlHGPH7L5Ya3oM=
-1,-55,7dZ4vjqWBNMI87lsfRjtc0M926Q=,GDV0UaP18gu/SVlHGPH7L5Ya3oM=
-2,-51,7dZ4vjqWBNMI87lsfRjtc0M926Q=,GDV0UaP18gu/SVlHGPH7L5Ya3oM=
-9,-50,7dZ4vjqWBNMI87lsfRjtc0M926Q=,EQwmvFvWCAgyHgR7qcYSpJTd8G4=
-5,-50,7dZ4vjqWBNMI87lsfRjtc0M926Q=,GDV0UaP18gu/SVlHGPH7L5Ya3oM=
-7,-57,7dZ4vjqWBNMI87lsfRjtc0M926Q=,dFmUGfR7x+cDy4yZ8qjLfQh6biE=
-4,-59,7dZ4vjqWBNMI87lsfRjtc0M926Q=,dFmUGfR7x+cDy4yZ8qjLfQh6biE=
-11,-58,7dZ4vjqWBNMI87lsfRjtc0M926Q=,5CeQAmyW1/NWZEFtsAs6HV/Uk7s=
-9,-52,7dZ4vjqWBNMI87lsfRjtc0M926Q=,EQwmvFvWCAgyHgR7qcYSpJTd8G4=
-6,-59,7dZ4vjqWBNMI87lsfRjtc0M926Q=,dFmUGfR7x+cDy4yZ8qjLfQh6biE=
-6,-57,7dZ4vjqWBNMI87lsfRjtc0M926Q=,dFmUGfR7x+cDy4yZ8qjLfQh6biE=
-6,-54,7dZ4vjqWBNMI87lsfRjtc0M926Q=,GDV0UaP18gu/SVlHGPH7L5Ya3oM=
-6,-53,7dZ4vjqWBNMI87lsfRjtc0M926Q=,GDV0UaP18gu/SVlHGPH7L5Ya3oM=
-3,-51,7dZ4vjqWBNMI87lsfRjtc0M926Q=,GDV0UaP18gu/SVlHGPH7L5Ya3oM=
-2,-50,7dZ4vjqWBNMI87lsfRjtc0M926Q=,GDV0UaP18gu/SVlHGPH7L5Ya3oM=
-8,-54,7dZ4vjqWBNMI87lsfRjtc0M926Q=,GDV0UaP18gu/SVlHGPH7L5Ya3oM=
-1,-54,7dZ4vjqWBNMI87lsfRjtc0M926Q=,GDV0UaP18gu/SVlHGPH7L5Ya3oM=
-9,-51,7dZ4vjqWBNMI87lsfRjtc0M926Q=,EQwmvFvWCAgyHgR7qcYSpJTd8G4=
-5,-55,7dZ4vjqWBNMI87lsfRjtc0M926Q=,GDV0UaP18gu/SVlHGPH7L5Ya3oM=
-7,-54,7dZ4vjqWBNMI87lsfRjtc0M926Q=,GDV0UaP18gu/SVlHGPH7L5Ya3oM=
-8,-55,7dZ4vjqWBNMI87lsfRjtc0M926Q=,GDV0UaP18gu/SVlHGPH7L5Ya3oM=
-1,-57,7dZ4vjqWBNMI87lsfRjtc0M926Q=,dFmUGfR7x+cDy4yZ8qjLfQh6biE=
-1,-56,7dZ4vjqWBNMI87lsfRjtc0M926Q=,GDV0UaP18gu/SVlHGPH7L5Ya3oM=
-5,-53,7dZ4vjqWBNMI87lsfRjtc0M926Q=,GDV0UaP18gu/SVlHGPH7L5Ya3oM=
-5,-56,7dZ4vjqWBNMI87lsfRjtc0M926Q=,GDV0UaP18gu/SVlHGPH7L5Ya3oM=
-10,-55,7dZ4vjqWBNMI87lsfRjtc0M926Q=,EQwmvFvWCAgyHgR7qcYSpJTd8G4=
-4,-56,7dZ4vjqWBNMI87lsfRjtc0M926Q=,GDV0UaP18gu/SVlHGPH7L5Ya3oM=
-7,-55,7dZ4vjqWBNMI87lsfRjtc0M926Q=,GDV0UaP18gu/SVlHGPH7L5Ya3oM=
-2,-49,7dZ4vjqWBNMI87lsfRjtc0M926Q=,GDV0UaP18gu/SVlHGPH7L5Ya3oM=
-2,-52,7dZ4vjqWBNMI87lsfRjtc0M926Q=,GDV0UaP18gu/SVlHGPH7L5Ya3oM=
-2,-57,7dZ4vjqWBNMI87lsfRjtc0M926Q=,dFmUGfR7x+cDy4yZ8qjLfQh6biE=
-4,-49,7dZ4vjqWBNMI87lsfRjtc0M926Q=,GDV0UaP18gu/SVlHGPH7L5Ya3oM=
-4,-55,7dZ4vjqWBNMI87lsfRjtc0M926Q=,GDV0UaP18gu/SVlHGPH7L5Ya3oM=
-2,-54,7dZ4vjqWBNMI87lsfRjtc0M926Q=,GDV0UaP18gu/SVlHGPH7L5Ya3oM=
-10,-56,7dZ4vjqWBNMI87lsfRjtc0M926Q=,EQwmvFvWCAgyHgR7qcYSpJTd8G4=
-6,-58,7dZ4vjqWBNMI87lsfRjtc0M926Q=,dFmUGfR7x+cDy4yZ8qjLfQh6biE=
-8,-50,7dZ4vjqWBNMI87lsfRjtc0M926Q=,GDV0UaP18gu/SVlHGPH7L5Ya3oM=
-9,-57,7dZ4vjqWBNMI87lsfRjtc0M926Q=,5CeQAmyW1/NWZEFtsAs6HV/Uk7s=
-11,-49,7dZ4vjqWBNMI87lsfRjtc0M926Q=,EQwmvFvWCAgyHgR7qcYSpJTd8G4=
-2,-55,7dZ4vjqWBNMI87lsfRjtc0M926Q=,GDV0UaP18gu/SVlHGPH7L5Ya3oM=
-9,-59,7dZ4vjqWBNMI87lsfRjtc0M926Q=,5CeQAmyW1/NWZEFtsAs6HV/Uk7s=
-6,-52,7dZ4vjqWBNMI87lsfRjtc0M926Q=,GDV0UaP18gu/SVlHGPH7L5Ya3oM=
-1,-53,7dZ4vjqWBNMI87lsfRjtc0M926Q=,GDV0UaP18gu/SVlHGPH7L5Ya3oM=
-7,-58,7dZ4vjqWBNMI87lsfRjtc0M926Q=,dFmUGfR7x+cDy4yZ8qjLfQh6biE=
-3,-56,7dZ4vjqWBNMI87lsfRjtc0M926Q=,GDV0UaP18gu/SVlHGPH7L5Ya3oM=
-7,-53,7dZ4vjqWBNMI87lsfRjtc0M926Q=,GDV0UaP18gu/SVlHGPH7L5Ya3oM=
-10,-57,7dZ4vjqWBNMI87lsfRjtc0M926Q=,5CeQAmyW1/NWZEFtsAs6HV/Uk7s=
-5,-58,7dZ4vjqWBNMI87lsfRjtc0M926Q=,dFmUGfR7x+cDy4yZ8qjLfQh6biE=
-10,-59,7dZ4vjqWBNMI87lsfRjtc0M926Q=,5CeQAmyW1/NWZEFtsAs6HV/Uk7s=
-6,-55,7dZ4vjqWBNMI87lsfRjtc0M926Q=,GDV0UaP18gu/SVlHGPH7L5Ya3oM=
-1,-50,7dZ4vjqWBNMI87lsfRjtc0M926Q=,GDV0UaP18gu/SVlHGPH7L5Ya3oM=
-10,-58,7dZ4vjqWBNMI87lsfRjtc0M926Q=,5CeQAmyW1/NWZEFtsAs6HV/Uk7s=
-3,-55,7dZ4vjqWBNMI87lsfRjtc0M926Q=,GDV0UaP18gu/SVlHGPH7L5Ya3oM=
-5,-51,7dZ4vjqWBNMI87lsfRjtc0M926Q=,GDV0UaP18gu/SVlHGPH7L5Ya3oM=
-9,-58,7dZ4vjqWBNMI87lsfRjtc0M926Q=,5CeQAmyW1/NWZEFtsAs6HV/Uk7s=
-1,-49,7dZ4vjqWBNMI87lsfRjtc0M926Q=,GDV0UaP18gu/SVlHGPH7L5Ya3oM=
-10,-52,7dZ4vjqWBNMI87lsfRjtc0M926Q=,EQwmvFvWCAgyHgR7qcYSpJTd8G4=
-3,-57,7dZ4vjqWBNMI87lsfRjtc0M926Q=,dFmUGfR7x+cDy4yZ8qjLfQh6biE=
-5,-59,7dZ4vjqWBNMI87lsfRjtc0M926Q=,dFmUGfR7x+cDy4yZ8qjLfQh6biE=
-21,-44,eS4afU4PbY+Hh5aDvtQWhRHT1Uc=,pP1aWTE+E/nj7bDAS15yL466B0s=
-20,-45,eS4afU4PbY+Hh5aDvtQWhRHT1Uc=,pP1aWTE+E/nj7bDAS15yL466B0s=
-21,-45,eS4afU4PbY+Hh5aDvtQWhRHT1Uc=,pP1aWTE+E/nj7bDAS15yL466B0s=
-20,-44,eS4afU4PbY+Hh5aDvtQWhRHT1Uc=,pP1aWTE+E/nj7bDAS15yL466B0s=
-21,-48,eS4afU4PbY+Hh5aDvtQWhRHT1Uc=,pP1aWTE+E/nj7bDAS15yL466B0s=
-20,-46,eS4afU4PbY+Hh5aDvtQWhRHT1Uc=,pP1aWTE+E/nj7bDAS15yL466B0s=
-21,-46,eS4afU4PbY+Hh5aDvtQWhRHT1Uc=,pP1aWTE+E/nj7bDAS15yL466B0s=
-21,-47,eS4afU4PbY+Hh5aDvtQWhRHT1Uc=,pP1aWTE+E/nj7bDAS15yL466B0s=
-20,-48,eS4afU4PbY+Hh5aDvtQWhRHT1Uc=,pP1aWTE+E/nj7bDAS15yL466B0s=
-20,-47,eS4afU4PbY+Hh5aDvtQWhRHT1Uc=,pP1aWTE+E/nj7bDAS15yL466B0s=
-27,-46,kQq52d5q0c/L0kGgVyhzBrbDqIU=,CjhiBn3xDFOdkb0T9z3XyU11CIs=
-23,-45,kQq52d5q0c/L0kGgVyhzBrbDqIU=,pP1aWTE+E/nj7bDAS15yL466B0s=
-28,-46,kQq52d5q0c/L0kGgVyhzBrbDqIU=,CjhiBn3xDFOdkb0T9z3XyU11CIs=
-29,-45,kQq52d5q0c/L0kGgVyhzBrbDqIU=,CjhiBn3xDFOdkb0T9z3XyU11CIs=
-24,-45,kQq52d5q0c/L0kGgVyhzBrbDqIU=,pP1aWTE+E/nj7bDAS15yL466B0s=
-29,-46,kQq52d5q0c/L0kGgVyhzBrbDqIU=,CjhiBn3xDFOdkb0T9z3XyU11CIs=
-23,-48,kQq52d5q0c/L0kGgVyhzBrbDqIU=,pP1aWTE+E/nj7bDAS15yL466B0s=
-22,-46,kQq52d5q0c/L0kGgVyhzBrbDqIU=,pP1aWTE+E/nj7bDAS15yL466B0s=
-23,-46,kQq52d5q0c/L0kGgVyhzBrbDqIU=,pP1aWTE+E/nj7bDAS15yL466B0s=
-28,-45,kQq52d5q0c/L0kGgVyhzBrbDqIU=,CjhiBn3xDFOdkb0T9z3XyU11CIs=
-22,-48,kQq52d5q0c/L0kGgVyhzBrbDqIU=,pP1aWTE+E/nj7bDAS15yL466B0s=
-25,-45,kQq52d5q0c/L0kGgVyhzBrbDqIU=,CjhiBn3xDFOdkb0T9z3XyU11CIs=
-25,-47,kQq52d5q0c/L0kGgVyhzBrbDqIU=,CjhiBn3xDFOdkb0T9z3XyU11CIs=
-24,-44,kQq52d5q0c/L0kGgVyhzBrbDqIU=,pP1aWTE+E/nj7bDAS15yL466B0s=
-28,-47,kQq52d5q0c/L0kGgVyhzBrbDqIU=,CjhiBn3xDFOdkb0T9z3XyU11CIs=
-27,-47,kQq52d5q0c/L0kGgVyhzBrbDqIU=,CjhiBn3xDFOdkb0T9z3XyU11CIs=
-23,-44,kQq52d5q0c/L0kGgVyhzBrbDqIU=,pP1aWTE+E/nj7bDAS15yL466B0s=
-24,-48,kQq52d5q0c/L0kGgVyhzBrbDqIU=,pP1aWTE+E/nj7bDAS15yL466B0s=
-26,-46,kQq52d5q0c/L0kGgVyhzBrbDqIU=,CjhiBn3xDFOdkb0T9z3XyU11CIs=
-27,-45,kQq52d5q0c/L0kGgVyhzBrbDqIU=,CjhiBn3xDFOdkb0T9z3XyU11CIs=
-24,-46,kQq52d5q0c/L0kGgVyhzBrbDqIU=,pP1aWTE+E/nj7bDAS15yL466B0s=
-26,-45,kQq52d5q0c/L0kGgVyhzBrbDqIU=,CjhiBn3xDFOdkb0T9z3XyU11CIs=
-25,-46,kQq52d5q0c/L0kGgVyhzBrbDqIU=,CjhiBn3xDFOdkb0T9z3XyU11CIs=
-26,-47,kQq52d5q0c/L0kGgVyhzBrbDqIU=,CjhiBn3xDFOdkb0T9z3XyU11CIs=
-29,-47,kQq52d5q0c/L0kGgVyhzBrbDqIU=,CjhiBn3xDFOdkb0T9z3XyU11CIs=
-22,-44,kQq52d5q0c/L0kGgVyhzBrbDqIU=,pP1aWTE+E/nj7bDAS15yL466B0s=
-25,-48,kQq52d5q0c/L0kGgVyhzBrbDqIU=,CjhiBn3xDFOdkb0T9z3XyU11CIs=
-29,-44,kQq52d5q0c/L0kGgVyhzBrbDqIU=,CjhiBn3xDFOdkb0T9z3XyU11CIs=
-22,-47,kQq52d5q0c/L0kGgVyhzBrbDqIU=,pP1aWTE+E/nj7bDAS15yL466B0s=
-28,-44,kQq52d5q0c/L0kGgVyhzBrbDqIU=,CjhiBn3xDFOdkb0T9z3XyU11CIs=
-23,-47,kQq52d5q0c/L0kGgVyhzBrbDqIU=,pP1aWTE+E/nj7bDAS15yL466B0s=
-27,-44,kQq52d5q0c/L0kGgVyhzBrbDqIU=,CjhiBn3xDFOdkb0T9z3XyU11CIs=
-24,-47,kQq52d5q0c/L0kGgVyhzBrbDqIU=,pP1aWTE+E/nj7bDAS15yL466B0s=
-26,-44,kQq52d5q0c/L0kGgVyhzBrbDqIU=,CjhiBn3xDFOdkb0T9z3XyU11CIs=
-22,-45,kQq52d5q0c/L0kGgVyhzBrbDqIU=,pP1aWTE+E/nj7bDAS15yL466B0s=
-25,-44,kQq52d5q0c/L0kGgVyhzBrbDqIU=,CjhiBn3xDFOdkb0T9z3XyU11CIs=
-28,-48,kQq52d5q0c/L0kGgVyhzBrbDqIU=,CjhiBn3xDFOdkb0T9z3XyU11CIs=
-29,-48,kQq52d5q0c/L0kGgVyhzBrbDqIU=,CjhiBn3xDFOdkb0T9z3XyU11CIs=
-27,-48,kQq52d5q0c/L0kGgVyhzBrbDqIU=,CjhiBn3xDFOdkb0T9z3XyU11CIs=
-26,-48,kQq52d5q0c/L0kGgVyhzBrbDqIU=,CjhiBn3xDFOdkb0T9z3XyU11CIs=
-18,-36,IDGLaGWIPYZIQxy00k84Hc553zU=,q3Is4dINIJHqN1wvztAmIb5Umxc=
-17,-36,IDGLaGWIPYZIQxy00k84Hc553zU=,q3Is4dINIJHqN1wvztAmIb5Umxc=
-21,-38,IDGLaGWIPYZIQxy00k84Hc553zU=,q3Is4dINIJHqN1wvztAmIb5Umxc=
-20,-38,IDGLaGWIPYZIQxy00k84Hc553zU=,q3Is4dINIJHqN1wvztAmIb5Umxc=
-21,-36,IDGLaGWIPYZIQxy00k84Hc553zU=,q3Is4dINIJHqN1wvztAmIb5Umxc=
-21,-39,IDGLaGWIPYZIQxy00k84Hc553zU=,q3Is4dINIJHqN1wvztAmIb5Umxc=
-20,-39,IDGLaGWIPYZIQxy00k84Hc553zU=,q3Is4dINIJHqN1wvztAmIb5Umxc=
-21,-41,IDGLaGWIPYZIQxy00k84Hc553zU=,pP1aWTE+E/nj7bDAS15yL466B0s=
-21,-42,IDGLaGWIPYZIQxy00k84Hc553zU=,pP1aWTE+E/nj7bDAS15yL466B0s=
-20,-40,IDGLaGWIPYZIQxy00k84Hc553zU=,q3Is4dINIJHqN1wvztAmIb5Umxc=
-21,-40,IDGLaGWIPYZIQxy00k84Hc553zU=,q3Is4dINIJHqN1wvztAmIb5Umxc=
-21,-43,IDGLaGWIPYZIQxy00k84Hc553zU=,pP1aWTE+E/nj7bDAS15yL466B0s=
-21,-37,IDGLaGWIPYZIQxy00k84Hc553zU=,q3Is4dINIJHqN1wvztAmIb5Umxc=
-20,-43,IDGLaGWIPYZIQxy00k84Hc553zU=,pP1aWTE+E/nj7bDAS15yL466B0s=
-17,-37,IDGLaGWIPYZIQxy00k84Hc553zU=,q3Is4dINIJHqN1wvztAmIb5Umxc=
-20,-37,IDGLaGWIPYZIQxy00k84Hc553zU=,q3Is4dINIJHqN1wvztAmIb5Umxc=
-18,-37,IDGLaGWIPYZIQxy00k84Hc553zU=,q3Is4dINIJHqN1wvztAmIb5Umxc=
-19,-37,IDGLaGWIPYZIQxy00k84Hc553zU=,q3Is4dINIJHqN1wvztAmIb5Umxc=
-19,-36,IDGLaGWIPYZIQxy00k84Hc553zU=,q3Is4dINIJHqN1wvztAmIb5Umxc=
-20,-41,IDGLaGWIPYZIQxy00k84Hc553zU=,pP1aWTE+E/nj7bDAS15yL466B0s=
-20,-42,IDGLaGWIPYZIQxy00k84Hc553zU=,pP1aWTE+E/nj7bDAS15yL466B0s=
-20,-36,IDGLaGWIPYZIQxy00k84Hc553zU=,q3Is4dINIJHqN1wvztAmIb5Umxc=
-20,-34,IDGLaGWIPYZIQxy00k84Hc553zU=,q3Is4dINIJHqN1wvztAmIb5Umxc=
-20,-33,IDGLaGWIPYZIQxy00k84Hc553zU=,q3Is4dINIJHqN1wvztAmIb5Umxc=
-21,-33,IDGLaGWIPYZIQxy00k84Hc553zU=,q3Is4dINIJHqN1wvztAmIb5Umxc=
-21,-35,IDGLaGWIPYZIQxy00k84Hc553zU=,q3Is4dINIJHqN1wvztAmIb5Umxc=
-21,-34,IDGLaGWIPYZIQxy00k84Hc553zU=,q3Is4dINIJHqN1wvztAmIb5Umxc=
-20,-35,IDGLaGWIPYZIQxy00k84Hc553zU=,q3Is4dINIJHqN1wvztAmIb5Umxc=
-19,-33,IDGLaGWIPYZIQxy00k84Hc553zU=,q3Is4dINIJHqN1wvztAmIb5Umxc=
-17,-35,IDGLaGWIPYZIQxy00k84Hc553zU=,q3Is4dINIJHqN1wvztAmIb5Umxc=
-18,-35,IDGLaGWIPYZIQxy00k84Hc553zU=,q3Is4dINIJHqN1wvztAmIb5Umxc=
-19,-35,IDGLaGWIPYZIQxy00k84Hc553zU=,q3Is4dINIJHqN1wvztAmIb5Umxc=
-17,-33,IDGLaGWIPYZIQxy00k84Hc553zU=,q3Is4dINIJHqN1wvztAmIb5Umxc=
-18,-34,IDGLaGWIPYZIQxy00k84Hc553zU=,q3Is4dINIJHqN1wvztAmIb5Umxc=
-17,-34,IDGLaGWIPYZIQxy00k84Hc553zU=,q3Is4dINIJHqN1wvztAmIb5Umxc=
-19,-34,IDGLaGWIPYZIQxy00k84Hc553zU=,q3Is4dINIJHqN1wvztAmIb5Umxc=
-18,-33,IDGLaGWIPYZIQxy00k84Hc553zU=,q3Is4dINIJHqN1wvztAmIb5Umxc=
-18,-40,nttiBGmCtk9X3SvO/lswcpoG6Qc=,q3Is4dINIJHqN1wvztAmIb5Umxc=
-17,-39,nttiBGmCtk9X3SvO/lswcpoG6Qc=,q3Is4dINIJHqN1wvztAmIb5Umxc=
-17,-43,nttiBGmCtk9X3SvO/lswcpoG6Qc=,pP1aWTE+E/nj7bDAS15yL466B0s=
-18,-42,nttiBGmCtk9X3SvO/lswcpoG6Qc=,pP1aWTE+E/nj7bDAS15yL466B0s=
-18,-43,nttiBGmCtk9X3SvO/lswcpoG6Qc=,pP1aWTE+E/nj7bDAS15yL466B0s=
-18,-38,nttiBGmCtk9X3SvO/lswcpoG6Qc=,q3Is4dINIJHqN1wvztAmIb5Umxc=
-19,-43,nttiBGmCtk9X3SvO/lswcpoG6Qc=,pP1aWTE+E/nj7bDAS15yL466B0s=
-17,-38,nttiBGmCtk9X3SvO/lswcpoG6Qc=,q3Is4dINIJHqN1wvztAmIb5Umxc=
-17,-44,nttiBGmCtk9X3SvO/lswcpoG6Qc=,pP1aWTE+E/nj7bDAS15yL466B0s=
-19,-39,nttiBGmCtk9X3SvO/lswcpoG6Qc=,q3Is4dINIJHqN1wvztAmIb5Umxc=
-19,-44,nttiBGmCtk9X3SvO/lswcpoG6Qc=,pP1aWTE+E/nj7bDAS15yL466B0s=
-18,-44,nttiBGmCtk9X3SvO/lswcpoG6Qc=,pP1aWTE+E/nj7bDAS15yL466B0s=
-19,-42,nttiBGmCtk9X3SvO/lswcpoG6Qc=,pP1aWTE+E/nj7bDAS15yL466B0s=
-18,-41,nttiBGmCtk9X3SvO/lswcpoG6Qc=,pP1aWTE+E/nj7bDAS15yL466B0s=
-17,-45,nttiBGmCtk9X3SvO/lswcpoG6Qc=,pP1aWTE+E/nj7bDAS15yL466B0s=
-18,-39,nttiBGmCtk9X3SvO/lswcpoG6Qc=,q3Is4dINIJHqN1wvztAmIb5Umxc=
-18,-45,nttiBGmCtk9X3SvO/lswcpoG6Qc=,pP1aWTE+E/nj7bDAS15yL466B0s=
-19,-45,nttiBGmCtk9X3SvO/lswcpoG6Qc=,pP1aWTE+E/nj7bDAS15yL466B0s=
-17,-41,nttiBGmCtk9X3SvO/lswcpoG6Qc=,pP1aWTE+E/nj7bDAS15yL466B0s=
-17,-40,nttiBGmCtk9X3SvO/lswcpoG6Qc=,q3Is4dINIJHqN1wvztAmIb5Umxc=
-19,-40,nttiBGmCtk9X3SvO/lswcpoG6Qc=,q3Is4dINIJHqN1wvztAmIb5Umxc=
-19,-38,nttiBGmCtk9X3SvO/lswcpoG6Qc=,q3Is4dINIJHqN1wvztAmIb5Umxc=
-19,-41,nttiBGmCtk9X3SvO/lswcpoG6Qc=,pP1aWTE+E/nj7bDAS15yL466B0s=
-17,-42,nttiBGmCtk9X3SvO/lswcpoG6Qc=,pP1aWTE+E/nj7bDAS15yL466B0s=
-31,-46,nttiBGmCtk9X3SvO/lswcpoG6Qc=,CjhiBn3xDFOdkb0T9z3XyU11CIs=
-30,-45,nttiBGmCtk9X3SvO/lswcpoG6Qc=,CjhiBn3xDFOdkb0T9z3XyU11CIs=
-30,-46,nttiBGmCtk9X3SvO/lswcpoG6Qc=,CjhiBn3xDFOdkb0T9z3XyU11CIs=
-30,-47,nttiBGmCtk9X3SvO/lswcpoG6Qc=,CjhiBn3xDFOdkb0T9z3XyU11CIs=
-32,-46,nttiBGmCtk9X3SvO/lswcpoG6Qc=,CjhiBn3xDFOdkb0T9z3XyU11CIs=
-31,-45,nttiBGmCtk9X3SvO/lswcpoG6Qc=,CjhiBn3xDFOdkb0T9z3XyU11CIs=
-32,-45,nttiBGmCtk9X3SvO/lswcpoG6Qc=,CjhiBn3xDFOdkb0T9z3XyU11CIs=
-31,-48,nttiBGmCtk9X3SvO/lswcpoG6Qc=,CjhiBn3xDFOdkb0T9z3XyU11CIs=
-30,-48,nttiBGmCtk9X3SvO/lswcpoG6Qc=,CjhiBn3xDFOdkb0T9z3XyU11CIs=
-32,-44,nttiBGmCtk9X3SvO/lswcpoG6Qc=,CjhiBn3xDFOdkb0T9z3XyU11CIs=
-32,-47,nttiBGmCtk9X3SvO/lswcpoG6Qc=,CjhiBn3xDFOdkb0T9z3XyU11CIs=
-30,-44,nttiBGmCtk9X3SvO/lswcpoG6Qc=,CjhiBn3xDFOdkb0T9z3XyU11CIs=
-31,-44,nttiBGmCtk9X3SvO/lswcpoG6Qc=,CjhiBn3xDFOdkb0T9z3XyU11CIs=
-31,-47,nttiBGmCtk9X3SvO/lswcpoG6Qc=,CjhiBn3xDFOdkb0T9z3XyU11CIs=
-17,-46,nttiBGmCtk9X3SvO/lswcpoG6Qc=,pP1aWTE+E/nj7bDAS15yL466B0s=
-18,-48,nttiBGmCtk9X3SvO/lswcpoG6Qc=,pP1aWTE+E/nj7bDAS15yL466B0s=
-32,-48,nttiBGmCtk9X3SvO/lswcpoG6Qc=,CjhiBn3xDFOdkb0T9z3XyU11CIs=
-17,-48,nttiBGmCtk9X3SvO/lswcpoG6Qc=,pP1aWTE+E/nj7bDAS15yL466B0s=
-18,-47,nttiBGmCtk9X3SvO/lswcpoG6Qc=,pP1aWTE+E/nj7bDAS15yL466B0s=
-19,-46,nttiBGmCtk9X3SvO/lswcpoG6Qc=,pP1aWTE+E/nj7bDAS15yL466B0s=
-17,-47,nttiBGmCtk9X3SvO/lswcpoG6Qc=,pP1aWTE+E/nj7bDAS15yL466B0s=
-18,-46,nttiBGmCtk9X3SvO/lswcpoG6Qc=,pP1aWTE+E/nj7bDAS15yL466B0s=
-19,-47,nttiBGmCtk9X3SvO/lswcpoG6Qc=,pP1aWTE+E/nj7bDAS15yL466B0s=
-19,-48,nttiBGmCtk9X3SvO/lswcpoG6Qc=,pP1aWTE+E/nj7bDAS15yL466B0s=
-27,-38,KuIbPIpMr0m7yJL4/BNSiyTc0YM=,5K/Q0qobSpoTUVRterYGhldIrnY=
-26,-38,KuIbPIpMr0m7yJL4/BNSiyTc0YM=,5K/Q0qobSpoTUVRterYGhldIrnY=
-29,-33,KuIbPIpMr0m7yJL4/BNSiyTc0YM=,5K/Q0qobSpoTUVRterYGhldIrnY=
-24,-38,KuIbPIpMr0m7yJL4/BNSiyTc0YM=,q3Is4dINIJHqN1wvztAmIb5Umxc=
-23,-38,KuIbPIpMr0m7yJL4/BNSiyTc0YM=,q3Is4dINIJHqN1wvztAmIb5Umxc=
-30,-33,KuIbPIpMr0m7yJL4/BNSiyTc0YM=,5K/Q0qobSpoTUVRterYGhldIrnY=
-24,-39,KuIbPIpMr0m7yJL4/BNSiyTc0YM=,q3Is4dINIJHqN1wvztAmIb5Umxc=
-31,-33,KuIbPIpMr0m7yJL4/BNSiyTc0YM=,5K/Q0qobSpoTUVRterYGhldIrnY=
-28,-35,KuIbPIpMr0m7yJL4/BNSiyTc0YM=,5K/Q0qobSpoTUVRterYGhldIrnY=
-30,-35,KuIbPIpMr0m7yJL4/BNSiyTc0YM=,5K/Q0qobSpoTUVRterYGhldIrnY=
-28,-33,KuIbPIpMr0m7yJL4/BNSiyTc0YM=,5K/Q0qobSpoTUVRterYGhldIrnY=
-31,-38,KuIbPIpMr0m7yJL4/BNSiyTc0YM=,5K/Q0qobSpoTUVRterYGhldIrnY=
-25,-39,KuIbPIpMr0m7yJL4/BNSiyTc0YM=,5K/Q0qobSpoTUVRterYGhldIrnY=
-29,-37,KuIbPIpMr0m7yJL4/BNSiyTc0YM=,5K/Q0qobSpoTUVRterYGhldIrnY=
-31,-35,KuIbPIpMr0m7yJL4/BNSiyTc0YM=,5K/Q0qobSpoTUVRterYGhldIrnY=
-26,-39,KuIbPIpMr0m7yJL4/BNSiyTc0YM=,5K/Q0qobSpoTUVRterYGhldIrnY=
-28,-39,KuIbPIpMr0m7yJL4/BNSiyTc0YM=,5K/Q0qobSpoTUVRterYGhldIrnY=
-32,-33,KuIbPIpMr0m7yJL4/BNSiyTc0YM=,5K/Q0qobSpoTUVRterYGhldIrnY=
-24,-33,KuIbPIpMr0m7yJL4/BNSiyTc0YM=,q3Is4dINIJHqN1wvztAmIb5Umxc=
-30,-38,KuIbPIpMr0m7yJL4/BNSiyTc0YM=,5K/Q0qobSpoTUVRterYGhldIrnY=
-30,-37,KuIbPIpMr0m7yJL4/BNSiyTc0YM=,5K/Q0qobSpoTUVRterYGhldIrnY=
-30,-39,KuIbPIpMr0m7yJL4/BNSiyTc0YM=,5K/Q0qobSpoTUVRterYGhldIrnY=
-27,-35,KuIbPIpMr0m7yJL4/BNSiyTc0YM=,5K/Q0qobSpoTUVRterYGhldIrnY=
-25,-40,KuIbPIpMr0m7yJL4/BNSiyTc0YM=,5K/Q0qobSpoTUVRterYGhldIrnY=
-26,-40,KuIbPIpMr0m7yJL4/BNSiyTc0YM=,5K/Q0qobSpoTUVRterYGhldIrnY=
-31,-39,KuIbPIpMr0m7yJL4/BNSiyTc0YM=,5K/Q0qobSpoTUVRterYGhldIrnY=
-28,-37,KuIbPIpMr0m7yJL4/BNSiyTc0YM=,5K/Q0qobSpoTUVRterYGhldIrnY=
-29,-40,KuIbPIpMr0m7yJL4/BNSiyTc0YM=,5K/Q0qobSpoTUVRterYGhldIrnY=
-22,-42,KuIbPIpMr0m7yJL4/BNSiyTc0YM=,pP1aWTE+E/nj7bDAS15yL466B0s=
-32,-39,KuIbPIpMr0m7yJL4/BNSiyTc0YM=,5K/Q0qobSpoTUVRterYGhldIrnY=
-31,-40,KuIbPIpMr0m7yJL4/BNSiyTc0YM=,5K/Q0qobSpoTUVRterYGhldIrnY=
-28,-40,KuIbPIpMr0m7yJL4/BNSiyTc0YM=,5K/Q0qobSpoTUVRterYGhldIrnY=
-30,-40,KuIbPIpMr0m7yJL4/BNSiyTc0YM=,5K/Q0qobSpoTUVRterYGhldIrnY=
-32,-35,KuIbPIpMr0m7yJL4/BNSiyTc0YM=,5K/Q0qobSpoTUVRterYGhldIrnY=
-29,-39,KuIbPIpMr0m7yJL4/BNSiyTc0YM=,5K/Q0qobSpoTUVRterYGhldIrnY=
-32,-40,KuIbPIpMr0m7yJL4/BNSiyTc0YM=,5K/Q0qobSpoTUVRterYGhldIrnY=
-22,-36,KuIbPIpMr0m7yJL4/BNSiyTc0YM=,q3Is4dINIJHqN1wvztAmIb5Umxc=
-25,-41,KuIbPIpMr0m7yJL4/BNSiyTc0YM=,CjhiBn3xDFOdkb0T9z3XyU11CIs=
-22,-41,KuIbPIpMr0m7yJL4/BNSiyTc0YM=,pP1aWTE+E/nj7bDAS15yL466B0s=
-23,-36,KuIbPIpMr0m7yJL4/BNSiyTc0YM=,q3Is4dINIJHqN1wvztAmIb5Umxc=
-26,-41,KuIbPIpMr0m7yJL4/BNSiyTc0YM=,CjhiBn3xDFOdkb0T9z3XyU11CIs=
-23,-42,KuIbPIpMr0m7yJL4/BNSiyTc0YM=,pP1aWTE+E/nj7bDAS15yL466B0s=
-24,-42,KuIbPIpMr0m7yJL4/BNSiyTc0YM=,pP1aWTE+E/nj7bDAS15yL466B0s=
-27,-41,KuIbPIpMr0m7yJL4/BNSiyTc0YM=,CjhiBn3xDFOdkb0T9z3XyU11CIs=
-27,-40,KuIbPIpMr0m7yJL4/BNSiyTc0YM=,5K/Q0qobSpoTUVRterYGhldIrnY=
-29,-41,KuIbPIpMr0m7yJL4/BNSiyTc0YM=,CjhiBn3xDFOdkb0T9z3XyU11CIs=
-30,-41,KuIbPIpMr0m7yJL4/BNSiyTc0YM=,CjhiBn3xDFOdkb0T9z3XyU11CIs=
-28,-41,KuIbPIpMr0m7yJL4/BNSiyTc0YM=,CjhiBn3xDFOdkb0T9z3XyU11CIs=
-31,-41,KuIbPIpMr0m7yJL4/BNSiyTc0YM=,CjhiBn3xDFOdkb0T9z3XyU11CIs=
-32,-41,KuIbPIpMr0m7yJL4/BNSiyTc0YM=,CjhiBn3xDFOdkb0T9z3XyU11CIs=
-22,-37,KuIbPIpMr0m7yJL4/BNSiyTc0YM=,q3Is4dINIJHqN1wvztAmIb5Umxc=
-27,-34,KuIbPIpMr0m7yJL4/BNSiyTc0YM=,5K/Q0qobSpoTUVRterYGhldIrnY=
-25,-42,KuIbPIpMr0m7yJL4/BNSiyTc0YM=,CjhiBn3xDFOdkb0T9z3XyU11CIs=
-23,-37,KuIbPIpMr0m7yJL4/BNSiyTc0YM=,q3Is4dINIJHqN1wvztAmIb5Umxc=
-26,-42,KuIbPIpMr0m7yJL4/BNSiyTc0YM=,CjhiBn3xDFOdkb0T9z3XyU11CIs=
-28,-42,KuIbPIpMr0m7yJL4/BNSiyTc0YM=,CjhiBn3xDFOdkb0T9z3XyU11CIs=
-23,-43,KuIbPIpMr0m7yJL4/BNSiyTc0YM=,pP1aWTE+E/nj7bDAS15yL466B0s=
-24,-43,KuIbPIpMr0m7yJL4/BNSiyTc0YM=,pP1aWTE+E/nj7bDAS15yL466B0s=
-22,-43,KuIbPIpMr0m7yJL4/BNSiyTc0YM=,pP1aWTE+E/nj7bDAS15yL466B0s=
-23,-41,KuIbPIpMr0m7yJL4/BNSiyTc0YM=,pP1aWTE+E/nj7bDAS15yL466B0s=
-24,-41,KuIbPIpMr0m7yJL4/BNSiyTc0YM=,pP1aWTE+E/nj7bDAS15yL466B0s=
-25,-43,KuIbPIpMr0m7yJL4/BNSiyTc0YM=,CjhiBn3xDFOdkb0T9z3XyU11CIs=
-26,-43,KuIbPIpMr0m7yJL4/BNSiyTc0YM=,CjhiBn3xDFOdkb0T9z3XyU11CIs=
-22,-39,KuIbPIpMr0m7yJL4/BNSiyTc0YM=,q3Is4dINIJHqN1wvztAmIb5Umxc=
-27,-43,KuIbPIpMr0m7yJL4/BNSiyTc0YM=,CjhiBn3xDFOdkb0T9z3XyU11CIs=
-28,-43,KuIbPIpMr0m7yJL4/BNSiyTc0YM=,CjhiBn3xDFOdkb0T9z3XyU11CIs=
-29,-43,KuIbPIpMr0m7yJL4/BNSiyTc0YM=,CjhiBn3xDFOdkb0T9z3XyU11CIs=
-22,-40,KuIbPIpMr0m7yJL4/BNSiyTc0YM=,q3Is4dINIJHqN1wvztAmIb5Umxc=
-31,-43,KuIbPIpMr0m7yJL4/BNSiyTc0YM=,CjhiBn3xDFOdkb0T9z3XyU11CIs=
-30,-43,KuIbPIpMr0m7yJL4/BNSiyTc0YM=,CjhiBn3xDFOdkb0T9z3XyU11CIs=
-23,-40,KuIbPIpMr0m7yJL4/BNSiyTc0YM=,q3Is4dINIJHqN1wvztAmIb5Umxc=
-28,-34,KuIbPIpMr0m7yJL4/BNSiyTc0YM=,5K/Q0qobSpoTUVRterYGhldIrnY=
-24,-40,KuIbPIpMr0m7yJL4/BNSiyTc0YM=,q3Is4dINIJHqN1wvztAmIb5Umxc=
-32,-43,KuIbPIpMr0m7yJL4/BNSiyTc0YM=,CjhiBn3xDFOdkb0T9z3XyU11CIs=
-26,-35,KuIbPIpMr0m7yJL4/BNSiyTc0YM=,5K/Q0qobSpoTUVRterYGhldIrnY=
-29,-34,KuIbPIpMr0m7yJL4/BNSiyTc0YM=,5K/Q0qobSpoTUVRterYGhldIrnY=
-23,-39,KuIbPIpMr0m7yJL4/BNSiyTc0YM=,q3Is4dINIJHqN1wvztAmIb5Umxc=
-30,-34,KuIbPIpMr0m7yJL4/BNSiyTc0YM=,5K/Q0qobSpoTUVRterYGhldIrnY=
-28,-38,KuIbPIpMr0m7yJL4/BNSiyTc0YM=,5K/Q0qobSpoTUVRterYGhldIrnY=
-29,-35,KuIbPIpMr0m7yJL4/BNSiyTc0YM=,5K/Q0qobSpoTUVRterYGhldIrnY=
-31,-34,KuIbPIpMr0m7yJL4/BNSiyTc0YM=,5K/Q0qobSpoTUVRterYGhldIrnY=
-22,-34,KuIbPIpMr0m7yJL4/BNSiyTc0YM=,q3Is4dINIJHqN1wvztAmIb5Umxc=
-23,-34,KuIbPIpMr0m7yJL4/BNSiyTc0YM=,q3Is4dINIJHqN1wvztAmIb5Umxc=
-22,-33,KuIbPIpMr0m7yJL4/BNSiyTc0YM=,q3Is4dINIJHqN1wvztAmIb5Umxc=
-23,-33,KuIbPIpMr0m7yJL4/BNSiyTc0YM=,q3Is4dINIJHqN1wvztAmIb5Umxc=
-27,-33,KuIbPIpMr0m7yJL4/BNSiyTc0YM=,5K/Q0qobSpoTUVRterYGhldIrnY=
-22,-38,KuIbPIpMr0m7yJL4/BNSiyTc0YM=,q3Is4dINIJHqN1wvztAmIb5Umxc=
-22,-35,KuIbPIpMr0m7yJL4/BNSiyTc0YM=,q3Is4dINIJHqN1wvztAmIb5Umxc=
-32,-34,KuIbPIpMr0m7yJL4/BNSiyTc0YM=,5K/Q0qobSpoTUVRterYGhldIrnY=
-25,-37,KuIbPIpMr0m7yJL4/BNSiyTc0YM=,5K/Q0qobSpoTUVRterYGhldIrnY=
-27,-37,KuIbPIpMr0m7yJL4/BNSiyTc0YM=,5K/Q0qobSpoTUVRterYGhldIrnY=
-28,-36,KuIbPIpMr0m7yJL4/BNSiyTc0YM=,5K/Q0qobSpoTUVRterYGhldIrnY=
-26,-36,KuIbPIpMr0m7yJL4/BNSiyTc0YM=,5K/Q0qobSpoTUVRterYGhldIrnY=
-27,-42,KuIbPIpMr0m7yJL4/BNSiyTc0YM=,CjhiBn3xDFOdkb0T9z3XyU11CIs=
-29,-42,KuIbPIpMr0m7yJL4/BNSiyTc0YM=,CjhiBn3xDFOdkb0T9z3XyU11CIs=
-30,-42,KuIbPIpMr0m7yJL4/BNSiyTc0YM=,CjhiBn3xDFOdkb0T9z3XyU11CIs=
-31,-42,KuIbPIpMr0m7yJL4/BNSiyTc0YM=,CjhiBn3xDFOdkb0T9z3XyU11CIs=
-24,-34,KuIbPIpMr0m7yJL4/BNSiyTc0YM=,q3Is4dINIJHqN1wvztAmIb5Umxc=
-24,-37,KuIbPIpMr0m7yJL4/BNSiyTc0YM=,q3Is4dINIJHqN1wvztAmIb5Umxc=
-26,-37,KuIbPIpMr0m7yJL4/BNSiyTc0YM=,5K/Q0qobSpoTUVRterYGhldIrnY=
-25,-36,KuIbPIpMr0m7yJL4/BNSiyTc0YM=,5K/Q0qobSpoTUVRterYGhldIrnY=
-32,-42,KuIbPIpMr0m7yJL4/BNSiyTc0YM=,CjhiBn3xDFOdkb0T9z3XyU11CIs=
-26,-33,KuIbPIpMr0m7yJL4/BNSiyTc0YM=,5K/Q0qobSpoTUVRterYGhldIrnY=
-27,-36,KuIbPIpMr0m7yJL4/BNSiyTc0YM=,5K/Q0qobSpoTUVRterYGhldIrnY=
-25,-35,KuIbPIpMr0m7yJL4/BNSiyTc0YM=,5K/Q0qobSpoTUVRterYGhldIrnY=
-32,-38,KuIbPIpMr0m7yJL4/BNSiyTc0YM=,5K/Q0qobSpoTUVRterYGhldIrnY=
-24,-35,KuIbPIpMr0m7yJL4/BNSiyTc0YM=,q3Is4dINIJHqN1wvztAmIb5Umxc=
-25,-38,KuIbPIpMr0m7yJL4/BNSiyTc0YM=,5K/Q0qobSpoTUVRterYGhldIrnY=
-23,-35,KuIbPIpMr0m7yJL4/BNSiyTc0YM=,q3Is4dINIJHqN1wvztAmIb5Umxc=
-32,-36,KuIbPIpMr0m7yJL4/BNSiyTc0YM=,5K/Q0qobSpoTUVRterYGhldIrnY=
-29,-38,KuIbPIpMr0m7yJL4/BNSiyTc0YM=,5K/Q0qobSpoTUVRterYGhldIrnY=
-31,-36,KuIbPIpMr0m7yJL4/BNSiyTc0YM=,5K/Q0qobSpoTUVRterYGhldIrnY=
-25,-34,KuIbPIpMr0m7yJL4/BNSiyTc0YM=,5K/Q0qobSpoTUVRterYGhldIrnY=
-25,-33,KuIbPIpMr0m7yJL4/BNSiyTc0YM=,5K/Q0qobSpoTUVRterYGhldIrnY=
-30,-36,KuIbPIpMr0m7yJL4/BNSiyTc0YM=,5K/Q0qobSpoTUVRterYGhldIrnY=
-27,-39,KuIbPIpMr0m7yJL4/BNSiyTc0YM=,5K/Q0qobSpoTUVRterYGhldIrnY=
-26,-34,KuIbPIpMr0m7yJL4/BNSiyTc0YM=,5K/Q0qobSpoTUVRterYGhldIrnY=
-24,-36,KuIbPIpMr0m7yJL4/BNSiyTc0YM=,q3Is4dINIJHqN1wvztAmIb5Umxc=
-32,-37,KuIbPIpMr0m7yJL4/BNSiyTc0YM=,5K/Q0qobSpoTUVRterYGhldIrnY=
-29,-36,KuIbPIpMr0m7yJL4/BNSiyTc0YM=,5K/Q0qobSpoTUVRterYGhldIrnY=
-31,-37,KuIbPIpMr0m7yJL4/BNSiyTc0YM=,5K/Q0qobSpoTUVRterYGhldIrnY=
-25,-51,ryya+fbjPhjMoF9Z1R/r8YtBhRU=,lvGmRXmcQtPgnRMroTHKFW5z6sU=
-26,-51,ryya+fbjPhjMoF9Z1R/r8YtBhRU=,lvGmRXmcQtPgnRMroTHKFW5z6sU=
-29,-50,ryya+fbjPhjMoF9Z1R/r8YtBhRU=,lvGmRXmcQtPgnRMroTHKFW5z6sU=
-27,-51,ryya+fbjPhjMoF9Z1R/r8YtBhRU=,lvGmRXmcQtPgnRMroTHKFW5z6sU=
-28,-51,ryya+fbjPhjMoF9Z1R/r8YtBhRU=,lvGmRXmcQtPgnRMroTHKFW5z6sU=
-29,-51,1eQw1Dvs07Vf5bxxWsNLCY6bgug=,lvGmRXmcQtPgnRMroTHKFW5z6sU=
-25,-49,1eQw1Dvs07Vf5bxxWsNLCY6bgug=,lvGmRXmcQtPgnRMroTHKFW5z6sU=
-26,-49,1eQw1Dvs07Vf5bxxWsNLCY6bgug=,lvGmRXmcQtPgnRMroTHKFW5z6sU=
-28,-49,1eQw1Dvs07Vf5bxxWsNLCY6bgug=,lvGmRXmcQtPgnRMroTHKFW5z6sU=
-27,-49,1eQw1Dvs07Vf5bxxWsNLCY6bgug=,lvGmRXmcQtPgnRMroTHKFW5z6sU=
-29,-49,1eQw1Dvs07Vf5bxxWsNLCY6bgug=,lvGmRXmcQtPgnRMroTHKFW5z6sU=
-25,-50,1eQw1Dvs07Vf5bxxWsNLCY6bgug=,lvGmRXmcQtPgnRMroTHKFW5z6sU=
-26,-50,1eQw1Dvs07Vf5bxxWsNLCY6bgug=,lvGmRXmcQtPgnRMroTHKFW5z6sU=
-27,-50,1eQw1Dvs07Vf5bxxWsNLCY6bgug=,lvGmRXmcQtPgnRMroTHKFW5z6sU=
-30,-53,1eQw1Dvs07Vf5bxxWsNLCY6bgug=,lvGmRXmcQtPgnRMroTHKFW5z6sU=
-31,-50,1eQw1Dvs07Vf5bxxWsNLCY6bgug=,lvGmRXmcQtPgnRMroTHKFW5z6sU=
-28,-50,1eQw1Dvs07Vf5bxxWsNLCY6bgug=,lvGmRXmcQtPgnRMroTHKFW5z6sU=
-32,-50,1eQw1Dvs07Vf5bxxWsNLCY6bgug=,lvGmRXmcQtPgnRMroTHKFW5z6sU=
-30,-50,1eQw1Dvs07Vf5bxxWsNLCY6bgug=,lvGmRXmcQtPgnRMroTHKFW5z6sU=
-32,-52,1eQw1Dvs07Vf5bxxWsNLCY6bgug=,lvGmRXmcQtPgnRMroTHKFW5z6sU=
-32,-53,1eQw1Dvs07Vf5bxxWsNLCY6bgug=,lvGmRXmcQtPgnRMroTHKFW5z6sU=
-30,-51,1eQw1Dvs07Vf5bxxWsNLCY6bgug=,lvGmRXmcQtPgnRMroTHKFW5z6sU=
-31,-52,1eQw1Dvs07Vf5bxxWsNLCY6bgug=,lvGmRXmcQtPgnRMroTHKFW5z6sU=
-30,-49,1eQw1Dvs07Vf5bxxWsNLCY6bgug=,lvGmRXmcQtPgnRMroTHKFW5z6sU=
-30,-52,1eQw1Dvs07Vf5bxxWsNLCY6bgug=,lvGmRXmcQtPgnRMroTHKFW5z6sU=
-32,-51,1eQw1Dvs07Vf5bxxWsNLCY6bgug=,lvGmRXmcQtPgnRMroTHKFW5z6sU=
-31,-51,1eQw1Dvs07Vf5bxxWsNLCY6bgug=,lvGmRXmcQtPgnRMroTHKFW5z6sU=
-32,-49,1eQw1Dvs07Vf5bxxWsNLCY6bgug=,lvGmRXmcQtPgnRMroTHKFW5z6sU=
-31,-49,1eQw1Dvs07Vf5bxxWsNLCY6bgug=,lvGmRXmcQtPgnRMroTHKFW5z6sU=
-31,-53,1eQw1Dvs07Vf5bxxWsNLCY6bgug=,lvGmRXmcQtPgnRMroTHKFW5z6sU=
-31,-56,1eQw1Dvs07Vf5bxxWsNLCY6bgug=,lvGmRXmcQtPgnRMroTHKFW5z6sU=
-31,-59,1eQw1Dvs07Vf5bxxWsNLCY6bgug=,cV5fRnY7cZ2pAZWAVho1bnaSDi0=
-32,-58,1eQw1Dvs07Vf5bxxWsNLCY6bgug=,cV5fRnY7cZ2pAZWAVho1bnaSDi0=
-32,-57,1eQw1Dvs07Vf5bxxWsNLCY6bgug=,cV5fRnY7cZ2pAZWAVho1bnaSDi0=
-32,-59,1eQw1Dvs07Vf5bxxWsNLCY6bgug=,cV5fRnY7cZ2pAZWAVho1bnaSDi0=
-32,-56,1eQw1Dvs07Vf5bxxWsNLCY6bgug=,lvGmRXmcQtPgnRMroTHKFW5z6sU=
-31,-58,1eQw1Dvs07Vf5bxxWsNLCY6bgug=,cV5fRnY7cZ2pAZWAVho1bnaSDi0=
-30,-58,1eQw1Dvs07Vf5bxxWsNLCY6bgug=,cV5fRnY7cZ2pAZWAVho1bnaSDi0=
-32,-63,1eQw1Dvs07Vf5bxxWsNLCY6bgug=,cV5fRnY7cZ2pAZWAVho1bnaSDi0=
-30,-54,1eQw1Dvs07Vf5bxxWsNLCY6bgug=,lvGmRXmcQtPgnRMroTHKFW5z6sU=
-31,-62,1eQw1Dvs07Vf5bxxWsNLCY6bgug=,cV5fRnY7cZ2pAZWAVho1bnaSDi0=
-30,-56,1eQw1Dvs07Vf5bxxWsNLCY6bgug=,lvGmRXmcQtPgnRMroTHKFW5z6sU=
-31,-54,1eQw1Dvs07Vf5bxxWsNLCY6bgug=,lvGmRXmcQtPgnRMroTHKFW5z6sU=
-32,-54,1eQw1Dvs07Vf5bxxWsNLCY6bgug=,lvGmRXmcQtPgnRMroTHKFW5z6sU=
-32,-62,1eQw1Dvs07Vf5bxxWsNLCY6bgug=,cV5fRnY7cZ2pAZWAVho1bnaSDi0=
-32,-60,1eQw1Dvs07Vf5bxxWsNLCY6bgug=,cV5fRnY7cZ2pAZWAVho1bnaSDi0=
-31,-60,1eQw1Dvs07Vf5bxxWsNLCY6bgug=,cV5fRnY7cZ2pAZWAVho1bnaSDi0=
-30,-59,1eQw1Dvs07Vf5bxxWsNLCY6bgug=,cV5fRnY7cZ2pAZWAVho1bnaSDi0=
-31,-61,1eQw1Dvs07Vf5bxxWsNLCY6bgug=,cV5fRnY7cZ2pAZWAVho1bnaSDi0=
-30,-61,1eQw1Dvs07Vf5bxxWsNLCY6bgug=,cV5fRnY7cZ2pAZWAVho1bnaSDi0=
-30,-60,1eQw1Dvs07Vf5bxxWsNLCY6bgug=,cV5fRnY7cZ2pAZWAVho1bnaSDi0=
-30,-63,1eQw1Dvs07Vf5bxxWsNLCY6bgug=,cV5fRnY7cZ2pAZWAVho1bnaSDi0=
-32,-61,1eQw1Dvs07Vf5bxxWsNLCY6bgug=,cV5fRnY7cZ2pAZWAVho1bnaSDi0=
-31,-63,1eQw1Dvs07Vf5bxxWsNLCY6bgug=,cV5fRnY7cZ2pAZWAVho1bnaSDi0=
-30,-64,1eQw1Dvs07Vf5bxxWsNLCY6bgug=,cV5fRnY7cZ2pAZWAVho1bnaSDi0=
-31,-57,1eQw1Dvs07Vf5bxxWsNLCY6bgug=,cV5fRnY7cZ2pAZWAVho1bnaSDi0=
-31,-64,1eQw1Dvs07Vf5bxxWsNLCY6bgug=,cV5fRnY7cZ2pAZWAVho1bnaSDi0=
-30,-62,1eQw1Dvs07Vf5bxxWsNLCY6bgug=,cV5fRnY7cZ2pAZWAVho1bnaSDi0=
-30,-55,1eQw1Dvs07Vf5bxxWsNLCY6bgug=,lvGmRXmcQtPgnRMroTHKFW5z6sU=
-31,-55,1eQw1Dvs07Vf5bxxWsNLCY6bgug=,lvGmRXmcQtPgnRMroTHKFW5z6sU=
-32,-64,1eQw1Dvs07Vf5bxxWsNLCY6bgug=,cV5fRnY7cZ2pAZWAVho1bnaSDi0=
-30,-57,1eQw1Dvs07Vf5bxxWsNLCY6bgug=,cV5fRnY7cZ2pAZWAVho1bnaSDi0=
-32,-55,1eQw1Dvs07Vf5bxxWsNLCY6bgug=,lvGmRXmcQtPgnRMroTHKFW5z6sU=
