226,11,8KvbsM6/4t1vX4WIoBvzIBDKqL8=,YeGyBBisxaB+CTMhKvtQDXGPGfM=
224,15,8KvbsM6/4t1vX4WIoBvzIBDKqL8=,YeGyBBisxaB+CTMhKvtQDXGPGfM=
225,11,8KvbsM6/4t1vX4WIoBvzIBDKqL8=,YeGyBBisxaB+CTMhKvtQDXGPGfM=
225,10,8KvbsM6/4t1vX4WIoBvzIBDKqL8=,YeGyBBisxaB+CTMhKvtQDXGPGfM=
224,10,8KvbsM6/4t1vX4WIoBvzIBDKqL8=,YeGyBBisxaB+CTMhKvtQDXGPGfM=
225,14,8KvbsM6/4t1vX4WIoBvzIBDKqL8=,YeGyBBisxaB+CTMhKvtQDXGPGfM=
224,9,8KvbsM6/4t1vX4WIoBvzIBDKqL8=,YeGyBBisxaB+CTMhKvtQDXGPGfM=
224,13,8KvbsM6/4t1vX4WIoBvzIBDKqL8=,YeGyBBisxaB+CTMhKvtQDXGPGfM=
224,14,8KvbsM6/4t1vX4WIoBvzIBDKqL8=,YeGyBBisxaB+CTMhKvtQDXGPGfM=
225,9,8KvbsM6/4t1vX4WIoBvzIBDKqL8=,YeGyBBisxaB+CTMhKvtQDXGPGfM=
226,9,8KvbsM6/4t1vX4WIoBvzIBDKqL8=,YeGyBBisxaB+CTMhKvtQDXGPGfM=
225,13,8KvbsM6/4t1vX4WIoBvzIBDKqL8=,YeGyBBisxaB+CTMhKvtQDXGPGfM=
224,11,8KvbsM6/4t1vX4WIoBvzIBDKqL8=,YeGyBBisxaB+CTMhKvtQDXGPGfM=
225,8,8KvbsM6/4t1vX4WIoBvzIBDKqL8=,YeGyBBisxaB+CTMhKvtQDXGPGfM=
225,12,8KvbsM6/4t1vX4WIoBvzIBDKqL8=,YeGyBBisxaB+CTMhKvtQDXGPGfM=
226,13,8KvbsM6/4t1vX4WIoBvzIBDKqL8=,YeGyBBisxaB+CTMhKvtQDXGPGfM=
226,12,8KvbsM6/4t1vX4WIoBvzIBDKqL8=,YeGyBBisxaB+CTMhKvtQDXGPGfM=
225,15,8KvbsM6/4t1vX4WIoBvzIBDKqL8=,YeGyBBisxaB+CTMhKvtQDXGPGfM=
224,8,8KvbsM6/4t1vX4WIoBvzIBDKqL8=,YeGyBBisxaB+CTMhKvtQDXGPGfM=
224,12,8KvbsM6/4t1vX4WIoBvzIBDKqL8=,YeGyBBisxaB+CTMhKvtQDXGPGfM=
226,10,8KvbsM6/4t1vX4WIoBvzIBDKqL8=,YeGyBBisxaB+CTMhKvtQDXGPGfM=
226,8,8KvbsM6/4t1vX4WIoBvzIBDKqL8=,YeGyBBisxaB+CTMhKvtQDXGPGfM=
226,14,8KvbsM6/4t1vX4WIoBvzIBDKqL8=,YeGyBBisxaB+CTMhKvtQDXGPGfM=
226,15,8KvbsM6/4t1vX4WIoBvzIBDKqL8=,YeGyBBisxaB+CTMhKvtQDXGPGfM=
226,29,8KvbsM6/4t1vX4WIoBvzIBDKqL8=,VtEXEtc/Ykf/4u6X+b5Ys8xpUZk=
225,29,8KvbsM6/4t1vX4WIoBvzIBDKqL8=,VtEXEtc/Ykf/4u6X+b5Ys8xpUZk=
224,27,8KvbsM6/4t1vX4WIoBvzIBDKqL8=,VtEXEtc/Ykf/4u6X+b5Ys8xpUZk=
225,27,8KvbsM6/4t1vX4WIoBvzIBDKqL8=,VtEXEtc/Ykf/4u6X+b5Ys8xpUZk=
225,28,8KvbsM6/4t1vX4WIoBvzIBDKqL8=,VtEXEtc/Ykf/4u6X+b5Ys8xpUZk=
224,30,8KvbsM6/4t1vX4WIoBvzIBDKqL8=,VtEXEtc/Ykf/4u6X+b5Ys8xpUZk=
226,27,8KvbsM6/4t1vX4WIoBvzIBDKqL8=,VtEXEtc/Ykf/4u6X+b5Ys8xpUZk=
226,31,8KvbsM6/4t1vX4WIoBvzIBDKqL8=,VtEXEtc/Ykf/4u6X+b5Ys8xpUZk=
225,31,8KvbsM6/4t1vX4WIoBvzIBDKqL8=,VtEXEtc/Ykf/4u6X+b5Ys8xpUZk=
226,28,8KvbsM6/4t1vX4WIoBvzIBDKqL8=,VtEXEtc/Ykf/4u6X+b5Ys8xpUZk=
224,28,8KvbsM6/4t1vX4WIoBvzIBDKqL8=,VtEXEtc/Ykf/4u6X+b5Ys8xpUZk=
226,30,8KvbsM6/4t1vX4WIoBvzIBDKqL8=,VtEXEtc/Ykf/4u6X+b5Ys8xpUZk=
225,30,8KvbsM6/4t1vX4WIoBvzIBDKqL8=,VtEXEtc/Ykf/4u6X+b5Ys8xpUZk=
224,29,8KvbsM6/4t1vX4WIoBvzIBDKqL8=,VtEXEtc/Ykf/4u6X+b5Ys8xpUZk=
226,18,8KvbsM6/4t1vX4WIoBvzIBDKqL8=,zDh6C4z4+7uZMC/K/5+lNdpSXsM=
224,21,8KvbsM6/4t1vX4WIoBvzIBDKqL8=,zDh6C4z4+7uZMC/K/5+lNdpSXsM=
226,21,8KvbsM6/4t1vX4WIoBvzIBDKqL8=,zDh6C4z4+7uZMC/K/5+lNdpSXsM=
224,31,8KvbsM6/4t1vX4WIoBvzIBDKqL8=,VtEXEtc/Ykf/4u6X+b5Ys8xpUZk=
226,25,8KvbsM6/4t1vX4WIoBvzIBDKqL8=,VtEXEtc/Ykf/4u6X+b5Ys8xpUZk=
224,19,8KvbsM6/4t1vX4WIoBvzIBDKqL8=,zDh6C4z4+7uZMC/K/5+lNdpSXsM=
224,17,8KvbsM6/4t1vX4WIoBvzIBDKqL8=,zDh6C4z4+7uZMC/K/5+lNdpSXsM=
225,25,8KvbsM6/4t1vX4WIoBvzIBDKqL8=,VtEXEtc/Ykf/4u6X+b5Ys8xpUZk=
226,20,8KvbsM6/4t1vX4WIoBvzIBDKqL8=,zDh6C4z4+7uZMC/K/5+lNdpSXsM=
224,25,8KvbsM6/4t1vX4WIoBvzIBDKqL8=,VtEXEtc/Ykf/4u6X+b5Ys8xpUZk=
226,19,8KvbsM6/4t1vX4WIoBvzIBDKqL8=,zDh6C4z4+7uZMC/K/5+lNdpSXsM=
226,24,8KvbsM6/4t1vX4WIoBvzIBDKqL8=,VtEXEtc/Ykf/4u6X+b5Ys8xpUZk=
226,22,8KvbsM6/4t1vX4WIoBvzIBDKqL8=,zDh6C4z4+7uZMC/K/5+lNdpSXsM=
225,19,8KvbsM6/4t1vX4WIoBvzIBDKqL8=,zDh6C4z4+7uZMC/K/5+lNdpSXsM=
224,24,8KvbsM6/4t1vX4WIoBvzIBDKqL8=,VtEXEtc/Ykf/4u6X+b5Ys8xpUZk=
225,24,8KvbsM6/4t1vX4WIoBvzIBDKqL8=,VtEXEtc/Ykf/4u6X+b5Ys8xpUZk=
226,16,8KvbsM6/4t1vX4WIoBvzIBDKqL8=,zDh6C4z4+7uZMC/K/5+lNdpSXsM=
226,23,8KvbsM6/4t1vX4WIoBvzIBDKqL8=,zDh6C4z4+7uZMC/K/5+lNdpSXsM=
225,16,8KvbsM6/4t1vX4WIoBvzIBDKqL8=,zDh6C4z4+7uZMC/K/5+lNdpSXsM=
225,21,8KvbsM6/4t1vX4WIoBvzIBDKqL8=,zDh6C4z4+7uZMC/K/5+lNdpSXsM=
224,16,8KvbsM6/4t1vX4WIoBvzIBDKqL8=,zDh6C4z4+7uZMC/K/5+lNdpSXsM=
225,22,8KvbsM6/4t1vX4WIoBvzIBDKqL8=,zDh6C4z4+7uZMC/K/5+lNdpSXsM=
224,23,8KvbsM6/4t1vX4WIoBvzIBDKqL8=,zDh6C4z4+7uZMC/K/5+lNdpSXsM=
225,23,8KvbsM6/4t1vX4WIoBvzIBDKqL8=,zDh6C4z4+7uZMC/K/5+lNdpSXsM=
224,22,8KvbsM6/4t1vX4WIoBvzIBDKqL8=,zDh6C4z4+7uZMC/K/5+lNdpSXsM=
226,17,8KvbsM6/4t1vX4WIoBvzIBDKqL8=,zDh6C4z4+7uZMC/K/5+lNdpSXsM=
226,26,8KvbsM6/4t1vX4WIoBvzIBDKqL8=,VtEXEtc/Ykf/4u6X+b5Ys8xpUZk=
225,26,8KvbsM6/4t1vX4WIoBvzIBDKqL8=,VtEXEtc/Ykf/4u6X+b5Ys8xpUZk=
225,17,8KvbsM6/4t1vX4WIoBvzIBDKqL8=,zDh6C4z4+7uZMC/K/5+lNdpSXsM=
225,20,8KvbsM6/4t1vX4WIoBvzIBDKqL8=,zDh6C4z4+7uZMC/K/5+lNdpSXsM=
224,18,8KvbsM6/4t1vX4WIoBvzIBDKqL8=,zDh6C4z4+7uZMC/K/5+lNdpSXsM=
224,20,8KvbsM6/4t1vX4WIoBvzIBDKqL8=,zDh6C4z4+7uZMC/K/5+lNdpSXsM=
224,26,8KvbsM6/4t1vX4WIoBvzIBDKqL8=,VtEXEtc/Ykf/4u6X+b5Ys8xpUZk=
225,18,8KvbsM6/4t1vX4WIoBvzIBDKqL8=,zDh6C4z4+7uZMC/K/5+lNdpSXsM=
