76,76,H706H+M2y2SIcXj85EVLlxp9toE=,2M0kUw6Tl6yvtl6tbzm9jTQB0Rg=
79,79,H706H+M2y2SIcXj85EVLlxp9toE=,WvCiRkrzxJuE33r44b4uzB/zuaw=
77,79,H706H+M2y2SIcXj85EVLlxp9toE=,qeuE7Bk8D6cy24FJS87Z84Cccbc=
78,79,H706H+M2y2SIcXj85EVLlxp9toE=,WvCiRkrzxJuE33r44b4uzB/zuaw=
76,77,H706H+M2y2SIcXj85EVLlxp9toE=,2M0kUw6Tl6yvtl6tbzm9jTQB0Rg=
76,78,H706H+M2y2SIcXj85EVLlxp9toE=,qeuE7Bk8D6cy24FJS87Z84Cccbc=
76,79,H706H+M2y2SIcXj85EVLlxp9toE=,qeuE7Bk8D6cy24FJS87Z84Cccbc=
77,76,H706H+M2y2SIcXj85EVLlxp9toE=,2M0kUw6Tl6yvtl6tbzm9jTQB0Rg=
79,77,H706H+M2y2SIcXj85EVLlxp9toE=,QO9W/AMTpttekNaXaz3XGxzoMJE=
79,78,H706H+M2y2SIcXj85EVLlxp9toE=,WvCiRkrzxJuE33r44b4uzB/zuaw=
78,76,H706H+M2y2SIcXj85EVLlxp9toE=,QO9W/AMTpttekNaXaz3XGxzoMJE=
79,76,H706H+M2y2SIcXj85EVLlxp9toE=,QO9W/AMTpttekNaXaz3XGxzoMJE=
77,77,H706H+M2y2SIcXj85EVLlxp9toE=,2M0kUw6Tl6yvtl6tbzm9jTQB0Rg=
77,78,H706H+M2y2SIcXj85EVLlxp9toE=,qeuE7Bk8D6cy24FJS87Z84Cccbc=
78,77,H706H+M2y2SIcXj85EVLlxp9toE=,QO9W/AMTpttekNaXaz3XGxzoMJE=
78,78,H706H+M2y2SIcXj85EVLlxp9toE=,WvCiRkrzxJuE33r44b4uzB/zuaw=
