1,5,Hc99QDbnB43w6Lc73vh0E6RiEDM=,eUDdxhtZbqiE7yYUANyVn915r0U=
3,2,Hc99QDbnB43w6Lc73vh0E6RiEDM=,eUDdxhtZbqiE7yYUANyVn915r0U=
1,4,Hc99QDbnB43w6Lc73vh0E6RiEDM=,eUDdxhtZbqiE7yYUANyVn915r0U=
4,6,Hc99QDbnB43w6Lc73vh0E6RiEDM=,eUDdxhtZbqiE7yYUANyVn915r0U=
1,6,Hc99QDbnB43w6Lc73vh0E6RiEDM=,eUDdxhtZbqiE7yYUANyVn915r0U=
2,2,Hc99QDbnB43w6Lc73vh0E6RiEDM=,eUDdxhtZbqiE7yYUANyVn915r0U=
4,1,Hc99QDbnB43w6Lc73vh0E6RiEDM=,eUDdxhtZbqiE7yYUANyVn915r0U=
1,2,Hc99QDbnB43w6Lc73vh0E6RiEDM=,eUDdxhtZbqiE7yYUANyVn915r0U=
1,1,Hc99QDbnB43w6Lc73vh0E6RiEDM=,eUDdxhtZbqiE7yYUANyVn915r0U=
12,10,Hc99QDbnB43w6Lc73vh0E6RiEDM=,T3cWCqihr7toE3gWXNmlUi2uUFA=
3,1,Hc99QDbnB43w6Lc73vh0E6RiEDM=,eUDdxhtZbqiE7yYUANyVn915r0U=
6,3,Hc99QDbnB43w6Lc73vh0E6RiEDM=,eUDdxhtZbqiE7yYUANyVn915r0U=
5,5,Hc99QDbnB43w6Lc73vh0E6RiEDM=,eUDdxhtZbqiE7yYUANyVn915r0U=
4,5,Hc99QDbnB43w6Lc73vh0E6RiEDM=,eUDdxhtZbqiE7yYUANyVn915r0U=
3,3,eY5i54WXdd+uWC3k9TJcCGHt7wI=,eUDdxhtZbqiE7yYUANyVn915r0U=
12,13,eY5i54WXdd+uWC3k9TJcCGHt7wI=,T3cWCqihr7toE3gWXNmlUi2uUFA=
6,1,eY5i54WXdd+uWC3k9TJcCGHt7wI=,eUDdxhtZbqiE7yYUANyVn915r0U=
5,3,eY5i54WXdd+uWC3k9TJcCGHt7wI=,eUDdxhtZbqiE7yYUANyVn915r0U=
2,1,eY5i54WXdd+uWC3k9TJcCGHt7wI=,eUDdxhtZbqiE7yYUANyVn915r0U=
2,3,eY5i54WXdd+uWC3k9TJcCGHt7wI=,eUDdxhtZbqiE7yYUANyVn915r0U=
6,4,eY5i54WXdd+uWC3k9TJcCGHt7wI=,eUDdxhtZbqiE7yYUANyVn915r0U=
6,5,eY5i54WXdd+uWC3k9TJcCGHt7wI=,eUDdxhtZbqiE7yYUANyVn915r0U=
5,4,eY5i54WXdd+uWC3k9TJcCGHt7wI=,eUDdxhtZbqiE7yYUANyVn915r0U=
4,3,eY5i54WXdd+uWC3k9TJcCGHt7wI=,eUDdxhtZbqiE7yYUANyVn915r0U=
1,9,eY5i54WXdd+uWC3k9TJcCGHt7wI=,AjG5YTcCVLmhceDqJ3QLt7p7jeQ=
4,4,eY5i54WXdd+uWC3k9TJcCGHt7wI=,eUDdxhtZbqiE7yYUANyVn915r0U=
6,2,eY5i54WXdd+uWC3k9TJcCGHt7wI=,eUDdxhtZbqiE7yYUANyVn915r0U=
11,3,eY5i54WXdd+uWC3k9TJcCGHt7wI=,0rfUdA44WDU3+GpznAXQftcfYcQ=
12,9,eY5i54WXdd+uWC3k9TJcCGHt7wI=,T3cWCqihr7toE3gWXNmlUi2uUFA=
11,2,eY5i54WXdd+uWC3k9TJcCGHt7wI=,0rfUdA44WDU3+GpznAXQftcfYcQ=
11,1,eY5i54WXdd+uWC3k9TJcCGHt7wI=,0rfUdA44WDU3+GpznAXQftcfYcQ=
4,12,eY5i54WXdd+uWC3k9TJcCGHt7wI=,AjG5YTcCVLmhceDqJ3QLt7p7jeQ=
10,3,eY5i54WXdd+uWC3k9TJcCGHt7wI=,0rfUdA44WDU3+GpznAXQftcfYcQ=
10,2,eY5i54WXdd+uWC3k9TJcCGHt7wI=,0rfUdA44WDU3+GpznAXQftcfYcQ=
1,3,eY5i54WXdd+uWC3k9TJcCGHt7wI=,eUDdxhtZbqiE7yYUANyVn915r0U=
9,3,eY5i54WXdd+uWC3k9TJcCGHt7wI=,0rfUdA44WDU3+GpznAXQftcfYcQ=
12,12,eY5i54WXdd+uWC3k9TJcCGHt7wI=,T3cWCqihr7toE3gWXNmlUi2uUFA=
11,6,eY5i54WXdd+uWC3k9TJcCGHt7wI=,0rfUdA44WDU3+GpznAXQftcfYcQ=
11,7,eY5i54WXdd+uWC3k9TJcCGHt7wI=,0rfUdA44WDU3+GpznAXQftcfYcQ=
3,12,eY5i54WXdd+uWC3k9TJcCGHt7wI=,AjG5YTcCVLmhceDqJ3QLt7p7jeQ=
13,9,eY5i54WXdd+uWC3k9TJcCGHt7wI=,T3cWCqihr7toE3gWXNmlUi2uUFA=
6,6,eY5i54WXdd+uWC3k9TJcCGHt7wI=,eUDdxhtZbqiE7yYUANyVn915r0U=
3,5,eY5i54WXdd+uWC3k9TJcCGHt7wI=,eUDdxhtZbqiE7yYUANyVn915r0U=
9,2,eY5i54WXdd+uWC3k9TJcCGHt7wI=,0rfUdA44WDU3+GpznAXQftcfYcQ=
14,2,eY5i54WXdd+uWC3k9TJcCGHt7wI=,0rfUdA44WDU3+GpznAXQftcfYcQ=
6,10,eY5i54WXdd+uWC3k9TJcCGHt7wI=,AjG5YTcCVLmhceDqJ3QLt7p7jeQ=
13,10,eY5i54WXdd+uWC3k9TJcCGHt7wI=,T3cWCqihr7toE3gWXNmlUi2uUFA=
8,3,eY5i54WXdd+uWC3k9TJcCGHt7wI=,0rfUdA44WDU3+GpznAXQftcfYcQ=
5,6,eY5i54WXdd+uWC3k9TJcCGHt7wI=,eUDdxhtZbqiE7yYUANyVn915r0U=
13,2,eY5i54WXdd+uWC3k9TJcCGHt7wI=,0rfUdA44WDU3+GpznAXQftcfYcQ=
10,6,eY5i54WXdd+uWC3k9TJcCGHt7wI=,0rfUdA44WDU3+GpznAXQftcfYcQ=
8,2,eY5i54WXdd+uWC3k9TJcCGHt7wI=,0rfUdA44WDU3+GpznAXQftcfYcQ=
5,2,eY5i54WXdd+uWC3k9TJcCGHt7wI=,eUDdxhtZbqiE7yYUANyVn915r0U=
2,5,eY5i54WXdd+uWC3k9TJcCGHt7wI=,eUDdxhtZbqiE7yYUANyVn915r0U=
7,2,eY5i54WXdd+uWC3k9TJcCGHt7wI=,eUDdxhtZbqiE7yYUANyVn915r0U=
11,5,eY5i54WXdd+uWC3k9TJcCGHt7wI=,0rfUdA44WDU3+GpznAXQftcfYcQ=
3,6,eY5i54WXdd+uWC3k9TJcCGHt7wI=,eUDdxhtZbqiE7yYUANyVn915r0U=
9,6,eY5i54WXdd+uWC3k9TJcCGHt7wI=,0rfUdA44WDU3+GpznAXQftcfYcQ=
8,6,eY5i54WXdd+uWC3k9TJcCGHt7wI=,0rfUdA44WDU3+GpznAXQftcfYcQ=
5,1,eY5i54WXdd+uWC3k9TJcCGHt7wI=,eUDdxhtZbqiE7yYUANyVn915r0U=
10,7,eY5i54WXdd+uWC3k9TJcCGHt7wI=,0rfUdA44WDU3+GpznAXQftcfYcQ=
8,8,eY5i54WXdd+uWC3k9TJcCGHt7wI=,T3cWCqihr7toE3gWXNmlUi2uUFA=
3,13,eY5i54WXdd+uWC3k9TJcCGHt7wI=,AjG5YTcCVLmhceDqJ3QLt7p7jeQ=
9,7,eY5i54WXdd+uWC3k9TJcCGHt7wI=,0rfUdA44WDU3+GpznAXQftcfYcQ=
14,7,eY5i54WXdd+uWC3k9TJcCGHt7wI=,0rfUdA44WDU3+GpznAXQftcfYcQ=
10,5,eY5i54WXdd+uWC3k9TJcCGHt7wI=,0rfUdA44WDU3+GpznAXQftcfYcQ=
13,7,eY5i54WXdd+uWC3k9TJcCGHt7wI=,0rfUdA44WDU3+GpznAXQftcfYcQ=
9,5,eY5i54WXdd+uWC3k9TJcCGHt7wI=,0rfUdA44WDU3+GpznAXQftcfYcQ=
7,4,eY5i54WXdd+uWC3k9TJcCGHt7wI=,eUDdxhtZbqiE7yYUANyVn915r0U=
5,11,eY5i54WXdd+uWC3k9TJcCGHt7wI=,AjG5YTcCVLmhceDqJ3QLt7p7jeQ=
9,8,eY5i54WXdd+uWC3k9TJcCGHt7wI=,T3cWCqihr7toE3gWXNmlUi2uUFA=
14,4,eY5i54WXdd+uWC3k9TJcCGHt7wI=,0rfUdA44WDU3+GpznAXQftcfYcQ=
2,13,eY5i54WXdd+uWC3k9TJcCGHt7wI=,AjG5YTcCVLmhceDqJ3QLt7p7jeQ=
13,4,eY5i54WXdd+uWC3k9TJcCGHt7wI=,0rfUdA44WDU3+GpznAXQftcfYcQ=
14,10,eY5i54WXdd+uWC3k9TJcCGHt7wI=,T3cWCqihr7toE3gWXNmlUi2uUFA=
12,4,eY5i54WXdd+uWC3k9TJcCGHt7wI=,0rfUdA44WDU3+GpznAXQftcfYcQ=
1,8,eY5i54WXdd+uWC3k9TJcCGHt7wI=,AjG5YTcCVLmhceDqJ3QLt7p7jeQ=
14,5,eY5i54WXdd+uWC3k9TJcCGHt7wI=,0rfUdA44WDU3+GpznAXQftcfYcQ=
12,7,eY5i54WXdd+uWC3k9TJcCGHt7wI=,0rfUdA44WDU3+GpznAXQftcfYcQ=
4,2,eY5i54WXdd+uWC3k9TJcCGHt7wI=,eUDdxhtZbqiE7yYUANyVn915r0U=
11,4,eY5i54WXdd+uWC3k9TJcCGHt7wI=,0rfUdA44WDU3+GpznAXQftcfYcQ=
2,9,eY5i54WXdd+uWC3k9TJcCGHt7wI=,AjG5YTcCVLmhceDqJ3QLt7p7jeQ=
10,8,eY5i54WXdd+uWC3k9TJcCGHt7wI=,T3cWCqihr7toE3gWXNmlUi2uUFA=
14,6,eY5i54WXdd+uWC3k9TJcCGHt7wI=,0rfUdA44WDU3+GpznAXQftcfYcQ=
5,12,eY5i54WXdd+uWC3k9TJcCGHt7wI=,AjG5YTcCVLmhceDqJ3QLt7p7jeQ=
12,2,eY5i54WXdd+uWC3k9TJcCGHt7wI=,0rfUdA44WDU3+GpznAXQftcfYcQ=
8,7,eY5i54WXdd+uWC3k9TJcCGHt7wI=,0rfUdA44WDU3+GpznAXQftcfYcQ=
11,8,eY5i54WXdd+uWC3k9TJcCGHt7wI=,T3cWCqihr7toE3gWXNmlUi2uUFA=
7,1,eY5i54WXdd+uWC3k9TJcCGHt7wI=,eUDdxhtZbqiE7yYUANyVn915r0U=
10,4,eY5i54WXdd+uWC3k9TJcCGHt7wI=,0rfUdA44WDU3+GpznAXQftcfYcQ=
13,6,eY5i54WXdd+uWC3k9TJcCGHt7wI=,0rfUdA44WDU3+GpznAXQftcfYcQ=
13,13,eY5i54WXdd+uWC3k9TJcCGHt7wI=,T3cWCqihr7toE3gWXNmlUi2uUFA=
2,8,eY5i54WXdd+uWC3k9TJcCGHt7wI=,AjG5YTcCVLmhceDqJ3QLt7p7jeQ=
12,6,eY5i54WXdd+uWC3k9TJcCGHt7wI=,0rfUdA44WDU3+GpznAXQftcfYcQ=
8,5,eY5i54WXdd+uWC3k9TJcCGHt7wI=,0rfUdA44WDU3+GpznAXQftcfYcQ=
3,7,eY5i54WXdd+uWC3k9TJcCGHt7wI=,eUDdxhtZbqiE7yYUANyVn915r0U=
9,4,eY5i54WXdd+uWC3k9TJcCGHt7wI=,0rfUdA44WDU3+GpznAXQftcfYcQ=
13,5,eY5i54WXdd+uWC3k9TJcCGHt7wI=,0rfUdA44WDU3+GpznAXQftcfYcQ=
4,13,eY5i54WXdd+uWC3k9TJcCGHt7wI=,AjG5YTcCVLmhceDqJ3QLt7p7jeQ=
14,13,eY5i54WXdd+uWC3k9TJcCGHt7wI=,T3cWCqihr7toE3gWXNmlUi2uUFA=
7,3,eY5i54WXdd+uWC3k9TJcCGHt7wI=,eUDdxhtZbqiE7yYUANyVn915r0U=
14,1,eY5i54WXdd+uWC3k9TJcCGHt7wI=,0rfUdA44WDU3+GpznAXQftcfYcQ=
2,7,eY5i54WXdd+uWC3k9TJcCGHt7wI=,eUDdxhtZbqiE7yYUANyVn915r0U=
14,3,eY5i54WXdd+uWC3k9TJcCGHt7wI=,0rfUdA44WDU3+GpznAXQftcfYcQ=
7,5,eY5i54WXdd+uWC3k9TJcCGHt7wI=,eUDdxhtZbqiE7yYUANyVn915r0U=
9,11,eY5i54WXdd+uWC3k9TJcCGHt7wI=,T3cWCqihr7toE3gWXNmlUi2uUFA=
1,10,eY5i54WXdd+uWC3k9TJcCGHt7wI=,AjG5YTcCVLmhceDqJ3QLt7p7jeQ=
14,8,eY5i54WXdd+uWC3k9TJcCGHt7wI=,T3cWCqihr7toE3gWXNmlUi2uUFA=
12,3,eY5i54WXdd+uWC3k9TJcCGHt7wI=,0rfUdA44WDU3+GpznAXQftcfYcQ=
13,3,eY5i54WXdd+uWC3k9TJcCGHt7wI=,0rfUdA44WDU3+GpznAXQftcfYcQ=
1,13,eY5i54WXdd+uWC3k9TJcCGHt7wI=,AjG5YTcCVLmhceDqJ3QLt7p7jeQ=
12,5,eY5i54WXdd+uWC3k9TJcCGHt7wI=,0rfUdA44WDU3+GpznAXQftcfYcQ=
11,13,eY5i54WXdd+uWC3k9TJcCGHt7wI=,T3cWCqihr7toE3gWXNmlUi2uUFA=
5,9,eY5i54WXdd+uWC3k9TJcCGHt7wI=,AjG5YTcCVLmhceDqJ3QLt7p7jeQ=
12,1,eY5i54WXdd+uWC3k9TJcCGHt7wI=,0rfUdA44WDU3+GpznAXQftcfYcQ=
3,4,eY5i54WXdd+uWC3k9TJcCGHt7wI=,eUDdxhtZbqiE7yYUANyVn915r0U=
2,11,eY5i54WXdd+uWC3k9TJcCGHt7wI=,AjG5YTcCVLmhceDqJ3QLt7p7jeQ=
2,6,eY5i54WXdd+uWC3k9TJcCGHt7wI=,eUDdxhtZbqiE7yYUANyVn915r0U=
7,6,eY5i54WXdd+uWC3k9TJcCGHt7wI=,eUDdxhtZbqiE7yYUANyVn915r0U=
3,11,eY5i54WXdd+uWC3k9TJcCGHt7wI=,AjG5YTcCVLmhceDqJ3QLt7p7jeQ=
12,8,eY5i54WXdd+uWC3k9TJcCGHt7wI=,T3cWCqihr7toE3gWXNmlUi2uUFA=
2,4,eY5i54WXdd+uWC3k9TJcCGHt7wI=,eUDdxhtZbqiE7yYUANyVn915r0U=
10,11,eY5i54WXdd+uWC3k9TJcCGHt7wI=,T3cWCqihr7toE3gWXNmlUi2uUFA=
5,10,eY5i54WXdd+uWC3k9TJcCGHt7wI=,AjG5YTcCVLmhceDqJ3QLt7p7jeQ=
13,8,eY5i54WXdd+uWC3k9TJcCGHt7wI=,T3cWCqihr7toE3gWXNmlUi2uUFA=
9,1,eY5i54WXdd+uWC3k9TJcCGHt7wI=,0rfUdA44WDU3+GpznAXQftcfYcQ=
13,12,eY5i54WXdd+uWC3k9TJcCGHt7wI=,T3cWCqihr7toE3gWXNmlUi2uUFA=
11,9,eY5i54WXdd+uWC3k9TJcCGHt7wI=,T3cWCqihr7toE3gWXNmlUi2uUFA=
8,1,eY5i54WXdd+uWC3k9TJcCGHt7wI=,0rfUdA44WDU3+GpznAXQftcfYcQ=
4,10,eY5i54WXdd+uWC3k9TJcCGHt7wI=,AjG5YTcCVLmhceDqJ3QLt7p7jeQ=
10,13,eY5i54WXdd+uWC3k9TJcCGHt7wI=,T3cWCqihr7toE3gWXNmlUi2uUFA=
8,4,eY5i54WXdd+uWC3k9TJcCGHt7wI=,0rfUdA44WDU3+GpznAXQftcfYcQ=
10,9,eY5i54WXdd+uWC3k9TJcCGHt7wI=,T3cWCqihr7toE3gWXNmlUi2uUFA=
11,12,eY5i54WXdd+uWC3k9TJcCGHt7wI=,T3cWCqihr7toE3gWXNmlUi2uUFA=
11,11,eY5i54WXdd+uWC3k9TJcCGHt7wI=,T3cWCqihr7toE3gWXNmlUi2uUFA=
10,12,eY5i54WXdd+uWC3k9TJcCGHt7wI=,T3cWCqihr7toE3gWXNmlUi2uUFA=
9,9,eY5i54WXdd+uWC3k9TJcCGHt7wI=,T3cWCqihr7toE3gWXNmlUi2uUFA=
9,13,eY5i54WXdd+uWC3k9TJcCGHt7wI=,T3cWCqihr7toE3gWXNmlUi2uUFA=
11,10,eY5i54WXdd+uWC3k9TJcCGHt7wI=,T3cWCqihr7toE3gWXNmlUi2uUFA=
7,8,eY5i54WXdd+uWC3k9TJcCGHt7wI=,AjG5YTcCVLmhceDqJ3QLt7p7jeQ=
12,11,eY5i54WXdd+uWC3k9TJcCGHt7wI=,T3cWCqihr7toE3gWXNmlUi2uUFA=
1,7,eY5i54WXdd+uWC3k9TJcCGHt7wI=,eUDdxhtZbqiE7yYUANyVn915r0U=
14,14,eY5i54WXdd+uWC3k9TJcCGHt7wI=,T3cWCqihr7toE3gWXNmlUi2uUFA=
1,12,eY5i54WXdd+uWC3k9TJcCGHt7wI=,AjG5YTcCVLmhceDqJ3QLt7p7jeQ=
10,10,eY5i54WXdd+uWC3k9TJcCGHt7wI=,T3cWCqihr7toE3gWXNmlUi2uUFA=
13,14,eY5i54WXdd+uWC3k9TJcCGHt7wI=,T3cWCqihr7toE3gWXNmlUi2uUFA=
12,14,eY5i54WXdd+uWC3k9TJcCGHt7wI=,T3cWCqihr7toE3gWXNmlUi2uUFA=
11,14,eY5i54WXdd+uWC3k9TJcCGHt7wI=,T3cWCqihr7toE3gWXNmlUi2uUFA=
9,12,eY5i54WXdd+uWC3k9TJcCGHt7wI=,T3cWCqihr7toE3gWXNmlUi2uUFA=
7,7,eY5i54WXdd+uWC3k9TJcCGHt7wI=,eUDdxhtZbqiE7yYUANyVn915r0U=
9,10,eY5i54WXdd+uWC3k9TJcCGHt7wI=,T3cWCqihr7toE3gWXNmlUi2uUFA=
10,14,eY5i54WXdd+uWC3k9TJcCGHt7wI=,T3cWCqihr7toE3gWXNmlUi2uUFA=
13,1,eY5i54WXdd+uWC3k9TJcCGHt7wI=,0rfUdA44WDU3+GpznAXQftcfYcQ=
3,10,eY5i54WXdd+uWC3k9TJcCGHt7wI=,AjG5YTcCVLmhceDqJ3QLt7p7jeQ=
4,7,eY5i54WXdd+uWC3k9TJcCGHt7wI=,eUDdxhtZbqiE7yYUANyVn915r0U=
9,14,eY5i54WXdd+uWC3k9TJcCGHt7wI=,T3cWCqihr7toE3gWXNmlUi2uUFA=
14,12,eY5i54WXdd+uWC3k9TJcCGHt7wI=,T3cWCqihr7toE3gWXNmlUi2uUFA=
7,14,eY5i54WXdd+uWC3k9TJcCGHt7wI=,AjG5YTcCVLmhceDqJ3QLt7p7jeQ=
13,11,eY5i54WXdd+uWC3k9TJcCGHt7wI=,T3cWCqihr7toE3gWXNmlUi2uUFA=
8,10,eY5i54WXdd+uWC3k9TJcCGHt7wI=,T3cWCqihr7toE3gWXNmlUi2uUFA=
4,9,eY5i54WXdd+uWC3k9TJcCGHt7wI=,AjG5YTcCVLmhceDqJ3QLt7p7jeQ=
1,11,eY5i54WXdd+uWC3k9TJcCGHt7wI=,AjG5YTcCVLmhceDqJ3QLt7p7jeQ=
5,13,eY5i54WXdd+uWC3k9TJcCGHt7wI=,AjG5YTcCVLmhceDqJ3QLt7p7jeQ=
2,10,eY5i54WXdd+uWC3k9TJcCGHt7wI=,AjG5YTcCVLmhceDqJ3QLt7p7jeQ=
8,13,eY5i54WXdd+uWC3k9TJcCGHt7wI=,T3cWCqihr7toE3gWXNmlUi2uUFA=
8,12,eY5i54WXdd+uWC3k9TJcCGHt7wI=,T3cWCqihr7toE3gWXNmlUi2uUFA=
6,14,eY5i54WXdd+uWC3k9TJcCGHt7wI=,AjG5YTcCVLmhceDqJ3QLt7p7jeQ=
5,7,eY5i54WXdd+uWC3k9TJcCGHt7wI=,eUDdxhtZbqiE7yYUANyVn915r0U=
7,12,eY5i54WXdd+uWC3k9TJcCGHt7wI=,AjG5YTcCVLmhceDqJ3QLt7p7jeQ=
7,9,eY5i54WXdd+uWC3k9TJcCGHt7wI=,AjG5YTcCVLmhceDqJ3QLt7p7jeQ=
5,14,eY5i54WXdd+uWC3k9TJcCGHt7wI=,AjG5YTcCVLmhceDqJ3QLt7p7jeQ=
4,14,eY5i54WXdd+uWC3k9TJcCGHt7wI=,AjG5YTcCVLmhceDqJ3QLt7p7jeQ=
8,14,eY5i54WXdd+uWC3k9TJcCGHt7wI=,T3cWCqihr7toE3gWXNmlUi2uUFA=
14,9,eY5i54WXdd+uWC3k9TJcCGHt7wI=,T3cWCqihr7toE3gWXNmlUi2uUFA=
3,14,eY5i54WXdd+uWC3k9TJcCGHt7wI=,AjG5YTcCVLmhceDqJ3QLt7p7jeQ=
6,13,eY5i54WXdd+uWC3k9TJcCGHt7wI=,AjG5YTcCVLmhceDqJ3QLt7p7jeQ=
8,11,eY5i54WXdd+uWC3k9TJcCGHt7wI=,T3cWCqihr7toE3gWXNmlUi2uUFA=
2,12,eY5i54WXdd+uWC3k9TJcCGHt7wI=,AjG5YTcCVLmhceDqJ3QLt7p7jeQ=
7,13,eY5i54WXdd+uWC3k9TJcCGHt7wI=,AjG5YTcCVLmhceDqJ3QLt7p7jeQ=
7,11,eY5i54WXdd+uWC3k9TJcCGHt7wI=,AjG5YTcCVLmhceDqJ3QLt7p7jeQ=
1,14,eY5i54WXdd+uWC3k9TJcCGHt7wI=,AjG5YTcCVLmhceDqJ3QLt7p7jeQ=
6,9,eY5i54WXdd+uWC3k9TJcCGHt7wI=,AjG5YTcCVLmhceDqJ3QLt7p7jeQ=
14,11,eY5i54WXdd+uWC3k9TJcCGHt7wI=,T3cWCqihr7toE3gWXNmlUi2uUFA=
6,11,eY5i54WXdd+uWC3k9TJcCGHt7wI=,AjG5YTcCVLmhceDqJ3QLt7p7jeQ=
3,8,eY5i54WXdd+uWC3k9TJcCGHt7wI=,AjG5YTcCVLmhceDqJ3QLt7p7jeQ=
4,11,eY5i54WXdd+uWC3k9TJcCGHt7wI=,AjG5YTcCVLmhceDqJ3QLt7p7jeQ=
5,8,eY5i54WXdd+uWC3k9TJcCGHt7wI=,AjG5YTcCVLmhceDqJ3QLt7p7jeQ=
6,8,eY5i54WXdd+uWC3k9TJcCGHt7wI=,AjG5YTcCVLmhceDqJ3QLt7p7jeQ=
7,10,eY5i54WXdd+uWC3k9TJcCGHt7wI=,AjG5YTcCVLmhceDqJ3QLt7p7jeQ=
4,8,eY5i54WXdd+uWC3k9TJcCGHt7wI=,AjG5YTcCVLmhceDqJ3QLt7p7jeQ=
2,14,eY5i54WXdd+uWC3k9TJcCGHt7wI=,AjG5YTcCVLmhceDqJ3QLt7p7jeQ=
6,12,eY5i54WXdd+uWC3k9TJcCGHt7wI=,AjG5YTcCVLmhceDqJ3QLt7p7jeQ=
3,9,eY5i54WXdd+uWC3k9TJcCGHt7wI=,AjG5YTcCVLmhceDqJ3QLt7p7jeQ=
8,9,eY5i54WXdd+uWC3k9TJcCGHt7wI=,T3cWCqihr7toE3gWXNmlUi2uUFA=
6,7,eY5i54WXdd+uWC3k9TJcCGHt7wI=,eUDdxhtZbqiE7yYUANyVn915r0U=
10,1,eY5i54WXdd+uWC3k9TJcCGHt7wI=,0rfUdA44WDU3+GpznAXQftcfYcQ=
0,5,eY5i54WXdd+uWC3k9TJcCGHt7wI=,eUDdxhtZbqiE7yYUANyVn915r0U=
0,6,eY5i54WXdd+uWC3k9TJcCGHt7wI=,eUDdxhtZbqiE7yYUANyVn915r0U=
0,2,eY5i54WXdd+uWC3k9TJcCGHt7wI=,eUDdxhtZbqiE7yYUANyVn915r0U=
0,3,eY5i54WXdd+uWC3k9TJcCGHt7wI=,eUDdxhtZbqiE7yYUANyVn915r0U=
0,1,eY5i54WXdd+uWC3k9TJcCGHt7wI=,eUDdxhtZbqiE7yYUANyVn915r0U=
0,4,eY5i54WXdd+uWC3k9TJcCGHt7wI=,eUDdxhtZbqiE7yYUANyVn915r0U=
11,15,eY5i54WXdd+uWC3k9TJcCGHt7wI=,T3cWCqihr7toE3gWXNmlUi2uUFA=
12,15,eY5i54WXdd+uWC3k9TJcCGHt7wI=,T3cWCqihr7toE3gWXNmlUi2uUFA=
10,15,eY5i54WXdd+uWC3k9TJcCGHt7wI=,T3cWCqihr7toE3gWXNmlUi2uUFA=
0,14,eY5i54WXdd+uWC3k9TJcCGHt7wI=,AjG5YTcCVLmhceDqJ3QLt7p7jeQ=
14,15,eY5i54WXdd+uWC3k9TJcCGHt7wI=,T3cWCqihr7toE3gWXNmlUi2uUFA=
0,8,eY5i54WXdd+uWC3k9TJcCGHt7wI=,AjG5YTcCVLmhceDqJ3QLt7p7jeQ=
9,15,eY5i54WXdd+uWC3k9TJcCGHt7wI=,T3cWCqihr7toE3gWXNmlUi2uUFA=
3,15,eY5i54WXdd+uWC3k9TJcCGHt7wI=,AjG5YTcCVLmhceDqJ3QLt7p7jeQ=
0,10,eY5i54WXdd+uWC3k9TJcCGHt7wI=,AjG5YTcCVLmhceDqJ3QLt7p7jeQ=
0,11,eY5i54WXdd+uWC3k9TJcCGHt7wI=,AjG5YTcCVLmhceDqJ3QLt7p7jeQ=
4,15,eY5i54WXdd+uWC3k9TJcCGHt7wI=,AjG5YTcCVLmhceDqJ3QLt7p7jeQ=
0,7,eY5i54WXdd+uWC3k9TJcCGHt7wI=,eUDdxhtZbqiE7yYUANyVn915r0U=
0,9,eY5i54WXdd+uWC3k9TJcCGHt7wI=,AjG5YTcCVLmhceDqJ3QLt7p7jeQ=
2,15,eY5i54WXdd+uWC3k9TJcCGHt7wI=,AjG5YTcCVLmhceDqJ3QLt7p7jeQ=
0,13,eY5i54WXdd+uWC3k9TJcCGHt7wI=,AjG5YTcCVLmhceDqJ3QLt7p7jeQ=
5,15,eY5i54WXdd+uWC3k9TJcCGHt7wI=,AjG5YTcCVLmhceDqJ3QLt7p7jeQ=
1,15,eY5i54WXdd+uWC3k9TJcCGHt7wI=,AjG5YTcCVLmhceDqJ3QLt7p7jeQ=
0,12,eY5i54WXdd+uWC3k9TJcCGHt7wI=,AjG5YTcCVLmhceDqJ3QLt7p7jeQ=
7,15,eY5i54WXdd+uWC3k9TJcCGHt7wI=,AjG5YTcCVLmhceDqJ3QLt7p7jeQ=
8,15,eY5i54WXdd+uWC3k9TJcCGHt7wI=,T3cWCqihr7toE3gWXNmlUi2uUFA=
6,15,eY5i54WXdd+uWC3k9TJcCGHt7wI=,AjG5YTcCVLmhceDqJ3QLt7p7jeQ=
13,15,eY5i54WXdd+uWC3k9TJcCGHt7wI=,T3cWCqihr7toE3gWXNmlUi2uUFA=
15,12,eY5i54WXdd+uWC3k9TJcCGHt7wI=,T3cWCqihr7toE3gWXNmlUi2uUFA=
15,13,eY5i54WXdd+uWC3k9TJcCGHt7wI=,T3cWCqihr7toE3gWXNmlUi2uUFA=
15,11,eY5i54WXdd+uWC3k9TJcCGHt7wI=,T3cWCqihr7toE3gWXNmlUi2uUFA=
15,14,eY5i54WXdd+uWC3k9TJcCGHt7wI=,T3cWCqihr7toE3gWXNmlUi2uUFA=
15,10,eY5i54WXdd+uWC3k9TJcCGHt7wI=,T3cWCqihr7toE3gWXNmlUi2uUFA=
15,2,eY5i54WXdd+uWC3k9TJcCGHt7wI=,0rfUdA44WDU3+GpznAXQftcfYcQ=
15,6,eY5i54WXdd+uWC3k9TJcCGHt7wI=,0rfUdA44WDU3+GpznAXQftcfYcQ=
15,4,eY5i54WXdd+uWC3k9TJcCGHt7wI=,0rfUdA44WDU3+GpznAXQftcfYcQ=
15,5,eY5i54WXdd+uWC3k9TJcCGHt7wI=,0rfUdA44WDU3+GpznAXQftcfYcQ=
2,0,eY5i54WXdd+uWC3k9TJcCGHt7wI=,eUDdxhtZbqiE7yYUANyVn915r0U=
15,1,eY5i54WXdd+uWC3k9TJcCGHt7wI=,0rfUdA44WDU3+GpznAXQftcfYcQ=
15,3,eY5i54WXdd+uWC3k9TJcCGHt7wI=,0rfUdA44WDU3+GpznAXQftcfYcQ=
15,8,eY5i54WXdd+uWC3k9TJcCGHt7wI=,T3cWCqihr7toE3gWXNmlUi2uUFA=
3,0,eY5i54WXdd+uWC3k9TJcCGHt7wI=,eUDdxhtZbqiE7yYUANyVn915r0U=
4,0,eY5i54WXdd+uWC3k9TJcCGHt7wI=,eUDdxhtZbqiE7yYUANyVn915r0U=
1,0,eY5i54WXdd+uWC3k9TJcCGHt7wI=,eUDdxhtZbqiE7yYUANyVn915r0U=
5,0,eY5i54WXdd+uWC3k9TJcCGHt7wI=,eUDdxhtZbqiE7yYUANyVn915r0U=
6,0,eY5i54WXdd+uWC3k9TJcCGHt7wI=,eUDdxhtZbqiE7yYUANyVn915r0U=
15,7,eY5i54WXdd+uWC3k9TJcCGHt7wI=,0rfUdA44WDU3+GpznAXQftcfYcQ=
10,0,eY5i54WXdd+uWC3k9TJcCGHt7wI=,0rfUdA44WDU3+GpznAXQftcfYcQ=
11,0,eY5i54WXdd+uWC3k9TJcCGHt7wI=,0rfUdA44WDU3+GpznAXQftcfYcQ=
13,0,eY5i54WXdd+uWC3k9TJcCGHt7wI=,0rfUdA44WDU3+GpznAXQftcfYcQ=
9,0,eY5i54WXdd+uWC3k9TJcCGHt7wI=,0rfUdA44WDU3+GpznAXQftcfYcQ=
8,0,eY5i54WXdd+uWC3k9TJcCGHt7wI=,0rfUdA44WDU3+GpznAXQftcfYcQ=
14,0,eY5i54WXdd+uWC3k9TJcCGHt7wI=,0rfUdA44WDU3+GpznAXQftcfYcQ=
12,0,eY5i54WXdd+uWC3k9TJcCGHt7wI=,0rfUdA44WDU3+GpznAXQftcfYcQ=
7,0,eY5i54WXdd+uWC3k9TJcCGHt7wI=,eUDdxhtZbqiE7yYUANyVn915r0U=
15,9,eY5i54WXdd+uWC3k9TJcCGHt7wI=,T3cWCqihr7toE3gWXNmlUi2uUFA=
15,0,eY5i54WXdd+uWC3k9TJcCGHt7wI=,0rfUdA44WDU3+GpznAXQftcfYcQ=
15,15,eY5i54WXdd+uWC3k9TJcCGHt7wI=,T3cWCqihr7toE3gWXNmlUi2uUFA=
0,0,eY5i54WXdd+uWC3k9TJcCGHt7wI=,eUDdxhtZbqiE7yYUANyVn915r0U=
0,15,eY5i54WXdd+uWC3k9TJcCGHt7wI=,AjG5YTcCVLmhceDqJ3QLt7p7jeQ=
12,29,eY5i54WXdd+uWC3k9TJcCGHt7wI=,BwoTGvBy2yZ6QehI3T8L7umjCHI=
8,30,eY5i54WXdd+uWC3k9TJcCGHt7wI=,BwoTGvBy2yZ6QehI3T8L7umjCHI=
1,25,eY5i54WXdd+uWC3k9TJcCGHt7wI=,kn8DWAfv7D2+ZT5A0HEFi/k3AF8=
2,25,eY5i54WXdd+uWC3k9TJcCGHt7wI=,kn8DWAfv7D2+ZT5A0HEFi/k3AF8=
3,25,iI5+p3/BCRjIJmPBc2AAViSSKso=,kn8DWAfv7D2+ZT5A0HEFi/k3AF8=
4,25,iI5+p3/BCRjIJmPBc2AAViSSKso=,kn8DWAfv7D2+ZT5A0HEFi/k3AF8=
5,25,iI5+p3/BCRjIJmPBc2AAViSSKso=,kn8DWAfv7D2+ZT5A0HEFi/k3AF8=
6,25,iI5+p3/BCRjIJmPBc2AAViSSKso=,kn8DWAfv7D2+ZT5A0HEFi/k3AF8=
7,25,iI5+p3/BCRjIJmPBc2AAViSSKso=,kn8DWAfv7D2+ZT5A0HEFi/k3AF8=
1,26,iI5+p3/BCRjIJmPBc2AAViSSKso=,kn8DWAfv7D2+ZT5A0HEFi/k3AF8=
2,26,iI5+p3/BCRjIJmPBc2AAViSSKso=,kn8DWAfv7D2+ZT5A0HEFi/k3AF8=
3,26,iI5+p3/BCRjIJmPBc2AAViSSKso=,kn8DWAfv7D2+ZT5A0HEFi/k3AF8=
4,26,iI5+p3/BCRjIJmPBc2AAViSSKso=,kn8DWAfv7D2+ZT5A0HEFi/k3AF8=
5,26,iI5+p3/BCRjIJmPBc2AAViSSKso=,kn8DWAfv7D2+ZT5A0HEFi/k3AF8=
6,26,iI5+p3/BCRjIJmPBc2AAViSSKso=,kn8DWAfv7D2+ZT5A0HEFi/k3AF8=
7,26,iI5+p3/BCRjIJmPBc2AAViSSKso=,kn8DWAfv7D2+ZT5A0HEFi/k3AF8=
1,27,iI5+p3/BCRjIJmPBc2AAViSSKso=,kn8DWAfv7D2+ZT5A0HEFi/k3AF8=
2,27,iI5+p3/BCRjIJmPBc2AAViSSKso=,kn8DWAfv7D2+ZT5A0HEFi/k3AF8=
3,27,iI5+p3/BCRjIJmPBc2AAViSSKso=,kn8DWAfv7D2+ZT5A0HEFi/k3AF8=
4,27,iI5+p3/BCRjIJmPBc2AAViSSKso=,kn8DWAfv7D2+ZT5A0HEFi/k3AF8=
5,27,iI5+p3/BCRjIJmPBc2AAViSSKso=,kn8DWAfv7D2+ZT5A0HEFi/k3AF8=
6,27,iI5+p3/BCRjIJmPBc2AAViSSKso=,kn8DWAfv7D2+ZT5A0HEFi/k3AF8=
7,27,iI5+p3/BCRjIJmPBc2AAViSSKso=,kn8DWAfv7D2+ZT5A0HEFi/k3AF8=
1,28,iI5+p3/BCRjIJmPBc2AAViSSKso=,kn8DWAfv7D2+ZT5A0HEFi/k3AF8=
2,28,iI5+p3/BCRjIJmPBc2AAViSSKso=,kn8DWAfv7D2+ZT5A0HEFi/k3AF8=
3,28,iI5+p3/BCRjIJmPBc2AAViSSKso=,kn8DWAfv7D2+ZT5A0HEFi/k3AF8=
4,28,iI5+p3/BCRjIJmPBc2AAViSSKso=,kn8DWAfv7D2+ZT5A0HEFi/k3AF8=
5,28,iI5+p3/BCRjIJmPBc2AAViSSKso=,kn8DWAfv7D2+ZT5A0HEFi/k3AF8=
8,25,iI5+p3/BCRjIJmPBc2AAViSSKso=,BwoTGvBy2yZ6QehI3T8L7umjCHI=
6,28,iI5+p3/BCRjIJmPBc2AAViSSKso=,kn8DWAfv7D2+ZT5A0HEFi/k3AF8=
7,28,iI5+p3/BCRjIJmPBc2AAViSSKso=,kn8DWAfv7D2+ZT5A0HEFi/k3AF8=
1,29,iI5+p3/BCRjIJmPBc2AAViSSKso=,kn8DWAfv7D2+ZT5A0HEFi/k3AF8=
2,29,iI5+p3/BCRjIJmPBc2AAViSSKso=,kn8DWAfv7D2+ZT5A0HEFi/k3AF8=
3,29,iI5+p3/BCRjIJmPBc2AAViSSKso=,kn8DWAfv7D2+ZT5A0HEFi/k3AF8=
4,29,iI5+p3/BCRjIJmPBc2AAViSSKso=,kn8DWAfv7D2+ZT5A0HEFi/k3AF8=
8,26,iI5+p3/BCRjIJmPBc2AAViSSKso=,BwoTGvBy2yZ6QehI3T8L7umjCHI=
5,29,iI5+p3/BCRjIJmPBc2AAViSSKso=,kn8DWAfv7D2+ZT5A0HEFi/k3AF8=
6,29,iI5+p3/BCRjIJmPBc2AAViSSKso=,kn8DWAfv7D2+ZT5A0HEFi/k3AF8=
8,27,iI5+p3/BCRjIJmPBc2AAViSSKso=,BwoTGvBy2yZ6QehI3T8L7umjCHI=
7,29,iI5+p3/BCRjIJmPBc2AAViSSKso=,kn8DWAfv7D2+ZT5A0HEFi/k3AF8=
1,30,iI5+p3/BCRjIJmPBc2AAViSSKso=,kn8DWAfv7D2+ZT5A0HEFi/k3AF8=
2,30,iI5+p3/BCRjIJmPBc2AAViSSKso=,kn8DWAfv7D2+ZT5A0HEFi/k3AF8=
3,30,iI5+p3/BCRjIJmPBc2AAViSSKso=,kn8DWAfv7D2+ZT5A0HEFi/k3AF8=
4,30,iI5+p3/BCRjIJmPBc2AAViSSKso=,kn8DWAfv7D2+ZT5A0HEFi/k3AF8=
5,30,iI5+p3/BCRjIJmPBc2AAViSSKso=,kn8DWAfv7D2+ZT5A0HEFi/k3AF8=
6,30,iI5+p3/BCRjIJmPBc2AAViSSKso=,kn8DWAfv7D2+ZT5A0HEFi/k3AF8=
7,30,iI5+p3/BCRjIJmPBc2AAViSSKso=,kn8DWAfv7D2+ZT5A0HEFi/k3AF8=
8,28,iI5+p3/BCRjIJmPBc2AAViSSKso=,BwoTGvBy2yZ6QehI3T8L7umjCHI=
8,29,iI5+p3/BCRjIJmPBc2AAViSSKso=,BwoTGvBy2yZ6QehI3T8L7umjCHI=
11,29,iI5+p3/BCRjIJmPBc2AAViSSKso=,BwoTGvBy2yZ6QehI3T8L7umjCHI=
10,29,iI5+p3/BCRjIJmPBc2AAViSSKso=,BwoTGvBy2yZ6QehI3T8L7umjCHI=
9,29,iI5+p3/BCRjIJmPBc2AAViSSKso=,BwoTGvBy2yZ6QehI3T8L7umjCHI=
14,28,iI5+p3/BCRjIJmPBc2AAViSSKso=,BwoTGvBy2yZ6QehI3T8L7umjCHI=
13,28,iI5+p3/BCRjIJmPBc2AAViSSKso=,BwoTGvBy2yZ6QehI3T8L7umjCHI=
12,28,iI5+p3/BCRjIJmPBc2AAViSSKso=,BwoTGvBy2yZ6QehI3T8L7umjCHI=
11,28,iI5+p3/BCRjIJmPBc2AAViSSKso=,BwoTGvBy2yZ6QehI3T8L7umjCHI=
10,28,iI5+p3/BCRjIJmPBc2AAViSSKso=,BwoTGvBy2yZ6QehI3T8L7umjCHI=
9,28,iI5+p3/BCRjIJmPBc2AAViSSKso=,BwoTGvBy2yZ6QehI3T8L7umjCHI=
14,27,iI5+p3/BCRjIJmPBc2AAViSSKso=,BwoTGvBy2yZ6QehI3T8L7umjCHI=
13,27,iI5+p3/BCRjIJmPBc2AAViSSKso=,BwoTGvBy2yZ6QehI3T8L7umjCHI=
12,27,iI5+p3/BCRjIJmPBc2AAViSSKso=,BwoTGvBy2yZ6QehI3T8L7umjCHI=
11,27,iI5+p3/BCRjIJmPBc2AAViSSKso=,BwoTGvBy2yZ6QehI3T8L7umjCHI=
10,27,iI5+p3/BCRjIJmPBc2AAViSSKso=,BwoTGvBy2yZ6QehI3T8L7umjCHI=
9,27,iI5+p3/BCRjIJmPBc2AAViSSKso=,BwoTGvBy2yZ6QehI3T8L7umjCHI=
14,26,iI5+p3/BCRjIJmPBc2AAViSSKso=,BwoTGvBy2yZ6QehI3T8L7umjCHI=
13,26,iI5+p3/BCRjIJmPBc2AAViSSKso=,BwoTGvBy2yZ6QehI3T8L7umjCHI=
12,26,iI5+p3/BCRjIJmPBc2AAViSSKso=,BwoTGvBy2yZ6QehI3T8L7umjCHI=
11,26,iI5+p3/BCRjIJmPBc2AAViSSKso=,BwoTGvBy2yZ6QehI3T8L7umjCHI=
10,26,iI5+p3/BCRjIJmPBc2AAViSSKso=,BwoTGvBy2yZ6QehI3T8L7umjCHI=
9,26,iI5+p3/BCRjIJmPBc2AAViSSKso=,BwoTGvBy2yZ6QehI3T8L7umjCHI=
14,25,iI5+p3/BCRjIJmPBc2AAViSSKso=,BwoTGvBy2yZ6QehI3T8L7umjCHI=
13,25,iI5+p3/BCRjIJmPBc2AAViSSKso=,BwoTGvBy2yZ6QehI3T8L7umjCHI=
12,25,iI5+p3/BCRjIJmPBc2AAViSSKso=,BwoTGvBy2yZ6QehI3T8L7umjCHI=
11,25,iI5+p3/BCRjIJmPBc2AAViSSKso=,BwoTGvBy2yZ6QehI3T8L7umjCHI=
10,25,iI5+p3/BCRjIJmPBc2AAViSSKso=,BwoTGvBy2yZ6QehI3T8L7umjCHI=
9,25,iI5+p3/BCRjIJmPBc2AAViSSKso=,BwoTGvBy2yZ6QehI3T8L7umjCHI=
14,30,iI5+p3/BCRjIJmPBc2AAViSSKso=,BwoTGvBy2yZ6QehI3T8L7umjCHI=
13,30,iI5+p3/BCRjIJmPBc2AAViSSKso=,BwoTGvBy2yZ6QehI3T8L7umjCHI=
12,30,iI5+p3/BCRjIJmPBc2AAViSSKso=,BwoTGvBy2yZ6QehI3T8L7umjCHI=
11,30,iI5+p3/BCRjIJmPBc2AAViSSKso=,BwoTGvBy2yZ6QehI3T8L7umjCHI=
10,30,iI5+p3/BCRjIJmPBc2AAViSSKso=,BwoTGvBy2yZ6QehI3T8L7umjCHI=
9,30,iI5+p3/BCRjIJmPBc2AAViSSKso=,BwoTGvBy2yZ6QehI3T8L7umjCHI=
14,29,iI5+p3/BCRjIJmPBc2AAViSSKso=,BwoTGvBy2yZ6QehI3T8L7umjCHI=
13,29,iI5+p3/BCRjIJmPBc2AAViSSKso=,BwoTGvBy2yZ6QehI3T8L7umjCHI=
15,29,iI5+p3/BCRjIJmPBc2AAViSSKso=,BwoTGvBy2yZ6QehI3T8L7umjCHI=
15,28,iI5+p3/BCRjIJmPBc2AAViSSKso=,BwoTGvBy2yZ6QehI3T8L7umjCHI=
15,27,iI5+p3/BCRjIJmPBc2AAViSSKso=,BwoTGvBy2yZ6QehI3T8L7umjCHI=
15,26,iI5+p3/BCRjIJmPBc2AAViSSKso=,BwoTGvBy2yZ6QehI3T8L7umjCHI=
15,25,iI5+p3/BCRjIJmPBc2AAViSSKso=,BwoTGvBy2yZ6QehI3T8L7umjCHI=
15,30,iI5+p3/BCRjIJmPBc2AAViSSKso=,BwoTGvBy2yZ6QehI3T8L7umjCHI=
0,25,iI5+p3/BCRjIJmPBc2AAViSSKso=,kn8DWAfv7D2+ZT5A0HEFi/k3AF8=
0,26,iI5+p3/BCRjIJmPBc2AAViSSKso=,kn8DWAfv7D2+ZT5A0HEFi/k3AF8=
0,27,iI5+p3/BCRjIJmPBc2AAViSSKso=,kn8DWAfv7D2+ZT5A0HEFi/k3AF8=
0,28,iI5+p3/BCRjIJmPBc2AAViSSKso=,kn8DWAfv7D2+ZT5A0HEFi/k3AF8=
0,29,iI5+p3/BCRjIJmPBc2AAViSSKso=,kn8DWAfv7D2+ZT5A0HEFi/k3AF8=
0,30,iI5+p3/BCRjIJmPBc2AAViSSKso=,kn8DWAfv7D2+ZT5A0HEFi/k3AF8=
4,31,iI5+p3/BCRjIJmPBc2AAViSSKso=,kn8DWAfv7D2+ZT5A0HEFi/k3AF8=
5,31,iI5+p3/BCRjIJmPBc2AAViSSKso=,kn8DWAfv7D2+ZT5A0HEFi/k3AF8=
8,31,iI5+p3/BCRjIJmPBc2AAViSSKso=,BwoTGvBy2yZ6QehI3T8L7umjCHI=
9,31,iI5+p3/BCRjIJmPBc2AAViSSKso=,BwoTGvBy2yZ6QehI3T8L7umjCHI=
10,31,iI5+p3/BCRjIJmPBc2AAViSSKso=,BwoTGvBy2yZ6QehI3T8L7umjCHI=
11,31,iI5+p3/BCRjIJmPBc2AAViSSKso=,BwoTGvBy2yZ6QehI3T8L7umjCHI=
12,31,iI5+p3/BCRjIJmPBc2AAViSSKso=,BwoTGvBy2yZ6QehI3T8L7umjCHI=
13,31,iI5+p3/BCRjIJmPBc2AAViSSKso=,BwoTGvBy2yZ6QehI3T8L7umjCHI=
14,31,iI5+p3/BCRjIJmPBc2AAViSSKso=,BwoTGvBy2yZ6QehI3T8L7umjCHI=
7,31,iI5+p3/BCRjIJmPBc2AAViSSKso=,kn8DWAfv7D2+ZT5A0HEFi/k3AF8=
3,31,iI5+p3/BCRjIJmPBc2AAViSSKso=,kn8DWAfv7D2+ZT5A0HEFi/k3AF8=
1,31,iI5+p3/BCRjIJmPBc2AAViSSKso=,kn8DWAfv7D2+ZT5A0HEFi/k3AF8=
6,31,iI5+p3/BCRjIJmPBc2AAViSSKso=,kn8DWAfv7D2+ZT5A0HEFi/k3AF8=
2,31,iI5+p3/BCRjIJmPBc2AAViSSKso=,kn8DWAfv7D2+ZT5A0HEFi/k3AF8=
13,19,iI5+p3/BCRjIJmPBc2AAViSSKso=,Sv2pXzlBLs1R8qQp68ppKcudj6M=
12,19,iI5+p3/BCRjIJmPBc2AAViSSKso=,Sv2pXzlBLs1R8qQp68ppKcudj6M=
15,23,iI5+p3/BCRjIJmPBc2AAViSSKso=,Sv2pXzlBLs1R8qQp68ppKcudj6M=
11,19,iI5+p3/BCRjIJmPBc2AAViSSKso=,Sv2pXzlBLs1R8qQp68ppKcudj6M=
14,19,iI5+p3/BCRjIJmPBc2AAViSSKso=,Sv2pXzlBLs1R8qQp68ppKcudj6M=
14,23,iI5+p3/BCRjIJmPBc2AAViSSKso=,Sv2pXzlBLs1R8qQp68ppKcudj6M=
13,23,iI5+p3/BCRjIJmPBc2AAViSSKso=,Sv2pXzlBLs1R8qQp68ppKcudj6M=
10,19,iI5+p3/BCRjIJmPBc2AAViSSKso=,Sv2pXzlBLs1R8qQp68ppKcudj6M=
12,23,iI5+p3/BCRjIJmPBc2AAViSSKso=,Sv2pXzlBLs1R8qQp68ppKcudj6M=
9,19,iI5+p3/BCRjIJmPBc2AAViSSKso=,Sv2pXzlBLs1R8qQp68ppKcudj6M=
11,23,iI5+p3/BCRjIJmPBc2AAViSSKso=,Sv2pXzlBLs1R8qQp68ppKcudj6M=
10,23,iI5+p3/BCRjIJmPBc2AAViSSKso=,Sv2pXzlBLs1R8qQp68ppKcudj6M=
9,23,iI5+p3/BCRjIJmPBc2AAViSSKso=,Sv2pXzlBLs1R8qQp68ppKcudj6M=
15,18,iI5+p3/BCRjIJmPBc2AAViSSKso=,Sv2pXzlBLs1R8qQp68ppKcudj6M=
14,18,iI5+p3/BCRjIJmPBc2AAViSSKso=,Sv2pXzlBLs1R8qQp68ppKcudj6M=
12,18,iI5+p3/BCRjIJmPBc2AAViSSKso=,Sv2pXzlBLs1R8qQp68ppKcudj6M=
15,22,iI5+p3/BCRjIJmPBc2AAViSSKso=,Sv2pXzlBLs1R8qQp68ppKcudj6M=
14,24,iI5+p3/BCRjIJmPBc2AAViSSKso=,BwoTGvBy2yZ6QehI3T8L7umjCHI=
10,18,iI5+p3/BCRjIJmPBc2AAViSSKso=,Sv2pXzlBLs1R8qQp68ppKcudj6M=
13,18,iI5+p3/BCRjIJmPBc2AAViSSKso=,Sv2pXzlBLs1R8qQp68ppKcudj6M=
12,24,iI5+p3/BCRjIJmPBc2AAViSSKso=,BwoTGvBy2yZ6QehI3T8L7umjCHI=
13,22,iI5+p3/BCRjIJmPBc2AAViSSKso=,Sv2pXzlBLs1R8qQp68ppKcudj6M=
9,18,iI5+p3/BCRjIJmPBc2AAViSSKso=,Sv2pXzlBLs1R8qQp68ppKcudj6M=
11,18,iI5+p3/BCRjIJmPBc2AAViSSKso=,Sv2pXzlBLs1R8qQp68ppKcudj6M=
14,22,iI5+p3/BCRjIJmPBc2AAViSSKso=,Sv2pXzlBLs1R8qQp68ppKcudj6M=
15,24,iI5+p3/BCRjIJmPBc2AAViSSKso=,BwoTGvBy2yZ6QehI3T8L7umjCHI=
13,24,iI5+p3/BCRjIJmPBc2AAViSSKso=,BwoTGvBy2yZ6QehI3T8L7umjCHI=
15,17,iI5+p3/BCRjIJmPBc2AAViSSKso=,Sv2pXzlBLs1R8qQp68ppKcudj6M=
10,24,iI5+p3/BCRjIJmPBc2AAViSSKso=,BwoTGvBy2yZ6QehI3T8L7umjCHI=
11,24,iI5+p3/BCRjIJmPBc2AAViSSKso=,BwoTGvBy2yZ6QehI3T8L7umjCHI=
11,22,iI5+p3/BCRjIJmPBc2AAViSSKso=,Sv2pXzlBLs1R8qQp68ppKcudj6M=
12,22,iI5+p3/BCRjIJmPBc2AAViSSKso=,Sv2pXzlBLs1R8qQp68ppKcudj6M=
13,17,iI5+p3/BCRjIJmPBc2AAViSSKso=,Sv2pXzlBLs1R8qQp68ppKcudj6M=
10,22,iI5+p3/BCRjIJmPBc2AAViSSKso=,Sv2pXzlBLs1R8qQp68ppKcudj6M=
9,22,iI5+p3/BCRjIJmPBc2AAViSSKso=,Sv2pXzlBLs1R8qQp68ppKcudj6M=
11,17,iI5+p3/BCRjIJmPBc2AAViSSKso=,Sv2pXzlBLs1R8qQp68ppKcudj6M=
12,17,iI5+p3/BCRjIJmPBc2AAViSSKso=,Sv2pXzlBLs1R8qQp68ppKcudj6M=
10,17,iI5+p3/BCRjIJmPBc2AAViSSKso=,Sv2pXzlBLs1R8qQp68ppKcudj6M=
9,24,iI5+p3/BCRjIJmPBc2AAViSSKso=,BwoTGvBy2yZ6QehI3T8L7umjCHI=
14,21,iI5+p3/BCRjIJmPBc2AAViSSKso=,Sv2pXzlBLs1R8qQp68ppKcudj6M=
15,21,iI5+p3/BCRjIJmPBc2AAViSSKso=,Sv2pXzlBLs1R8qQp68ppKcudj6M=
14,16,iI5+p3/BCRjIJmPBc2AAViSSKso=,Sv2pXzlBLs1R8qQp68ppKcudj6M=
13,21,iI5+p3/BCRjIJmPBc2AAViSSKso=,Sv2pXzlBLs1R8qQp68ppKcudj6M=
15,19,iI5+p3/BCRjIJmPBc2AAViSSKso=,Sv2pXzlBLs1R8qQp68ppKcudj6M=
9,17,iI5+p3/BCRjIJmPBc2AAViSSKso=,Sv2pXzlBLs1R8qQp68ppKcudj6M=
9,20,iI5+p3/BCRjIJmPBc2AAViSSKso=,Sv2pXzlBLs1R8qQp68ppKcudj6M=
10,20,iI5+p3/BCRjIJmPBc2AAViSSKso=,Sv2pXzlBLs1R8qQp68ppKcudj6M=
11,20,iI5+p3/BCRjIJmPBc2AAViSSKso=,Sv2pXzlBLs1R8qQp68ppKcudj6M=
12,16,iI5+p3/BCRjIJmPBc2AAViSSKso=,Sv2pXzlBLs1R8qQp68ppKcudj6M=
13,20,iI5+p3/BCRjIJmPBc2AAViSSKso=,Sv2pXzlBLs1R8qQp68ppKcudj6M=
12,20,iI5+p3/BCRjIJmPBc2AAViSSKso=,Sv2pXzlBLs1R8qQp68ppKcudj6M=
12,21,iI5+p3/BCRjIJmPBc2AAViSSKso=,Sv2pXzlBLs1R8qQp68ppKcudj6M=
11,21,iI5+p3/BCRjIJmPBc2AAViSSKso=,Sv2pXzlBLs1R8qQp68ppKcudj6M=
13,16,iI5+p3/BCRjIJmPBc2AAViSSKso=,Sv2pXzlBLs1R8qQp68ppKcudj6M=
9,21,iI5+p3/BCRjIJmPBc2AAViSSKso=,Sv2pXzlBLs1R8qQp68ppKcudj6M=
14,20,iI5+p3/BCRjIJmPBc2AAViSSKso=,Sv2pXzlBLs1R8qQp68ppKcudj6M=
11,16,iI5+p3/BCRjIJmPBc2AAViSSKso=,Sv2pXzlBLs1R8qQp68ppKcudj6M=
15,16,iI5+p3/BCRjIJmPBc2AAViSSKso=,Sv2pXzlBLs1R8qQp68ppKcudj6M=
10,16,iI5+p3/BCRjIJmPBc2AAViSSKso=,Sv2pXzlBLs1R8qQp68ppKcudj6M=
9,16,iI5+p3/BCRjIJmPBc2AAViSSKso=,Sv2pXzlBLs1R8qQp68ppKcudj6M=
15,20,iI5+p3/BCRjIJmPBc2AAViSSKso=,Sv2pXzlBLs1R8qQp68ppKcudj6M=
14,17,iI5+p3/BCRjIJmPBc2AAViSSKso=,Sv2pXzlBLs1R8qQp68ppKcudj6M=
10,21,iI5+p3/BCRjIJmPBc2AAViSSKso=,Sv2pXzlBLs1R8qQp68ppKcudj6M=
0,31,iI5+p3/BCRjIJmPBc2AAViSSKso=,kn8DWAfv7D2+ZT5A0HEFi/k3AF8=
7,20,iI5+p3/BCRjIJmPBc2AAViSSKso=,JypKIhQOJy2vc4/Re8IxHh+05Gw=
6,20,iI5+p3/BCRjIJmPBc2AAViSSKso=,JypKIhQOJy2vc4/Re8IxHh+05Gw=
4,23,iI5+p3/BCRjIJmPBc2AAViSSKso=,JypKIhQOJy2vc4/Re8IxHh+05Gw=
6,21,iI5+p3/BCRjIJmPBc2AAViSSKso=,JypKIhQOJy2vc4/Re8IxHh+05Gw=
5,23,iI5+p3/BCRjIJmPBc2AAViSSKso=,JypKIhQOJy2vc4/Re8IxHh+05Gw=
8,19,iI5+p3/BCRjIJmPBc2AAViSSKso=,Sv2pXzlBLs1R8qQp68ppKcudj6M=
5,20,iI5+p3/BCRjIJmPBc2AAViSSKso=,JypKIhQOJy2vc4/Re8IxHh+05Gw=
5,22,iI5+p3/BCRjIJmPBc2AAViSSKso=,JypKIhQOJy2vc4/Re8IxHh+05Gw=
4,22,iI5+p3/BCRjIJmPBc2AAViSSKso=,JypKIhQOJy2vc4/Re8IxHh+05Gw=
3,23,iI5+p3/BCRjIJmPBc2AAViSSKso=,JypKIhQOJy2vc4/Re8IxHh+05Gw=
0,19,iI5+p3/BCRjIJmPBc2AAViSSKso=,JypKIhQOJy2vc4/Re8IxHh+05Gw=
0,18,iI5+p3/BCRjIJmPBc2AAViSSKso=,JypKIhQOJy2vc4/Re8IxHh+05Gw=
0,20,iI5+p3/BCRjIJmPBc2AAViSSKso=,JypKIhQOJy2vc4/Re8IxHh+05Gw=
6,23,iI5+p3/BCRjIJmPBc2AAViSSKso=,JypKIhQOJy2vc4/Re8IxHh+05Gw=
7,23,iI5+p3/BCRjIJmPBc2AAViSSKso=,JypKIhQOJy2vc4/Re8IxHh+05Gw=
1,18,iI5+p3/BCRjIJmPBc2AAViSSKso=,JypKIhQOJy2vc4/Re8IxHh+05Gw=
8,23,iI5+p3/BCRjIJmPBc2AAViSSKso=,Sv2pXzlBLs1R8qQp68ppKcudj6M=
1,19,iI5+p3/BCRjIJmPBc2AAViSSKso=,JypKIhQOJy2vc4/Re8IxHh+05Gw=
6,18,iI5+p3/BCRjIJmPBc2AAViSSKso=,JypKIhQOJy2vc4/Re8IxHh+05Gw=
2,23,iI5+p3/BCRjIJmPBc2AAViSSKso=,JypKIhQOJy2vc4/Re8IxHh+05Gw=
7,18,iI5+p3/BCRjIJmPBc2AAViSSKso=,JypKIhQOJy2vc4/Re8IxHh+05Gw=
5,18,iI5+p3/BCRjIJmPBc2AAViSSKso=,JypKIhQOJy2vc4/Re8IxHh+05Gw=
7,19,iI5+p3/BCRjIJmPBc2AAViSSKso=,JypKIhQOJy2vc4/Re8IxHh+05Gw=
8,18,iI5+p3/BCRjIJmPBc2AAViSSKso=,Sv2pXzlBLs1R8qQp68ppKcudj6M=
4,18,iI5+p3/BCRjIJmPBc2AAViSSKso=,JypKIhQOJy2vc4/Re8IxHh+05Gw=
5,21,iI5+p3/BCRjIJmPBc2AAViSSKso=,JypKIhQOJy2vc4/Re8IxHh+05Gw=
2,16,iI5+p3/BCRjIJmPBc2AAViSSKso=,JypKIhQOJy2vc4/Re8IxHh+05Gw=
4,21,iI5+p3/BCRjIJmPBc2AAViSSKso=,JypKIhQOJy2vc4/Re8IxHh+05Gw=
3,17,iI5+p3/BCRjIJmPBc2AAViSSKso=,JypKIhQOJy2vc4/Re8IxHh+05Gw=
7,17,iI5+p3/BCRjIJmPBc2AAViSSKso=,JypKIhQOJy2vc4/Re8IxHh+05Gw=
2,22,iI5+p3/BCRjIJmPBc2AAViSSKso=,JypKIhQOJy2vc4/Re8IxHh+05Gw=
4,20,iI5+p3/BCRjIJmPBc2AAViSSKso=,JypKIhQOJy2vc4/Re8IxHh+05Gw=
3,22,iI5+p3/BCRjIJmPBc2AAViSSKso=,JypKIhQOJy2vc4/Re8IxHh+05Gw=
3,16,iI5+p3/BCRjIJmPBc2AAViSSKso=,JypKIhQOJy2vc4/Re8IxHh+05Gw=
2,17,iI5+p3/BCRjIJmPBc2AAViSSKso=,JypKIhQOJy2vc4/Re8IxHh+05Gw=
0,23,iI5+p3/BCRjIJmPBc2AAViSSKso=,JypKIhQOJy2vc4/Re8IxHh+05Gw=
3,21,iI5+p3/BCRjIJmPBc2AAViSSKso=,JypKIhQOJy2vc4/Re8IxHh+05Gw=
6,19,iI5+p3/BCRjIJmPBc2AAViSSKso=,JypKIhQOJy2vc4/Re8IxHh+05Gw=
3,20,iI5+p3/BCRjIJmPBc2AAViSSKso=,JypKIhQOJy2vc4/Re8IxHh+05Gw=
1,17,iI5+p3/BCRjIJmPBc2AAViSSKso=,JypKIhQOJy2vc4/Re8IxHh+05Gw=
8,22,iI5+p3/BCRjIJmPBc2AAViSSKso=,Sv2pXzlBLs1R8qQp68ppKcudj6M=
5,19,iI5+p3/BCRjIJmPBc2AAViSSKso=,JypKIhQOJy2vc4/Re8IxHh+05Gw=
4,19,iI5+p3/BCRjIJmPBc2AAViSSKso=,JypKIhQOJy2vc4/Re8IxHh+05Gw=
0,17,iI5+p3/BCRjIJmPBc2AAViSSKso=,JypKIhQOJy2vc4/Re8IxHh+05Gw=
8,24,iI5+p3/BCRjIJmPBc2AAViSSKso=,BwoTGvBy2yZ6QehI3T8L7umjCHI=
2,18,iI5+p3/BCRjIJmPBc2AAViSSKso=,JypKIhQOJy2vc4/Re8IxHh+05Gw=
7,22,iI5+p3/BCRjIJmPBc2AAViSSKso=,JypKIhQOJy2vc4/Re8IxHh+05Gw=
6,22,iI5+p3/BCRjIJmPBc2AAViSSKso=,JypKIhQOJy2vc4/Re8IxHh+05Gw=
3,18,iI5+p3/BCRjIJmPBc2AAViSSKso=,JypKIhQOJy2vc4/Re8IxHh+05Gw=
5,16,iI5+p3/BCRjIJmPBc2AAViSSKso=,JypKIhQOJy2vc4/Re8IxHh+05Gw=
2,20,iI5+p3/BCRjIJmPBc2AAViSSKso=,JypKIhQOJy2vc4/Re8IxHh+05Gw=
7,24,iI5+p3/BCRjIJmPBc2AAViSSKso=,kn8DWAfv7D2+ZT5A0HEFi/k3AF8=
6,16,iI5+p3/BCRjIJmPBc2AAViSSKso=,JypKIhQOJy2vc4/Re8IxHh+05Gw=
6,24,iI5+p3/BCRjIJmPBc2AAViSSKso=,kn8DWAfv7D2+ZT5A0HEFi/k3AF8=
2,21,iI5+p3/BCRjIJmPBc2AAViSSKso=,JypKIhQOJy2vc4/Re8IxHh+05Gw=
7,16,iI5+p3/BCRjIJmPBc2AAViSSKso=,JypKIhQOJy2vc4/Re8IxHh+05Gw=
1,21,iI5+p3/BCRjIJmPBc2AAViSSKso=,JypKIhQOJy2vc4/Re8IxHh+05Gw=
1,22,iI5+p3/BCRjIJmPBc2AAViSSKso=,JypKIhQOJy2vc4/Re8IxHh+05Gw=
8,21,iI5+p3/BCRjIJmPBc2AAViSSKso=,Sv2pXzlBLs1R8qQp68ppKcudj6M=
6,17,iI5+p3/BCRjIJmPBc2AAViSSKso=,JypKIhQOJy2vc4/Re8IxHh+05Gw=
8,16,iI5+p3/BCRjIJmPBc2AAViSSKso=,Sv2pXzlBLs1R8qQp68ppKcudj6M=
5,24,iI5+p3/BCRjIJmPBc2AAViSSKso=,kn8DWAfv7D2+ZT5A0HEFi/k3AF8=
0,16,iI5+p3/BCRjIJmPBc2AAViSSKso=,JypKIhQOJy2vc4/Re8IxHh+05Gw=
4,24,iI5+p3/BCRjIJmPBc2AAViSSKso=,kn8DWAfv7D2+ZT5A0HEFi/k3AF8=
3,24,iI5+p3/BCRjIJmPBc2AAViSSKso=,kn8DWAfv7D2+ZT5A0HEFi/k3AF8=
1,20,iI5+p3/BCRjIJmPBc2AAViSSKso=,JypKIhQOJy2vc4/Re8IxHh+05Gw=
8,20,iI5+p3/BCRjIJmPBc2AAViSSKso=,Sv2pXzlBLs1R8qQp68ppKcudj6M=
4,16,iI5+p3/BCRjIJmPBc2AAViSSKso=,JypKIhQOJy2vc4/Re8IxHh+05Gw=
1,24,iI5+p3/BCRjIJmPBc2AAViSSKso=,kn8DWAfv7D2+ZT5A0HEFi/k3AF8=
2,24,iI5+p3/BCRjIJmPBc2AAViSSKso=,kn8DWAfv7D2+ZT5A0HEFi/k3AF8=
7,21,iI5+p3/BCRjIJmPBc2AAViSSKso=,JypKIhQOJy2vc4/Re8IxHh+05Gw=
0,24,iI5+p3/BCRjIJmPBc2AAViSSKso=,kn8DWAfv7D2+ZT5A0HEFi/k3AF8=
5,17,iI5+p3/BCRjIJmPBc2AAViSSKso=,JypKIhQOJy2vc4/Re8IxHh+05Gw=
0,21,iI5+p3/BCRjIJmPBc2AAViSSKso=,JypKIhQOJy2vc4/Re8IxHh+05Gw=
3,19,iI5+p3/BCRjIJmPBc2AAViSSKso=,JypKIhQOJy2vc4/Re8IxHh+05Gw=
8,17,iI5+p3/BCRjIJmPBc2AAViSSKso=,Sv2pXzlBLs1R8qQp68ppKcudj6M=
1,23,iI5+p3/BCRjIJmPBc2AAViSSKso=,JypKIhQOJy2vc4/Re8IxHh+05Gw=
0,22,iI5+p3/BCRjIJmPBc2AAViSSKso=,JypKIhQOJy2vc4/Re8IxHh+05Gw=
1,16,iI5+p3/BCRjIJmPBc2AAViSSKso=,JypKIhQOJy2vc4/Re8IxHh+05Gw=
15,31,iI5+p3/BCRjIJmPBc2AAViSSKso=,BwoTGvBy2yZ6QehI3T8L7umjCHI=
4,17,iI5+p3/BCRjIJmPBc2AAViSSKso=,JypKIhQOJy2vc4/Re8IxHh+05Gw=
2,19,iI5+p3/BCRjIJmPBc2AAViSSKso=,JypKIhQOJy2vc4/Re8IxHh+05Gw=
20,27,3PW3vL4QKPJA5ThZ5tbcPRN4XI4=,kKa4ZlOD2YTiLdepQKRljv2YT1M=
19,27,3PW3vL4QKPJA5ThZ5tbcPRN4XI4=,kKa4ZlOD2YTiLdepQKRljv2YT1M=
18,27,3PW3vL4QKPJA5ThZ5tbcPRN4XI4=,kKa4ZlOD2YTiLdepQKRljv2YT1M=
17,27,3PW3vL4QKPJA5ThZ5tbcPRN4XI4=,kKa4ZlOD2YTiLdepQKRljv2YT1M=
22,30,3PW3vL4QKPJA5ThZ5tbcPRN4XI4=,kKa4ZlOD2YTiLdepQKRljv2YT1M=
21,30,3PW3vL4QKPJA5ThZ5tbcPRN4XI4=,kKa4ZlOD2YTiLdepQKRljv2YT1M=
22,26,3PW3vL4QKPJA5ThZ5tbcPRN4XI4=,kKa4ZlOD2YTiLdepQKRljv2YT1M=
20,30,3PW3vL4QKPJA5ThZ5tbcPRN4XI4=,kKa4ZlOD2YTiLdepQKRljv2YT1M=
19,30,3PW3vL4QKPJA5ThZ5tbcPRN4XI4=,kKa4ZlOD2YTiLdepQKRljv2YT1M=
18,30,3PW3vL4QKPJA5ThZ5tbcPRN4XI4=,kKa4ZlOD2YTiLdepQKRljv2YT1M=
17,30,3PW3vL4QKPJA5ThZ5tbcPRN4XI4=,kKa4ZlOD2YTiLdepQKRljv2YT1M=
21,26,3PW3vL4QKPJA5ThZ5tbcPRN4XI4=,kKa4ZlOD2YTiLdepQKRljv2YT1M=
19,26,3PW3vL4QKPJA5ThZ5tbcPRN4XI4=,kKa4ZlOD2YTiLdepQKRljv2YT1M=
18,26,3PW3vL4QKPJA5ThZ5tbcPRN4XI4=,kKa4ZlOD2YTiLdepQKRljv2YT1M=
22,29,3PW3vL4QKPJA5ThZ5tbcPRN4XI4=,kKa4ZlOD2YTiLdepQKRljv2YT1M=
17,26,3PW3vL4QKPJA5ThZ5tbcPRN4XI4=,kKa4ZlOD2YTiLdepQKRljv2YT1M=
21,29,3PW3vL4QKPJA5ThZ5tbcPRN4XI4=,kKa4ZlOD2YTiLdepQKRljv2YT1M=
20,29,3PW3vL4QKPJA5ThZ5tbcPRN4XI4=,kKa4ZlOD2YTiLdepQKRljv2YT1M=
19,29,3PW3vL4QKPJA5ThZ5tbcPRN4XI4=,kKa4ZlOD2YTiLdepQKRljv2YT1M=
18,25,3PW3vL4QKPJA5ThZ5tbcPRN4XI4=,kKa4ZlOD2YTiLdepQKRljv2YT1M=
19,25,3PW3vL4QKPJA5ThZ5tbcPRN4XI4=,kKa4ZlOD2YTiLdepQKRljv2YT1M=
17,25,3PW3vL4QKPJA5ThZ5tbcPRN4XI4=,kKa4ZlOD2YTiLdepQKRljv2YT1M=
18,29,3PW3vL4QKPJA5ThZ5tbcPRN4XI4=,kKa4ZlOD2YTiLdepQKRljv2YT1M=
17,29,3PW3vL4QKPJA5ThZ5tbcPRN4XI4=,kKa4ZlOD2YTiLdepQKRljv2YT1M=
20,25,3PW3vL4QKPJA5ThZ5tbcPRN4XI4=,kKa4ZlOD2YTiLdepQKRljv2YT1M=
22,25,3PW3vL4QKPJA5ThZ5tbcPRN4XI4=,kKa4ZlOD2YTiLdepQKRljv2YT1M=
22,28,3PW3vL4QKPJA5ThZ5tbcPRN4XI4=,kKa4ZlOD2YTiLdepQKRljv2YT1M=
21,28,3PW3vL4QKPJA5ThZ5tbcPRN4XI4=,kKa4ZlOD2YTiLdepQKRljv2YT1M=
20,28,3PW3vL4QKPJA5ThZ5tbcPRN4XI4=,kKa4ZlOD2YTiLdepQKRljv2YT1M=
19,28,3PW3vL4QKPJA5ThZ5tbcPRN4XI4=,kKa4ZlOD2YTiLdepQKRljv2YT1M=
18,28,3PW3vL4QKPJA5ThZ5tbcPRN4XI4=,kKa4ZlOD2YTiLdepQKRljv2YT1M=
17,28,3PW3vL4QKPJA5ThZ5tbcPRN4XI4=,kKa4ZlOD2YTiLdepQKRljv2YT1M=
20,26,3PW3vL4QKPJA5ThZ5tbcPRN4XI4=,kKa4ZlOD2YTiLdepQKRljv2YT1M=
21,27,3PW3vL4QKPJA5ThZ5tbcPRN4XI4=,kKa4ZlOD2YTiLdepQKRljv2YT1M=
22,27,3PW3vL4QKPJA5ThZ5tbcPRN4XI4=,kKa4ZlOD2YTiLdepQKRljv2YT1M=
21,25,3PW3vL4QKPJA5ThZ5tbcPRN4XI4=,kKa4ZlOD2YTiLdepQKRljv2YT1M=
17,31,3PW3vL4QKPJA5ThZ5tbcPRN4XI4=,kKa4ZlOD2YTiLdepQKRljv2YT1M=
22,31,3PW3vL4QKPJA5ThZ5tbcPRN4XI4=,kKa4ZlOD2YTiLdepQKRljv2YT1M=
21,31,3PW3vL4QKPJA5ThZ5tbcPRN4XI4=,kKa4ZlOD2YTiLdepQKRljv2YT1M=
20,31,3PW3vL4QKPJA5ThZ5tbcPRN4XI4=,kKa4ZlOD2YTiLdepQKRljv2YT1M=
19,31,3PW3vL4QKPJA5ThZ5tbcPRN4XI4=,kKa4ZlOD2YTiLdepQKRljv2YT1M=
18,31,3PW3vL4QKPJA5ThZ5tbcPRN4XI4=,kKa4ZlOD2YTiLdepQKRljv2YT1M=
16,28,3PW3vL4QKPJA5ThZ5tbcPRN4XI4=,kKa4ZlOD2YTiLdepQKRljv2YT1M=
16,27,3PW3vL4QKPJA5ThZ5tbcPRN4XI4=,kKa4ZlOD2YTiLdepQKRljv2YT1M=
16,30,3PW3vL4QKPJA5ThZ5tbcPRN4XI4=,kKa4ZlOD2YTiLdepQKRljv2YT1M=
16,26,3PW3vL4QKPJA5ThZ5tbcPRN4XI4=,kKa4ZlOD2YTiLdepQKRljv2YT1M=
16,25,3PW3vL4QKPJA5ThZ5tbcPRN4XI4=,kKa4ZlOD2YTiLdepQKRljv2YT1M=
16,29,3PW3vL4QKPJA5ThZ5tbcPRN4XI4=,kKa4ZlOD2YTiLdepQKRljv2YT1M=
16,31,3PW3vL4QKPJA5ThZ5tbcPRN4XI4=,kKa4ZlOD2YTiLdepQKRljv2YT1M=
27,19,3bE6vGOzct2JINJlrSyzlfiXJMw=,5ATaExPK9sDDmIVu+pNYy3mHZDo=
26,19,3bE6vGOzct2JINJlrSyzlfiXJMw=,5ATaExPK9sDDmIVu+pNYy3mHZDo=
19,16,3bE6vGOzct2JINJlrSyzlfiXJMw=,MOaK0quwUNeWki04g0Gu2sfl6EU=
20,21,3bE6vGOzct2JINJlrSyzlfiXJMw=,MOaK0quwUNeWki04g0Gu2sfl6EU=
28,19,3bE6vGOzct2JINJlrSyzlfiXJMw=,5ATaExPK9sDDmIVu+pNYy3mHZDo=
23,17,3bE6vGOzct2JINJlrSyzlfiXJMw=,MOaK0quwUNeWki04g0Gu2sfl6EU=
22,17,3bE6vGOzct2JINJlrSyzlfiXJMw=,MOaK0quwUNeWki04g0Gu2sfl6EU=
31,18,3bE6vGOzct2JINJlrSyzlfiXJMw=,5ATaExPK9sDDmIVu+pNYy3mHZDo=
25,19,3bE6vGOzct2JINJlrSyzlfiXJMw=,5ATaExPK9sDDmIVu+pNYy3mHZDo=
21,20,3bE6vGOzct2JINJlrSyzlfiXJMw=,MOaK0quwUNeWki04g0Gu2sfl6EU=
29,19,3bE6vGOzct2JINJlrSyzlfiXJMw=,5ATaExPK9sDDmIVu+pNYy3mHZDo=
31,19,3bE6vGOzct2JINJlrSyzlfiXJMw=,5ATaExPK9sDDmIVu+pNYy3mHZDo=
30,19,3bE6vGOzct2JINJlrSyzlfiXJMw=,5ATaExPK9sDDmIVu+pNYy3mHZDo=
21,19,3bE6vGOzct2JINJlrSyzlfiXJMw=,MOaK0quwUNeWki04g0Gu2sfl6EU=
19,21,3bE6vGOzct2JINJlrSyzlfiXJMw=,MOaK0quwUNeWki04g0Gu2sfl6EU=
24,19,3bE6vGOzct2JINJlrSyzlfiXJMw=,5ATaExPK9sDDmIVu+pNYy3mHZDo=
16,18,3bE6vGOzct2JINJlrSyzlfiXJMw=,MOaK0quwUNeWki04g0Gu2sfl6EU=
25,20,3bE6vGOzct2JINJlrSyzlfiXJMw=,5ATaExPK9sDDmIVu+pNYy3mHZDo=
20,19,3bE6vGOzct2JINJlrSyzlfiXJMw=,MOaK0quwUNeWki04g0Gu2sfl6EU=
30,18,3bE6vGOzct2JINJlrSyzlfiXJMw=,5ATaExPK9sDDmIVu+pNYy3mHZDo=
21,17,3bE6vGOzct2JINJlrSyzlfiXJMw=,MOaK0quwUNeWki04g0Gu2sfl6EU=
21,21,3bE6vGOzct2JINJlrSyzlfiXJMw=,MOaK0quwUNeWki04g0Gu2sfl6EU=
18,21,3bE6vGOzct2JINJlrSyzlfiXJMw=,MOaK0quwUNeWki04g0Gu2sfl6EU=
20,17,3bE6vGOzct2JINJlrSyzlfiXJMw=,MOaK0quwUNeWki04g0Gu2sfl6EU=
18,17,3bE6vGOzct2JINJlrSyzlfiXJMw=,MOaK0quwUNeWki04g0Gu2sfl6EU=
24,17,3bE6vGOzct2JINJlrSyzlfiXJMw=,5ATaExPK9sDDmIVu+pNYy3mHZDo=
20,20,3bE6vGOzct2JINJlrSyzlfiXJMw=,MOaK0quwUNeWki04g0Gu2sfl6EU=
18,16,3bE6vGOzct2JINJlrSyzlfiXJMw=,MOaK0quwUNeWki04g0Gu2sfl6EU=
29,18,3bE6vGOzct2JINJlrSyzlfiXJMw=,5ATaExPK9sDDmIVu+pNYy3mHZDo=
19,17,3bE6vGOzct2JINJlrSyzlfiXJMw=,MOaK0quwUNeWki04g0Gu2sfl6EU=
16,16,3bE6vGOzct2JINJlrSyzlfiXJMw=,MOaK0quwUNeWki04g0Gu2sfl6EU=
19,19,3bE6vGOzct2JINJlrSyzlfiXJMw=,MOaK0quwUNeWki04g0Gu2sfl6EU=
28,18,3bE6vGOzct2JINJlrSyzlfiXJMw=,5ATaExPK9sDDmIVu+pNYy3mHZDo=
19,20,3bE6vGOzct2JINJlrSyzlfiXJMw=,MOaK0quwUNeWki04g0Gu2sfl6EU=
17,21,3bE6vGOzct2JINJlrSyzlfiXJMw=,MOaK0quwUNeWki04g0Gu2sfl6EU=
22,21,3bE6vGOzct2JINJlrSyzlfiXJMw=,MOaK0quwUNeWki04g0Gu2sfl6EU=
17,17,3bE6vGOzct2JINJlrSyzlfiXJMw=,MOaK0quwUNeWki04g0Gu2sfl6EU=
17,16,3bE6vGOzct2JINJlrSyzlfiXJMw=,MOaK0quwUNeWki04g0Gu2sfl6EU=
24,21,3bE6vGOzct2JINJlrSyzlfiXJMw=,5ATaExPK9sDDmIVu+pNYy3mHZDo=
16,17,3bE6vGOzct2JINJlrSyzlfiXJMw=,MOaK0quwUNeWki04g0Gu2sfl6EU=
24,18,3bE6vGOzct2JINJlrSyzlfiXJMw=,5ATaExPK9sDDmIVu+pNYy3mHZDo=
26,20,3bE6vGOzct2JINJlrSyzlfiXJMw=,5ATaExPK9sDDmIVu+pNYy3mHZDo=
23,21,3bE6vGOzct2JINJlrSyzlfiXJMw=,MOaK0quwUNeWki04g0Gu2sfl6EU=
22,16,3bE6vGOzct2JINJlrSyzlfiXJMw=,MOaK0quwUNeWki04g0Gu2sfl6EU=
23,18,3bE6vGOzct2JINJlrSyzlfiXJMw=,MOaK0quwUNeWki04g0Gu2sfl6EU=
24,16,3bE6vGOzct2JINJlrSyzlfiXJMw=,5ATaExPK9sDDmIVu+pNYy3mHZDo=
16,22,3bE6vGOzct2JINJlrSyzlfiXJMw=,MOaK0quwUNeWki04g0Gu2sfl6EU=
22,20,3bE6vGOzct2JINJlrSyzlfiXJMw=,MOaK0quwUNeWki04g0Gu2sfl6EU=
18,19,3bE6vGOzct2JINJlrSyzlfiXJMw=,MOaK0quwUNeWki04g0Gu2sfl6EU=
27,20,3bE6vGOzct2JINJlrSyzlfiXJMw=,5ATaExPK9sDDmIVu+pNYy3mHZDo=
23,16,3bE6vGOzct2JINJlrSyzlfiXJMw=,MOaK0quwUNeWki04g0Gu2sfl6EU=
27,18,3bE6vGOzct2JINJlrSyzlfiXJMw=,5ATaExPK9sDDmIVu+pNYy3mHZDo=
22,19,3bE6vGOzct2JINJlrSyzlfiXJMw=,MOaK0quwUNeWki04g0Gu2sfl6EU=
16,21,3bE6vGOzct2JINJlrSyzlfiXJMw=,MOaK0quwUNeWki04g0Gu2sfl6EU=
24,22,3bE6vGOzct2JINJlrSyzlfiXJMw=,5ATaExPK9sDDmIVu+pNYy3mHZDo=
21,16,3bE6vGOzct2JINJlrSyzlfiXJMw=,MOaK0quwUNeWki04g0Gu2sfl6EU=
20,16,3bE6vGOzct2JINJlrSyzlfiXJMw=,MOaK0quwUNeWki04g0Gu2sfl6EU=
21,24,3bE6vGOzct2JINJlrSyzlfiXJMw=,kKa4ZlOD2YTiLdepQKRljv2YT1M=
22,18,3bE6vGOzct2JINJlrSyzlfiXJMw=,MOaK0quwUNeWki04g0Gu2sfl6EU=
31,17,3bE6vGOzct2JINJlrSyzlfiXJMw=,5ATaExPK9sDDmIVu+pNYy3mHZDo=
28,20,3bE6vGOzct2JINJlrSyzlfiXJMw=,5ATaExPK9sDDmIVu+pNYy3mHZDo=
26,18,3bE6vGOzct2JINJlrSyzlfiXJMw=,5ATaExPK9sDDmIVu+pNYy3mHZDo=
22,24,3bE6vGOzct2JINJlrSyzlfiXJMw=,kKa4ZlOD2YTiLdepQKRljv2YT1M=
20,24,3bE6vGOzct2JINJlrSyzlfiXJMw=,kKa4ZlOD2YTiLdepQKRljv2YT1M=
18,24,3bE6vGOzct2JINJlrSyzlfiXJMw=,kKa4ZlOD2YTiLdepQKRljv2YT1M=
19,24,3bE6vGOzct2JINJlrSyzlfiXJMw=,kKa4ZlOD2YTiLdepQKRljv2YT1M=
16,24,3bE6vGOzct2JINJlrSyzlfiXJMw=,kKa4ZlOD2YTiLdepQKRljv2YT1M=
17,24,3bE6vGOzct2JINJlrSyzlfiXJMw=,kKa4ZlOD2YTiLdepQKRljv2YT1M=
18,20,3bE6vGOzct2JINJlrSyzlfiXJMw=,MOaK0quwUNeWki04g0Gu2sfl6EU=
20,18,3bE6vGOzct2JINJlrSyzlfiXJMw=,MOaK0quwUNeWki04g0Gu2sfl6EU=
21,18,3bE6vGOzct2JINJlrSyzlfiXJMw=,MOaK0quwUNeWki04g0Gu2sfl6EU=
22,23,3bE6vGOzct2JINJlrSyzlfiXJMw=,MOaK0quwUNeWki04g0Gu2sfl6EU=
31,22,3bE6vGOzct2JINJlrSyzlfiXJMw=,5ATaExPK9sDDmIVu+pNYy3mHZDo=
30,22,3bE6vGOzct2JINJlrSyzlfiXJMw=,5ATaExPK9sDDmIVu+pNYy3mHZDo=
30,17,3bE6vGOzct2JINJlrSyzlfiXJMw=,5ATaExPK9sDDmIVu+pNYy3mHZDo=
25,18,3bE6vGOzct2JINJlrSyzlfiXJMw=,5ATaExPK9sDDmIVu+pNYy3mHZDo=
24,20,3bE6vGOzct2JINJlrSyzlfiXJMw=,5ATaExPK9sDDmIVu+pNYy3mHZDo=
17,19,3bE6vGOzct2JINJlrSyzlfiXJMw=,MOaK0quwUNeWki04g0Gu2sfl6EU=
29,17,3bE6vGOzct2JINJlrSyzlfiXJMw=,5ATaExPK9sDDmIVu+pNYy3mHZDo=
29,22,3bE6vGOzct2JINJlrSyzlfiXJMw=,5ATaExPK9sDDmIVu+pNYy3mHZDo=
20,23,3bE6vGOzct2JINJlrSyzlfiXJMw=,MOaK0quwUNeWki04g0Gu2sfl6EU=
28,17,3bE6vGOzct2JINJlrSyzlfiXJMw=,5ATaExPK9sDDmIVu+pNYy3mHZDo=
19,18,3bE6vGOzct2JINJlrSyzlfiXJMw=,MOaK0quwUNeWki04g0Gu2sfl6EU=
21,23,3bE6vGOzct2JINJlrSyzlfiXJMw=,MOaK0quwUNeWki04g0Gu2sfl6EU=
29,20,3bE6vGOzct2JINJlrSyzlfiXJMw=,5ATaExPK9sDDmIVu+pNYy3mHZDo=
17,20,3bE6vGOzct2JINJlrSyzlfiXJMw=,MOaK0quwUNeWki04g0Gu2sfl6EU=
28,22,3bE6vGOzct2JINJlrSyzlfiXJMw=,5ATaExPK9sDDmIVu+pNYy3mHZDo=
30,20,3bE6vGOzct2JINJlrSyzlfiXJMw=,5ATaExPK9sDDmIVu+pNYy3mHZDo=
27,22,3bE6vGOzct2JINJlrSyzlfiXJMw=,5ATaExPK9sDDmIVu+pNYy3mHZDo=
17,18,3bE6vGOzct2JINJlrSyzlfiXJMw=,MOaK0quwUNeWki04g0Gu2sfl6EU=
19,23,3bE6vGOzct2JINJlrSyzlfiXJMw=,MOaK0quwUNeWki04g0Gu2sfl6EU=
26,22,3bE6vGOzct2JINJlrSyzlfiXJMw=,5ATaExPK9sDDmIVu+pNYy3mHZDo=
27,17,3bE6vGOzct2JINJlrSyzlfiXJMw=,5ATaExPK9sDDmIVu+pNYy3mHZDo=
25,22,3bE6vGOzct2JINJlrSyzlfiXJMw=,5ATaExPK9sDDmIVu+pNYy3mHZDo=
16,23,3bE6vGOzct2JINJlrSyzlfiXJMw=,MOaK0quwUNeWki04g0Gu2sfl6EU=
17,23,3bE6vGOzct2JINJlrSyzlfiXJMw=,MOaK0quwUNeWki04g0Gu2sfl6EU=
17,22,3bE6vGOzct2JINJlrSyzlfiXJMw=,MOaK0quwUNeWki04g0Gu2sfl6EU=
18,23,3bE6vGOzct2JINJlrSyzlfiXJMw=,MOaK0quwUNeWki04g0Gu2sfl6EU=
31,20,3bE6vGOzct2JINJlrSyzlfiXJMw=,5ATaExPK9sDDmIVu+pNYy3mHZDo=
23,19,3bE6vGOzct2JINJlrSyzlfiXJMw=,MOaK0quwUNeWki04g0Gu2sfl6EU=
16,20,3bE6vGOzct2JINJlrSyzlfiXJMw=,MOaK0quwUNeWki04g0Gu2sfl6EU=
23,22,3bE6vGOzct2JINJlrSyzlfiXJMw=,MOaK0quwUNeWki04g0Gu2sfl6EU=
26,17,3bE6vGOzct2JINJlrSyzlfiXJMw=,5ATaExPK9sDDmIVu+pNYy3mHZDo=
18,18,3bE6vGOzct2JINJlrSyzlfiXJMw=,MOaK0quwUNeWki04g0Gu2sfl6EU=
16,19,3bE6vGOzct2JINJlrSyzlfiXJMw=,MOaK0quwUNeWki04g0Gu2sfl6EU=
18,22,3bE6vGOzct2JINJlrSyzlfiXJMw=,MOaK0quwUNeWki04g0Gu2sfl6EU=
23,20,3bE6vGOzct2JINJlrSyzlfiXJMw=,MOaK0quwUNeWki04g0Gu2sfl6EU=
31,21,3bE6vGOzct2JINJlrSyzlfiXJMw=,5ATaExPK9sDDmIVu+pNYy3mHZDo=
22,22,3bE6vGOzct2JINJlrSyzlfiXJMw=,MOaK0quwUNeWki04g0Gu2sfl6EU=
30,21,3bE6vGOzct2JINJlrSyzlfiXJMw=,5ATaExPK9sDDmIVu+pNYy3mHZDo=
26,16,3bE6vGOzct2JINJlrSyzlfiXJMw=,5ATaExPK9sDDmIVu+pNYy3mHZDo=
27,16,3bE6vGOzct2JINJlrSyzlfiXJMw=,5ATaExPK9sDDmIVu+pNYy3mHZDo=
21,22,3bE6vGOzct2JINJlrSyzlfiXJMw=,MOaK0quwUNeWki04g0Gu2sfl6EU=
20,22,3bE6vGOzct2JINJlrSyzlfiXJMw=,MOaK0quwUNeWki04g0Gu2sfl6EU=
25,21,3bE6vGOzct2JINJlrSyzlfiXJMw=,5ATaExPK9sDDmIVu+pNYy3mHZDo=
28,16,3bE6vGOzct2JINJlrSyzlfiXJMw=,5ATaExPK9sDDmIVu+pNYy3mHZDo=
25,17,3bE6vGOzct2JINJlrSyzlfiXJMw=,5ATaExPK9sDDmIVu+pNYy3mHZDo=
29,21,3bE6vGOzct2JINJlrSyzlfiXJMw=,5ATaExPK9sDDmIVu+pNYy3mHZDo=
28,21,3bE6vGOzct2JINJlrSyzlfiXJMw=,5ATaExPK9sDDmIVu+pNYy3mHZDo=
31,16,3bE6vGOzct2JINJlrSyzlfiXJMw=,5ATaExPK9sDDmIVu+pNYy3mHZDo=
30,16,3bE6vGOzct2JINJlrSyzlfiXJMw=,5ATaExPK9sDDmIVu+pNYy3mHZDo=
29,16,3bE6vGOzct2JINJlrSyzlfiXJMw=,5ATaExPK9sDDmIVu+pNYy3mHZDo=
27,21,3bE6vGOzct2JINJlrSyzlfiXJMw=,5ATaExPK9sDDmIVu+pNYy3mHZDo=
19,22,3bE6vGOzct2JINJlrSyzlfiXJMw=,MOaK0quwUNeWki04g0Gu2sfl6EU=
26,21,3bE6vGOzct2JINJlrSyzlfiXJMw=,5ATaExPK9sDDmIVu+pNYy3mHZDo=
31,31,3bE6vGOzct2JINJlrSyzlfiXJMw=,OkqFQxXHjUBxdEc7Jaso8aBiz84=
29,23,3bE6vGOzct2JINJlrSyzlfiXJMw=,5ATaExPK9sDDmIVu+pNYy3mHZDo=
26,27,3bE6vGOzct2JINJlrSyzlfiXJMw=,OkqFQxXHjUBxdEc7Jaso8aBiz84=
27,31,3bE6vGOzct2JINJlrSyzlfiXJMw=,OkqFQxXHjUBxdEc7Jaso8aBiz84=
24,27,3bE6vGOzct2JINJlrSyzlfiXJMw=,OkqFQxXHjUBxdEc7Jaso8aBiz84=
27,23,3bE6vGOzct2JINJlrSyzlfiXJMw=,5ATaExPK9sDDmIVu+pNYy3mHZDo=
24,23,3bE6vGOzct2JINJlrSyzlfiXJMw=,5ATaExPK9sDDmIVu+pNYy3mHZDo=
24,31,3bE6vGOzct2JINJlrSyzlfiXJMw=,OkqFQxXHjUBxdEc7Jaso8aBiz84=
26,23,3bE6vGOzct2JINJlrSyzlfiXJMw=,5ATaExPK9sDDmIVu+pNYy3mHZDo=
23,26,3bE6vGOzct2JINJlrSyzlfiXJMw=,kKa4ZlOD2YTiLdepQKRljv2YT1M=
31,26,3bE6vGOzct2JINJlrSyzlfiXJMw=,OkqFQxXHjUBxdEc7Jaso8aBiz84=
30,23,3bE6vGOzct2JINJlrSyzlfiXJMw=,5ATaExPK9sDDmIVu+pNYy3mHZDo=
25,23,3bE6vGOzct2JINJlrSyzlfiXJMw=,5ATaExPK9sDDmIVu+pNYy3mHZDo=
25,27,3bE6vGOzct2JINJlrSyzlfiXJMw=,OkqFQxXHjUBxdEc7Jaso8aBiz84=
25,26,3bE6vGOzct2JINJlrSyzlfiXJMw=,OkqFQxXHjUBxdEc7Jaso8aBiz84=
29,26,3bE6vGOzct2JINJlrSyzlfiXJMw=,OkqFQxXHjUBxdEc7Jaso8aBiz84=
30,30,3bE6vGOzct2JINJlrSyzlfiXJMw=,OkqFQxXHjUBxdEc7Jaso8aBiz84=
28,26,3bE6vGOzct2JINJlrSyzlfiXJMw=,OkqFQxXHjUBxdEc7Jaso8aBiz84=
27,27,3bE6vGOzct2JINJlrSyzlfiXJMw=,OkqFQxXHjUBxdEc7Jaso8aBiz84=
29,30,3bE6vGOzct2JINJlrSyzlfiXJMw=,OkqFQxXHjUBxdEc7Jaso8aBiz84=
27,26,3bE6vGOzct2JINJlrSyzlfiXJMw=,OkqFQxXHjUBxdEc7Jaso8aBiz84=
24,26,3bE6vGOzct2JINJlrSyzlfiXJMw=,OkqFQxXHjUBxdEc7Jaso8aBiz84=
28,31,3bE6vGOzct2JINJlrSyzlfiXJMw=,OkqFQxXHjUBxdEc7Jaso8aBiz84=
31,25,3bE6vGOzct2JINJlrSyzlfiXJMw=,OkqFQxXHjUBxdEc7Jaso8aBiz84=
30,25,3bE6vGOzct2JINJlrSyzlfiXJMw=,OkqFQxXHjUBxdEc7Jaso8aBiz84=
23,30,3bE6vGOzct2JINJlrSyzlfiXJMw=,kKa4ZlOD2YTiLdepQKRljv2YT1M=
29,25,3bE6vGOzct2JINJlrSyzlfiXJMw=,OkqFQxXHjUBxdEc7Jaso8aBiz84=
28,23,3bE6vGOzct2JINJlrSyzlfiXJMw=,5ATaExPK9sDDmIVu+pNYy3mHZDo=
27,25,3bE6vGOzct2JINJlrSyzlfiXJMw=,OkqFQxXHjUBxdEc7Jaso8aBiz84=
30,24,3bE6vGOzct2JINJlrSyzlfiXJMw=,OkqFQxXHjUBxdEc7Jaso8aBiz84=
31,24,3bE6vGOzct2JINJlrSyzlfiXJMw=,OkqFQxXHjUBxdEc7Jaso8aBiz84=
24,30,3bE6vGOzct2JINJlrSyzlfiXJMw=,OkqFQxXHjUBxdEc7Jaso8aBiz84=
29,24,3bE6vGOzct2JINJlrSyzlfiXJMw=,OkqFQxXHjUBxdEc7Jaso8aBiz84=
25,31,3bE6vGOzct2JINJlrSyzlfiXJMw=,OkqFQxXHjUBxdEc7Jaso8aBiz84=
30,26,3bE6vGOzct2JINJlrSyzlfiXJMw=,OkqFQxXHjUBxdEc7Jaso8aBiz84=
25,30,3bE6vGOzct2JINJlrSyzlfiXJMw=,OkqFQxXHjUBxdEc7Jaso8aBiz84=
28,24,3bE6vGOzct2JINJlrSyzlfiXJMw=,OkqFQxXHjUBxdEc7Jaso8aBiz84=
28,30,3bE6vGOzct2JINJlrSyzlfiXJMw=,OkqFQxXHjUBxdEc7Jaso8aBiz84=
29,29,3bE6vGOzct2JINJlrSyzlfiXJMw=,OkqFQxXHjUBxdEc7Jaso8aBiz84=
30,29,3bE6vGOzct2JINJlrSyzlfiXJMw=,OkqFQxXHjUBxdEc7Jaso8aBiz84=
31,29,3bE6vGOzct2JINJlrSyzlfiXJMw=,OkqFQxXHjUBxdEc7Jaso8aBiz84=
27,24,3bE6vGOzct2JINJlrSyzlfiXJMw=,OkqFQxXHjUBxdEc7Jaso8aBiz84=
23,31,3bE6vGOzct2JINJlrSyzlfiXJMw=,kKa4ZlOD2YTiLdepQKRljv2YT1M=
25,24,3bE6vGOzct2JINJlrSyzlfiXJMw=,OkqFQxXHjUBxdEc7Jaso8aBiz84=
23,29,3bE6vGOzct2JINJlrSyzlfiXJMw=,kKa4ZlOD2YTiLdepQKRljv2YT1M=
26,24,3bE6vGOzct2JINJlrSyzlfiXJMw=,OkqFQxXHjUBxdEc7Jaso8aBiz84=
26,25,3bE6vGOzct2JINJlrSyzlfiXJMw=,OkqFQxXHjUBxdEc7Jaso8aBiz84=
28,25,3bE6vGOzct2JINJlrSyzlfiXJMw=,OkqFQxXHjUBxdEc7Jaso8aBiz84=
24,29,3bE6vGOzct2JINJlrSyzlfiXJMw=,OkqFQxXHjUBxdEc7Jaso8aBiz84=
25,29,3bE6vGOzct2JINJlrSyzlfiXJMw=,OkqFQxXHjUBxdEc7Jaso8aBiz84=
26,31,3bE6vGOzct2JINJlrSyzlfiXJMw=,OkqFQxXHjUBxdEc7Jaso8aBiz84=
26,26,3bE6vGOzct2JINJlrSyzlfiXJMw=,OkqFQxXHjUBxdEc7Jaso8aBiz84=
29,28,3bE6vGOzct2JINJlrSyzlfiXJMw=,OkqFQxXHjUBxdEc7Jaso8aBiz84=
25,25,3bE6vGOzct2JINJlrSyzlfiXJMw=,OkqFQxXHjUBxdEc7Jaso8aBiz84=
27,30,3bE6vGOzct2JINJlrSyzlfiXJMw=,OkqFQxXHjUBxdEc7Jaso8aBiz84=
25,28,3bE6vGOzct2JINJlrSyzlfiXJMw=,OkqFQxXHjUBxdEc7Jaso8aBiz84=
24,25,3bE6vGOzct2JINJlrSyzlfiXJMw=,OkqFQxXHjUBxdEc7Jaso8aBiz84=
24,24,3bE6vGOzct2JINJlrSyzlfiXJMw=,OkqFQxXHjUBxdEc7Jaso8aBiz84=
26,30,3bE6vGOzct2JINJlrSyzlfiXJMw=,OkqFQxXHjUBxdEc7Jaso8aBiz84=
31,23,3bE6vGOzct2JINJlrSyzlfiXJMw=,5ATaExPK9sDDmIVu+pNYy3mHZDo=
28,28,3bE6vGOzct2JINJlrSyzlfiXJMw=,OkqFQxXHjUBxdEc7Jaso8aBiz84=
23,23,3bE6vGOzct2JINJlrSyzlfiXJMw=,MOaK0quwUNeWki04g0Gu2sfl6EU=
23,28,3bE6vGOzct2JINJlrSyzlfiXJMw=,kKa4ZlOD2YTiLdepQKRljv2YT1M=
31,30,3bE6vGOzct2JINJlrSyzlfiXJMw=,OkqFQxXHjUBxdEc7Jaso8aBiz84=
31,27,3bE6vGOzct2JINJlrSyzlfiXJMw=,OkqFQxXHjUBxdEc7Jaso8aBiz84=
26,29,3bE6vGOzct2JINJlrSyzlfiXJMw=,OkqFQxXHjUBxdEc7Jaso8aBiz84=
29,31,3bE6vGOzct2JINJlrSyzlfiXJMw=,OkqFQxXHjUBxdEc7Jaso8aBiz84=
23,24,3bE6vGOzct2JINJlrSyzlfiXJMw=,kKa4ZlOD2YTiLdepQKRljv2YT1M=
28,29,3bE6vGOzct2JINJlrSyzlfiXJMw=,OkqFQxXHjUBxdEc7Jaso8aBiz84=
27,29,3bE6vGOzct2JINJlrSyzlfiXJMw=,OkqFQxXHjUBxdEc7Jaso8aBiz84=
29,27,3bE6vGOzct2JINJlrSyzlfiXJMw=,OkqFQxXHjUBxdEc7Jaso8aBiz84=
23,27,3bE6vGOzct2JINJlrSyzlfiXJMw=,kKa4ZlOD2YTiLdepQKRljv2YT1M=
26,28,3bE6vGOzct2JINJlrSyzlfiXJMw=,OkqFQxXHjUBxdEc7Jaso8aBiz84=
30,31,3bE6vGOzct2JINJlrSyzlfiXJMw=,OkqFQxXHjUBxdEc7Jaso8aBiz84=
24,28,3bE6vGOzct2JINJlrSyzlfiXJMw=,OkqFQxXHjUBxdEc7Jaso8aBiz84=
28,27,3bE6vGOzct2JINJlrSyzlfiXJMw=,OkqFQxXHjUBxdEc7Jaso8aBiz84=
27,28,3bE6vGOzct2JINJlrSyzlfiXJMw=,OkqFQxXHjUBxdEc7Jaso8aBiz84=
23,25,3bE6vGOzct2JINJlrSyzlfiXJMw=,kKa4ZlOD2YTiLdepQKRljv2YT1M=
30,28,3bE6vGOzct2JINJlrSyzlfiXJMw=,OkqFQxXHjUBxdEc7Jaso8aBiz84=
31,28,3bE6vGOzct2JINJlrSyzlfiXJMw=,OkqFQxXHjUBxdEc7Jaso8aBiz84=
30,27,3bE6vGOzct2JINJlrSyzlfiXJMw=,OkqFQxXHjUBxdEc7Jaso8aBiz84=
25,16,3bE6vGOzct2JINJlrSyzlfiXJMw=,5ATaExPK9sDDmIVu+pNYy3mHZDo=
29,12,1S91QPr7EIdPgNk8p8GKiqneq0A=,XJ1k+iG5LRMAOGpwzby157F2cas=
30,12,1S91QPr7EIdPgNk8p8GKiqneq0A=,XJ1k+iG5LRMAOGpwzby157F2cas=
25,13,1S91QPr7EIdPgNk8p8GKiqneq0A=,XJ1k+iG5LRMAOGpwzby157F2cas=
26,13,1S91QPr7EIdPgNk8p8GKiqneq0A=,XJ1k+iG5LRMAOGpwzby157F2cas=
27,13,1S91QPr7EIdPgNk8p8GKiqneq0A=,XJ1k+iG5LRMAOGpwzby157F2cas=
28,13,1S91QPr7EIdPgNk8p8GKiqneq0A=,XJ1k+iG5LRMAOGpwzby157F2cas=
29,13,1S91QPr7EIdPgNk8p8GKiqneq0A=,XJ1k+iG5LRMAOGpwzby157F2cas=
30,13,1S91QPr7EIdPgNk8p8GKiqneq0A=,XJ1k+iG5LRMAOGpwzby157F2cas=
30,2,1S91QPr7EIdPgNk8p8GKiqneq0A=,wGE/KAaIS4poybujORZyPtSotBA=
25,3,1S91QPr7EIdPgNk8p8GKiqneq0A=,wGE/KAaIS4poybujORZyPtSotBA=
26,3,1S91QPr7EIdPgNk8p8GKiqneq0A=,wGE/KAaIS4poybujORZyPtSotBA=
27,3,1S91QPr7EIdPgNk8p8GKiqneq0A=,wGE/KAaIS4poybujORZyPtSotBA=
28,3,1S91QPr7EIdPgNk8p8GKiqneq0A=,wGE/KAaIS4poybujORZyPtSotBA=
29,3,1S91QPr7EIdPgNk8p8GKiqneq0A=,wGE/KAaIS4poybujORZyPtSotBA=
30,3,1S91QPr7EIdPgNk8p8GKiqneq0A=,wGE/KAaIS4poybujORZyPtSotBA=
25,4,1S91QPr7EIdPgNk8p8GKiqneq0A=,wGE/KAaIS4poybujORZyPtSotBA=
26,4,1S91QPr7EIdPgNk8p8GKiqneq0A=,wGE/KAaIS4poybujORZyPtSotBA=
27,4,1S91QPr7EIdPgNk8p8GKiqneq0A=,wGE/KAaIS4poybujORZyPtSotBA=
28,4,1S91QPr7EIdPgNk8p8GKiqneq0A=,wGE/KAaIS4poybujORZyPtSotBA=
29,4,1S91QPr7EIdPgNk8p8GKiqneq0A=,wGE/KAaIS4poybujORZyPtSotBA=
30,4,1S91QPr7EIdPgNk8p8GKiqneq0A=,wGE/KAaIS4poybujORZyPtSotBA=
25,5,1S91QPr7EIdPgNk8p8GKiqneq0A=,wGE/KAaIS4poybujORZyPtSotBA=
26,5,1S91QPr7EIdPgNk8p8GKiqneq0A=,wGE/KAaIS4poybujORZyPtSotBA=
27,5,1S91QPr7EIdPgNk8p8GKiqneq0A=,wGE/KAaIS4poybujORZyPtSotBA=
28,5,1S91QPr7EIdPgNk8p8GKiqneq0A=,wGE/KAaIS4poybujORZyPtSotBA=
29,5,1S91QPr7EIdPgNk8p8GKiqneq0A=,wGE/KAaIS4poybujORZyPtSotBA=
30,5,1S91QPr7EIdPgNk8p8GKiqneq0A=,wGE/KAaIS4poybujORZyPtSotBA=
25,8,1S91QPr7EIdPgNk8p8GKiqneq0A=,XJ1k+iG5LRMAOGpwzby157F2cas=
25,6,1S91QPr7EIdPgNk8p8GKiqneq0A=,wGE/KAaIS4poybujORZyPtSotBA=
26,8,1S91QPr7EIdPgNk8p8GKiqneq0A=,XJ1k+iG5LRMAOGpwzby157F2cas=
27,8,1S91QPr7EIdPgNk8p8GKiqneq0A=,XJ1k+iG5LRMAOGpwzby157F2cas=
26,6,1S91QPr7EIdPgNk8p8GKiqneq0A=,wGE/KAaIS4poybujORZyPtSotBA=
28,8,1S91QPr7EIdPgNk8p8GKiqneq0A=,XJ1k+iG5LRMAOGpwzby157F2cas=
29,8,1S91QPr7EIdPgNk8p8GKiqneq0A=,XJ1k+iG5LRMAOGpwzby157F2cas=
30,8,1S91QPr7EIdPgNk8p8GKiqneq0A=,XJ1k+iG5LRMAOGpwzby157F2cas=
27,6,1S91QPr7EIdPgNk8p8GKiqneq0A=,wGE/KAaIS4poybujORZyPtSotBA=
28,6,1S91QPr7EIdPgNk8p8GKiqneq0A=,wGE/KAaIS4poybujORZyPtSotBA=
29,6,1S91QPr7EIdPgNk8p8GKiqneq0A=,wGE/KAaIS4poybujORZyPtSotBA=
30,6,1S91QPr7EIdPgNk8p8GKiqneq0A=,wGE/KAaIS4poybujORZyPtSotBA=
25,1,1S91QPr7EIdPgNk8p8GKiqneq0A=,wGE/KAaIS4poybujORZyPtSotBA=
26,1,1S91QPr7EIdPgNk8p8GKiqneq0A=,wGE/KAaIS4poybujORZyPtSotBA=
27,1,1S91QPr7EIdPgNk8p8GKiqneq0A=,wGE/KAaIS4poybujORZyPtSotBA=
28,1,1S91QPr7EIdPgNk8p8GKiqneq0A=,wGE/KAaIS4poybujORZyPtSotBA=
29,1,1S91QPr7EIdPgNk8p8GKiqneq0A=,wGE/KAaIS4poybujORZyPtSotBA=
30,1,1S91QPr7EIdPgNk8p8GKiqneq0A=,wGE/KAaIS4poybujORZyPtSotBA=
25,7,1S91QPr7EIdPgNk8p8GKiqneq0A=,wGE/KAaIS4poybujORZyPtSotBA=
26,7,1S91QPr7EIdPgNk8p8GKiqneq0A=,wGE/KAaIS4poybujORZyPtSotBA=
25,2,1S91QPr7EIdPgNk8p8GKiqneq0A=,wGE/KAaIS4poybujORZyPtSotBA=
27,7,1S91QPr7EIdPgNk8p8GKiqneq0A=,wGE/KAaIS4poybujORZyPtSotBA=
28,7,1S91QPr7EIdPgNk8p8GKiqneq0A=,wGE/KAaIS4poybujORZyPtSotBA=
26,2,1S91QPr7EIdPgNk8p8GKiqneq0A=,wGE/KAaIS4poybujORZyPtSotBA=
27,2,1S91QPr7EIdPgNk8p8GKiqneq0A=,wGE/KAaIS4poybujORZyPtSotBA=
29,7,1S91QPr7EIdPgNk8p8GKiqneq0A=,wGE/KAaIS4poybujORZyPtSotBA=
28,2,1S91QPr7EIdPgNk8p8GKiqneq0A=,wGE/KAaIS4poybujORZyPtSotBA=
30,7,1S91QPr7EIdPgNk8p8GKiqneq0A=,wGE/KAaIS4poybujORZyPtSotBA=
29,2,1S91QPr7EIdPgNk8p8GKiqneq0A=,wGE/KAaIS4poybujORZyPtSotBA=
28,12,1S91QPr7EIdPgNk8p8GKiqneq0A=,XJ1k+iG5LRMAOGpwzby157F2cas=
27,12,1S91QPr7EIdPgNk8p8GKiqneq0A=,XJ1k+iG5LRMAOGpwzby157F2cas=
26,12,1S91QPr7EIdPgNk8p8GKiqneq0A=,XJ1k+iG5LRMAOGpwzby157F2cas=
25,12,1S91QPr7EIdPgNk8p8GKiqneq0A=,XJ1k+iG5LRMAOGpwzby157F2cas=
30,11,1S91QPr7EIdPgNk8p8GKiqneq0A=,XJ1k+iG5LRMAOGpwzby157F2cas=
29,11,1S91QPr7EIdPgNk8p8GKiqneq0A=,XJ1k+iG5LRMAOGpwzby157F2cas=
28,11,1S91QPr7EIdPgNk8p8GKiqneq0A=,XJ1k+iG5LRMAOGpwzby157F2cas=
25,14,1S91QPr7EIdPgNk8p8GKiqneq0A=,XJ1k+iG5LRMAOGpwzby157F2cas=
26,14,1S91QPr7EIdPgNk8p8GKiqneq0A=,XJ1k+iG5LRMAOGpwzby157F2cas=
27,14,1S91QPr7EIdPgNk8p8GKiqneq0A=,XJ1k+iG5LRMAOGpwzby157F2cas=
28,14,1S91QPr7EIdPgNk8p8GKiqneq0A=,XJ1k+iG5LRMAOGpwzby157F2cas=
29,14,1S91QPr7EIdPgNk8p8GKiqneq0A=,XJ1k+iG5LRMAOGpwzby157F2cas=
30,14,1S91QPr7EIdPgNk8p8GKiqneq0A=,XJ1k+iG5LRMAOGpwzby157F2cas=
25,9,1S91QPr7EIdPgNk8p8GKiqneq0A=,XJ1k+iG5LRMAOGpwzby157F2cas=
26,9,1S91QPr7EIdPgNk8p8GKiqneq0A=,XJ1k+iG5LRMAOGpwzby157F2cas=
27,9,1S91QPr7EIdPgNk8p8GKiqneq0A=,XJ1k+iG5LRMAOGpwzby157F2cas=
28,9,1S91QPr7EIdPgNk8p8GKiqneq0A=,XJ1k+iG5LRMAOGpwzby157F2cas=
29,9,1S91QPr7EIdPgNk8p8GKiqneq0A=,XJ1k+iG5LRMAOGpwzby157F2cas=
30,9,1S91QPr7EIdPgNk8p8GKiqneq0A=,XJ1k+iG5LRMAOGpwzby157F2cas=
25,10,1S91QPr7EIdPgNk8p8GKiqneq0A=,XJ1k+iG5LRMAOGpwzby157F2cas=
26,10,1S91QPr7EIdPgNk8p8GKiqneq0A=,XJ1k+iG5LRMAOGpwzby157F2cas=
27,10,1S91QPr7EIdPgNk8p8GKiqneq0A=,XJ1k+iG5LRMAOGpwzby157F2cas=
28,10,1S91QPr7EIdPgNk8p8GKiqneq0A=,XJ1k+iG5LRMAOGpwzby157F2cas=
29,10,1S91QPr7EIdPgNk8p8GKiqneq0A=,XJ1k+iG5LRMAOGpwzby157F2cas=
30,10,1S91QPr7EIdPgNk8p8GKiqneq0A=,XJ1k+iG5LRMAOGpwzby157F2cas=
25,11,1S91QPr7EIdPgNk8p8GKiqneq0A=,XJ1k+iG5LRMAOGpwzby157F2cas=
26,11,1S91QPr7EIdPgNk8p8GKiqneq0A=,XJ1k+iG5LRMAOGpwzby157F2cas=
27,11,1S91QPr7EIdPgNk8p8GKiqneq0A=,XJ1k+iG5LRMAOGpwzby157F2cas=
31,2,1S91QPr7EIdPgNk8p8GKiqneq0A=,wGE/KAaIS4poybujORZyPtSotBA=
31,3,1S91QPr7EIdPgNk8p8GKiqneq0A=,wGE/KAaIS4poybujORZyPtSotBA=
31,1,1S91QPr7EIdPgNk8p8GKiqneq0A=,wGE/KAaIS4poybujORZyPtSotBA=
31,6,1S91QPr7EIdPgNk8p8GKiqneq0A=,wGE/KAaIS4poybujORZyPtSotBA=
31,5,1S91QPr7EIdPgNk8p8GKiqneq0A=,wGE/KAaIS4poybujORZyPtSotBA=
31,4,1S91QPr7EIdPgNk8p8GKiqneq0A=,wGE/KAaIS4poybujORZyPtSotBA=
25,0,1S91QPr7EIdPgNk8p8GKiqneq0A=,wGE/KAaIS4poybujORZyPtSotBA=
30,0,om8dmla34tFci/IGHaY+oaIzmsU=,wGE/KAaIS4poybujORZyPtSotBA=
26,0,om8dmla34tFci/IGHaY+oaIzmsU=,wGE/KAaIS4poybujORZyPtSotBA=
28,0,om8dmla34tFci/IGHaY+oaIzmsU=,wGE/KAaIS4poybujORZyPtSotBA=
29,0,om8dmla34tFci/IGHaY+oaIzmsU=,wGE/KAaIS4poybujORZyPtSotBA=
27,0,om8dmla34tFci/IGHaY+oaIzmsU=,wGE/KAaIS4poybujORZyPtSotBA=
30,15,om8dmla34tFci/IGHaY+oaIzmsU=,XJ1k+iG5LRMAOGpwzby157F2cas=
29,15,om8dmla34tFci/IGHaY+oaIzmsU=,XJ1k+iG5LRMAOGpwzby157F2cas=
28,15,om8dmla34tFci/IGHaY+oaIzmsU=,XJ1k+iG5LRMAOGpwzby157F2cas=
27,15,om8dmla34tFci/IGHaY+oaIzmsU=,XJ1k+iG5LRMAOGpwzby157F2cas=
26,15,om8dmla34tFci/IGHaY+oaIzmsU=,XJ1k+iG5LRMAOGpwzby157F2cas=
25,15,om8dmla34tFci/IGHaY+oaIzmsU=,XJ1k+iG5LRMAOGpwzby157F2cas=
23,5,om8dmla34tFci/IGHaY+oaIzmsU=,9IhomfJmNmcdcdSPgIj3dYqTX60=
19,2,om8dmla34tFci/IGHaY+oaIzmsU=,9IhomfJmNmcdcdSPgIj3dYqTX60=
19,0,om8dmla34tFci/IGHaY+oaIzmsU=,9IhomfJmNmcdcdSPgIj3dYqTX60=
22,5,om8dmla34tFci/IGHaY+oaIzmsU=,9IhomfJmNmcdcdSPgIj3dYqTX60=
23,1,om8dmla34tFci/IGHaY+oaIzmsU=,9IhomfJmNmcdcdSPgIj3dYqTX60=
16,2,om8dmla34tFci/IGHaY+oaIzmsU=,9IhomfJmNmcdcdSPgIj3dYqTX60=
19,1,om8dmla34tFci/IGHaY+oaIzmsU=,9IhomfJmNmcdcdSPgIj3dYqTX60=
18,2,om8dmla34tFci/IGHaY+oaIzmsU=,9IhomfJmNmcdcdSPgIj3dYqTX60=
17,2,om8dmla34tFci/IGHaY+oaIzmsU=,9IhomfJmNmcdcdSPgIj3dYqTX60=
22,6,om8dmla34tFci/IGHaY+oaIzmsU=,9IhomfJmNmcdcdSPgIj3dYqTX60=
17,5,om8dmla34tFci/IGHaY+oaIzmsU=,9IhomfJmNmcdcdSPgIj3dYqTX60=
20,5,om8dmla34tFci/IGHaY+oaIzmsU=,9IhomfJmNmcdcdSPgIj3dYqTX60=
19,5,om8dmla34tFci/IGHaY+oaIzmsU=,9IhomfJmNmcdcdSPgIj3dYqTX60=
21,6,om8dmla34tFci/IGHaY+oaIzmsU=,9IhomfJmNmcdcdSPgIj3dYqTX60=
18,5,om8dmla34tFci/IGHaY+oaIzmsU=,9IhomfJmNmcdcdSPgIj3dYqTX60=
24,2,om8dmla34tFci/IGHaY+oaIzmsU=,wGE/KAaIS4poybujORZyPtSotBA=
23,4,om8dmla34tFci/IGHaY+oaIzmsU=,9IhomfJmNmcdcdSPgIj3dYqTX60=
22,4,om8dmla34tFci/IGHaY+oaIzmsU=,9IhomfJmNmcdcdSPgIj3dYqTX60=
21,5,om8dmla34tFci/IGHaY+oaIzmsU=,9IhomfJmNmcdcdSPgIj3dYqTX60=
20,6,om8dmla34tFci/IGHaY+oaIzmsU=,9IhomfJmNmcdcdSPgIj3dYqTX60=
22,1,om8dmla34tFci/IGHaY+oaIzmsU=,9IhomfJmNmcdcdSPgIj3dYqTX60=
24,1,om8dmla34tFci/IGHaY+oaIzmsU=,wGE/KAaIS4poybujORZyPtSotBA=
19,6,om8dmla34tFci/IGHaY+oaIzmsU=,9IhomfJmNmcdcdSPgIj3dYqTX60=
21,4,om8dmla34tFci/IGHaY+oaIzmsU=,9IhomfJmNmcdcdSPgIj3dYqTX60=
16,5,om8dmla34tFci/IGHaY+oaIzmsU=,9IhomfJmNmcdcdSPgIj3dYqTX60=
24,0,om8dmla34tFci/IGHaY+oaIzmsU=,wGE/KAaIS4poybujORZyPtSotBA=
20,4,om8dmla34tFci/IGHaY+oaIzmsU=,9IhomfJmNmcdcdSPgIj3dYqTX60=
24,6,om8dmla34tFci/IGHaY+oaIzmsU=,wGE/KAaIS4poybujORZyPtSotBA=
17,4,om8dmla34tFci/IGHaY+oaIzmsU=,9IhomfJmNmcdcdSPgIj3dYqTX60=
16,4,om8dmla34tFci/IGHaY+oaIzmsU=,9IhomfJmNmcdcdSPgIj3dYqTX60=
18,0,om8dmla34tFci/IGHaY+oaIzmsU=,9IhomfJmNmcdcdSPgIj3dYqTX60=
18,6,om8dmla34tFci/IGHaY+oaIzmsU=,9IhomfJmNmcdcdSPgIj3dYqTX60=
20,1,om8dmla34tFci/IGHaY+oaIzmsU=,9IhomfJmNmcdcdSPgIj3dYqTX60=
19,4,om8dmla34tFci/IGHaY+oaIzmsU=,9IhomfJmNmcdcdSPgIj3dYqTX60=
21,3,om8dmla34tFci/IGHaY+oaIzmsU=,9IhomfJmNmcdcdSPgIj3dYqTX60=
17,6,om8dmla34tFci/IGHaY+oaIzmsU=,9IhomfJmNmcdcdSPgIj3dYqTX60=
24,5,om8dmla34tFci/IGHaY+oaIzmsU=,wGE/KAaIS4poybujORZyPtSotBA=
18,3,om8dmla34tFci/IGHaY+oaIzmsU=,9IhomfJmNmcdcdSPgIj3dYqTX60=
18,1,om8dmla34tFci/IGHaY+oaIzmsU=,9IhomfJmNmcdcdSPgIj3dYqTX60=
16,3,om8dmla34tFci/IGHaY+oaIzmsU=,9IhomfJmNmcdcdSPgIj3dYqTX60=
22,0,om8dmla34tFci/IGHaY+oaIzmsU=,9IhomfJmNmcdcdSPgIj3dYqTX60=
18,4,om8dmla34tFci/IGHaY+oaIzmsU=,9IhomfJmNmcdcdSPgIj3dYqTX60=
20,3,om8dmla34tFci/IGHaY+oaIzmsU=,9IhomfJmNmcdcdSPgIj3dYqTX60=
23,0,om8dmla34tFci/IGHaY+oaIzmsU=,9IhomfJmNmcdcdSPgIj3dYqTX60=
24,4,om8dmla34tFci/IGHaY+oaIzmsU=,wGE/KAaIS4poybujORZyPtSotBA=
16,6,om8dmla34tFci/IGHaY+oaIzmsU=,9IhomfJmNmcdcdSPgIj3dYqTX60=
21,0,om8dmla34tFci/IGHaY+oaIzmsU=,9IhomfJmNmcdcdSPgIj3dYqTX60=
20,0,om8dmla34tFci/IGHaY+oaIzmsU=,9IhomfJmNmcdcdSPgIj3dYqTX60=
24,3,om8dmla34tFci/IGHaY+oaIzmsU=,wGE/KAaIS4poybujORZyPtSotBA=
22,2,om8dmla34tFci/IGHaY+oaIzmsU=,9IhomfJmNmcdcdSPgIj3dYqTX60=
23,6,om8dmla34tFci/IGHaY+oaIzmsU=,9IhomfJmNmcdcdSPgIj3dYqTX60=
21,1,om8dmla34tFci/IGHaY+oaIzmsU=,9IhomfJmNmcdcdSPgIj3dYqTX60=
21,2,om8dmla34tFci/IGHaY+oaIzmsU=,9IhomfJmNmcdcdSPgIj3dYqTX60=
17,3,om8dmla34tFci/IGHaY+oaIzmsU=,9IhomfJmNmcdcdSPgIj3dYqTX60=
22,3,om8dmla34tFci/IGHaY+oaIzmsU=,9IhomfJmNmcdcdSPgIj3dYqTX60=
19,3,om8dmla34tFci/IGHaY+oaIzmsU=,9IhomfJmNmcdcdSPgIj3dYqTX60=
17,1,om8dmla34tFci/IGHaY+oaIzmsU=,9IhomfJmNmcdcdSPgIj3dYqTX60=
20,2,om8dmla34tFci/IGHaY+oaIzmsU=,9IhomfJmNmcdcdSPgIj3dYqTX60=
16,1,om8dmla34tFci/IGHaY+oaIzmsU=,9IhomfJmNmcdcdSPgIj3dYqTX60=
23,2,om8dmla34tFci/IGHaY+oaIzmsU=,9IhomfJmNmcdcdSPgIj3dYqTX60=
23,3,om8dmla34tFci/IGHaY+oaIzmsU=,9IhomfJmNmcdcdSPgIj3dYqTX60=
17,0,om8dmla34tFci/IGHaY+oaIzmsU=,9IhomfJmNmcdcdSPgIj3dYqTX60=
31,8,om8dmla34tFci/IGHaY+oaIzmsU=,XJ1k+iG5LRMAOGpwzby157F2cas=
31,14,om8dmla34tFci/IGHaY+oaIzmsU=,XJ1k+iG5LRMAOGpwzby157F2cas=
31,12,om8dmla34tFci/IGHaY+oaIzmsU=,XJ1k+iG5LRMAOGpwzby157F2cas=
31,9,om8dmla34tFci/IGHaY+oaIzmsU=,XJ1k+iG5LRMAOGpwzby157F2cas=
31,10,om8dmla34tFci/IGHaY+oaIzmsU=,XJ1k+iG5LRMAOGpwzby157F2cas=
31,11,om8dmla34tFci/IGHaY+oaIzmsU=,XJ1k+iG5LRMAOGpwzby157F2cas=
31,7,om8dmla34tFci/IGHaY+oaIzmsU=,wGE/KAaIS4poybujORZyPtSotBA=
31,13,om8dmla34tFci/IGHaY+oaIzmsU=,XJ1k+iG5LRMAOGpwzby157F2cas=
20,14,om8dmla34tFci/IGHaY+oaIzmsU=,JikEeXigljviNRBXNw3Km5cZQ74=
24,7,om8dmla34tFci/IGHaY+oaIzmsU=,wGE/KAaIS4poybujORZyPtSotBA=
24,12,om8dmla34tFci/IGHaY+oaIzmsU=,XJ1k+iG5LRMAOGpwzby157F2cas=
21,14,om8dmla34tFci/IGHaY+oaIzmsU=,JikEeXigljviNRBXNw3Km5cZQ74=
22,14,om8dmla34tFci/IGHaY+oaIzmsU=,JikEeXigljviNRBXNw3Km5cZQ74=
19,14,om8dmla34tFci/IGHaY+oaIzmsU=,JikEeXigljviNRBXNw3Km5cZQ74=
18,14,om8dmla34tFci/IGHaY+oaIzmsU=,JikEeXigljviNRBXNw3Km5cZQ74=
17,14,om8dmla34tFci/IGHaY+oaIzmsU=,JikEeXigljviNRBXNw3Km5cZQ74=
24,11,om8dmla34tFci/IGHaY+oaIzmsU=,XJ1k+iG5LRMAOGpwzby157F2cas=
23,13,om8dmla34tFci/IGHaY+oaIzmsU=,JikEeXigljviNRBXNw3Km5cZQ74=
20,13,om8dmla34tFci/IGHaY+oaIzmsU=,JikEeXigljviNRBXNw3Km5cZQ74=
22,13,om8dmla34tFci/IGHaY+oaIzmsU=,JikEeXigljviNRBXNw3Km5cZQ74=
21,13,om8dmla34tFci/IGHaY+oaIzmsU=,JikEeXigljviNRBXNw3Km5cZQ74=
19,13,om8dmla34tFci/IGHaY+oaIzmsU=,JikEeXigljviNRBXNw3Km5cZQ74=
24,10,om8dmla34tFci/IGHaY+oaIzmsU=,XJ1k+iG5LRMAOGpwzby157F2cas=
23,12,om8dmla34tFci/IGHaY+oaIzmsU=,JikEeXigljviNRBXNw3Km5cZQ74=
22,12,om8dmla34tFci/IGHaY+oaIzmsU=,JikEeXigljviNRBXNw3Km5cZQ74=
16,7,om8dmla34tFci/IGHaY+oaIzmsU=,9IhomfJmNmcdcdSPgIj3dYqTX60=
18,13,om8dmla34tFci/IGHaY+oaIzmsU=,JikEeXigljviNRBXNw3Km5cZQ74=
24,13,om8dmla34tFci/IGHaY+oaIzmsU=,XJ1k+iG5LRMAOGpwzby157F2cas=
16,13,om8dmla34tFci/IGHaY+oaIzmsU=,JikEeXigljviNRBXNw3Km5cZQ74=
24,9,om8dmla34tFci/IGHaY+oaIzmsU=,XJ1k+iG5LRMAOGpwzby157F2cas=
16,14,om8dmla34tFci/IGHaY+oaIzmsU=,JikEeXigljviNRBXNw3Km5cZQ74=
24,8,om8dmla34tFci/IGHaY+oaIzmsU=,XJ1k+iG5LRMAOGpwzby157F2cas=
21,12,om8dmla34tFci/IGHaY+oaIzmsU=,JikEeXigljviNRBXNw3Km5cZQ74=
20,12,om8dmla34tFci/IGHaY+oaIzmsU=,JikEeXigljviNRBXNw3Km5cZQ74=
19,12,om8dmla34tFci/IGHaY+oaIzmsU=,JikEeXigljviNRBXNw3Km5cZQ74=
23,14,om8dmla34tFci/IGHaY+oaIzmsU=,JikEeXigljviNRBXNw3Km5cZQ74=
18,12,om8dmla34tFci/IGHaY+oaIzmsU=,JikEeXigljviNRBXNw3Km5cZQ74=
23,11,om8dmla34tFci/IGHaY+oaIzmsU=,JikEeXigljviNRBXNw3Km5cZQ74=
17,12,om8dmla34tFci/IGHaY+oaIzmsU=,JikEeXigljviNRBXNw3Km5cZQ74=
24,15,om8dmla34tFci/IGHaY+oaIzmsU=,XJ1k+iG5LRMAOGpwzby157F2cas=
21,11,om8dmla34tFci/IGHaY+oaIzmsU=,JikEeXigljviNRBXNw3Km5cZQ74=
17,11,om8dmla34tFci/IGHaY+oaIzmsU=,JikEeXigljviNRBXNw3Km5cZQ74=
18,11,om8dmla34tFci/IGHaY+oaIzmsU=,JikEeXigljviNRBXNw3Km5cZQ74=
23,10,om8dmla34tFci/IGHaY+oaIzmsU=,JikEeXigljviNRBXNw3Km5cZQ74=
20,11,om8dmla34tFci/IGHaY+oaIzmsU=,JikEeXigljviNRBXNw3Km5cZQ74=
17,13,om8dmla34tFci/IGHaY+oaIzmsU=,JikEeXigljviNRBXNw3Km5cZQ74=
22,10,om8dmla34tFci/IGHaY+oaIzmsU=,JikEeXigljviNRBXNw3Km5cZQ74=
23,15,om8dmla34tFci/IGHaY+oaIzmsU=,JikEeXigljviNRBXNw3Km5cZQ74=
19,11,om8dmla34tFci/IGHaY+oaIzmsU=,JikEeXigljviNRBXNw3Km5cZQ74=
22,15,om8dmla34tFci/IGHaY+oaIzmsU=,JikEeXigljviNRBXNw3Km5cZQ74=
16,11,om8dmla34tFci/IGHaY+oaIzmsU=,JikEeXigljviNRBXNw3Km5cZQ74=
20,10,om8dmla34tFci/IGHaY+oaIzmsU=,JikEeXigljviNRBXNw3Km5cZQ74=
21,10,om8dmla34tFci/IGHaY+oaIzmsU=,JikEeXigljviNRBXNw3Km5cZQ74=
22,9,om8dmla34tFci/IGHaY+oaIzmsU=,JikEeXigljviNRBXNw3Km5cZQ74=
23,9,om8dmla34tFci/IGHaY+oaIzmsU=,JikEeXigljviNRBXNw3Km5cZQ74=
18,10,om8dmla34tFci/IGHaY+oaIzmsU=,JikEeXigljviNRBXNw3Km5cZQ74=
21,9,om8dmla34tFci/IGHaY+oaIzmsU=,JikEeXigljviNRBXNw3Km5cZQ74=
21,15,om8dmla34tFci/IGHaY+oaIzmsU=,JikEeXigljviNRBXNw3Km5cZQ74=
24,14,om8dmla34tFci/IGHaY+oaIzmsU=,XJ1k+iG5LRMAOGpwzby157F2cas=
17,10,om8dmla34tFci/IGHaY+oaIzmsU=,JikEeXigljviNRBXNw3Km5cZQ74=
19,9,om8dmla34tFci/IGHaY+oaIzmsU=,JikEeXigljviNRBXNw3Km5cZQ74=
16,10,om8dmla34tFci/IGHaY+oaIzmsU=,JikEeXigljviNRBXNw3Km5cZQ74=
18,9,om8dmla34tFci/IGHaY+oaIzmsU=,JikEeXigljviNRBXNw3Km5cZQ74=
20,15,om8dmla34tFci/IGHaY+oaIzmsU=,JikEeXigljviNRBXNw3Km5cZQ74=
17,9,om8dmla34tFci/IGHaY+oaIzmsU=,JikEeXigljviNRBXNw3Km5cZQ74=
23,8,om8dmla34tFci/IGHaY+oaIzmsU=,JikEeXigljviNRBXNw3Km5cZQ74=
22,8,om8dmla34tFci/IGHaY+oaIzmsU=,JikEeXigljviNRBXNw3Km5cZQ74=
21,8,om8dmla34tFci/IGHaY+oaIzmsU=,JikEeXigljviNRBXNw3Km5cZQ74=
17,15,om8dmla34tFci/IGHaY+oaIzmsU=,JikEeXigljviNRBXNw3Km5cZQ74=
20,8,om8dmla34tFci/IGHaY+oaIzmsU=,JikEeXigljviNRBXNw3Km5cZQ74=
16,12,om8dmla34tFci/IGHaY+oaIzmsU=,JikEeXigljviNRBXNw3Km5cZQ74=
22,11,om8dmla34tFci/IGHaY+oaIzmsU=,JikEeXigljviNRBXNw3Km5cZQ74=
20,7,om8dmla34tFci/IGHaY+oaIzmsU=,9IhomfJmNmcdcdSPgIj3dYqTX60=
18,15,om8dmla34tFci/IGHaY+oaIzmsU=,JikEeXigljviNRBXNw3Km5cZQ74=
19,10,om8dmla34tFci/IGHaY+oaIzmsU=,JikEeXigljviNRBXNw3Km5cZQ74=
20,9,om8dmla34tFci/IGHaY+oaIzmsU=,JikEeXigljviNRBXNw3Km5cZQ74=
19,15,om8dmla34tFci/IGHaY+oaIzmsU=,JikEeXigljviNRBXNw3Km5cZQ74=
16,9,om8dmla34tFci/IGHaY+oaIzmsU=,JikEeXigljviNRBXNw3Km5cZQ74=
17,8,om8dmla34tFci/IGHaY+oaIzmsU=,JikEeXigljviNRBXNw3Km5cZQ74=
16,8,om8dmla34tFci/IGHaY+oaIzmsU=,JikEeXigljviNRBXNw3Km5cZQ74=
19,7,om8dmla34tFci/IGHaY+oaIzmsU=,9IhomfJmNmcdcdSPgIj3dYqTX60=
17,7,om8dmla34tFci/IGHaY+oaIzmsU=,9IhomfJmNmcdcdSPgIj3dYqTX60=
16,15,om8dmla34tFci/IGHaY+oaIzmsU=,JikEeXigljviNRBXNw3Km5cZQ74=
18,7,om8dmla34tFci/IGHaY+oaIzmsU=,9IhomfJmNmcdcdSPgIj3dYqTX60=
18,8,om8dmla34tFci/IGHaY+oaIzmsU=,JikEeXigljviNRBXNw3Km5cZQ74=
19,8,om8dmla34tFci/IGHaY+oaIzmsU=,JikEeXigljviNRBXNw3Km5cZQ74=
23,7,om8dmla34tFci/IGHaY+oaIzmsU=,9IhomfJmNmcdcdSPgIj3dYqTX60=
22,7,om8dmla34tFci/IGHaY+oaIzmsU=,9IhomfJmNmcdcdSPgIj3dYqTX60=
21,7,om8dmla34tFci/IGHaY+oaIzmsU=,9IhomfJmNmcdcdSPgIj3dYqTX60=
31,0,om8dmla34tFci/IGHaY+oaIzmsU=,wGE/KAaIS4poybujORZyPtSotBA=
16,0,om8dmla34tFci/IGHaY+oaIzmsU=,9IhomfJmNmcdcdSPgIj3dYqTX60=
31,15,om8dmla34tFci/IGHaY+oaIzmsU=,XJ1k+iG5LRMAOGpwzby157F2cas=
