-140,-5,LOeGKUZl9mny2B+Y2IoChNYKQOA=,qGcuuCnfhgg5YjUGuBBsEaWnzFg=
-138,-6,LOeGKUZl9mny2B+Y2IoChNYKQOA=,qGcuuCnfhgg5YjUGuBBsEaWnzFg=
-140,-2,LOeGKUZl9mny2B+Y2IoChNYKQOA=,qGcuuCnfhgg5YjUGuBBsEaWnzFg=
-140,-6,LOeGKUZl9mny2B+Y2IoChNYKQOA=,qGcuuCnfhgg5YjUGuBBsEaWnzFg=
-143,-6,LOeGKUZl9mny2B+Y2IoChNYKQOA=,qGcuuCnfhgg5YjUGuBBsEaWnzFg=
-143,-5,LOeGKUZl9mny2B+Y2IoChNYKQOA=,qGcuuCnfhgg5YjUGuBBsEaWnzFg=
-142,-6,LOeGKUZl9mny2B+Y2IoChNYKQOA=,qGcuuCnfhgg5YjUGuBBsEaWnzFg=
-138,-7,LOeGKUZl9mny2B+Y2IoChNYKQOA=,qGcuuCnfhgg5YjUGuBBsEaWnzFg=
-139,-7,LOeGKUZl9mny2B+Y2IoChNYKQOA=,qGcuuCnfhgg5YjUGuBBsEaWnzFg=
-141,-6,LOeGKUZl9mny2B+Y2IoChNYKQOA=,qGcuuCnfhgg5YjUGuBBsEaWnzFg=
-138,-2,LOeGKUZl9mny2B+Y2IoChNYKQOA=,qGcuuCnfhgg5YjUGuBBsEaWnzFg=
-141,-2,LOeGKUZl9mny2B+Y2IoChNYKQOA=,qGcuuCnfhgg5YjUGuBBsEaWnzFg=
-142,-5,LOeGKUZl9mny2B+Y2IoChNYKQOA=,qGcuuCnfhgg5YjUGuBBsEaWnzFg=
-143,-2,LOeGKUZl9mny2B+Y2IoChNYKQOA=,qGcuuCnfhgg5YjUGuBBsEaWnzFg=
-140,-7,LOeGKUZl9mny2B+Y2IoChNYKQOA=,qGcuuCnfhgg5YjUGuBBsEaWnzFg=
-139,-2,LOeGKUZl9mny2B+Y2IoChNYKQOA=,qGcuuCnfhgg5YjUGuBBsEaWnzFg=
-138,-3,LOeGKUZl9mny2B+Y2IoChNYKQOA=,qGcuuCnfhgg5YjUGuBBsEaWnzFg=
-142,-7,LOeGKUZl9mny2B+Y2IoChNYKQOA=,qGcuuCnfhgg5YjUGuBBsEaWnzFg=
-139,-6,LOeGKUZl9mny2B+Y2IoChNYKQOA=,qGcuuCnfhgg5YjUGuBBsEaWnzFg=
-140,-3,LOeGKUZl9mny2B+Y2IoChNYKQOA=,qGcuuCnfhgg5YjUGuBBsEaWnzFg=
-141,-3,LOeGKUZl9mny2B+Y2IoChNYKQOA=,qGcuuCnfhgg5YjUGuBBsEaWnzFg=
-141,-5,LOeGKUZl9mny2B+Y2IoChNYKQOA=,qGcuuCnfhgg5YjUGuBBsEaWnzFg=
-139,-5,LOeGKUZl9mny2B+Y2IoChNYKQOA=,qGcuuCnfhgg5YjUGuBBsEaWnzFg=
-142,-4,LOeGKUZl9mny2B+Y2IoChNYKQOA=,qGcuuCnfhgg5YjUGuBBsEaWnzFg=
-143,-4,LOeGKUZl9mny2B+Y2IoChNYKQOA=,qGcuuCnfhgg5YjUGuBBsEaWnzFg=
-138,-5,LOeGKUZl9mny2B+Y2IoChNYKQOA=,qGcuuCnfhgg5YjUGuBBsEaWnzFg=
-139,-3,LOeGKUZl9mny2B+Y2IoChNYKQOA=,qGcuuCnfhgg5YjUGuBBsEaWnzFg=
-141,-7,LOeGKUZl9mny2B+Y2IoChNYKQOA=,qGcuuCnfhgg5YjUGuBBsEaWnzFg=
-143,-7,LOeGKUZl9mny2B+Y2IoChNYKQOA=,qGcuuCnfhgg5YjUGuBBsEaWnzFg=
-142,-3,LOeGKUZl9mny2B+Y2IoChNYKQOA=,qGcuuCnfhgg5YjUGuBBsEaWnzFg=
-141,-4,LOeGKUZl9mny2B+Y2IoChNYKQOA=,qGcuuCnfhgg5YjUGuBBsEaWnzFg=
-138,-4,LOeGKUZl9mny2B+Y2IoChNYKQOA=,qGcuuCnfhgg5YjUGuBBsEaWnzFg=
-143,-3,LOeGKUZl9mny2B+Y2IoChNYKQOA=,qGcuuCnfhgg5YjUGuBBsEaWnzFg=
-142,-2,LOeGKUZl9mny2B+Y2IoChNYKQOA=,qGcuuCnfhgg5YjUGuBBsEaWnzFg=
-140,-4,LOeGKUZl9mny2B+Y2IoChNYKQOA=,qGcuuCnfhgg5YjUGuBBsEaWnzFg=
-139,-4,LOeGKUZl9mny2B+Y2IoChNYKQOA=,qGcuuCnfhgg5YjUGuBBsEaWnzFg=
-133,-2,LOeGKUZl9mny2B+Y2IoChNYKQOA=,atef6UvqwTZHpZ6VecDc2PQYoPc=
-133,-7,LOeGKUZl9mny2B+Y2IoChNYKQOA=,atef6UvqwTZHpZ6VecDc2PQYoPc=
-132,-2,LOeGKUZl9mny2B+Y2IoChNYKQOA=,atef6UvqwTZHpZ6VecDc2PQYoPc=
-134,-2,LOeGKUZl9mny2B+Y2IoChNYKQOA=,atef6UvqwTZHpZ6VecDc2PQYoPc=
-131,-3,LOeGKUZl9mny2B+Y2IoChNYKQOA=,atef6UvqwTZHpZ6VecDc2PQYoPc=
-137,-7,LOeGKUZl9mny2B+Y2IoChNYKQOA=,qGcuuCnfhgg5YjUGuBBsEaWnzFg=
-132,-3,LOeGKUZl9mny2B+Y2IoChNYKQOA=,atef6UvqwTZHpZ6VecDc2PQYoPc=
-135,-6,LOeGKUZl9mny2B+Y2IoChNYKQOA=,atef6UvqwTZHpZ6VecDc2PQYoPc=
-130,-4,LOeGKUZl9mny2B+Y2IoChNYKQOA=,atef6UvqwTZHpZ6VecDc2PQYoPc=
-135,-7,LOeGKUZl9mny2B+Y2IoChNYKQOA=,atef6UvqwTZHpZ6VecDc2PQYoPc=
-131,-4,LOeGKUZl9mny2B+Y2IoChNYKQOA=,atef6UvqwTZHpZ6VecDc2PQYoPc=
-133,-3,LOeGKUZl9mny2B+Y2IoChNYKQOA=,atef6UvqwTZHpZ6VecDc2PQYoPc=
-133,-4,LOeGKUZl9mny2B+Y2IoChNYKQOA=,atef6UvqwTZHpZ6VecDc2PQYoPc=
-132,-4,LOeGKUZl9mny2B+Y2IoChNYKQOA=,atef6UvqwTZHpZ6VecDc2PQYoPc=
-137,-2,LOeGKUZl9mny2B+Y2IoChNYKQOA=,qGcuuCnfhgg5YjUGuBBsEaWnzFg=
-131,-2,LOeGKUZl9mny2B+Y2IoChNYKQOA=,atef6UvqwTZHpZ6VecDc2PQYoPc=
-130,-7,LOeGKUZl9mny2B+Y2IoChNYKQOA=,atef6UvqwTZHpZ6VecDc2PQYoPc=
-136,-6,LOeGKUZl9mny2B+Y2IoChNYKQOA=,atef6UvqwTZHpZ6VecDc2PQYoPc=
-134,-4,LOeGKUZl9mny2B+Y2IoChNYKQOA=,atef6UvqwTZHpZ6VecDc2PQYoPc=
-137,-6,LOeGKUZl9mny2B+Y2IoChNYKQOA=,qGcuuCnfhgg5YjUGuBBsEaWnzFg=
-135,-5,LOeGKUZl9mny2B+Y2IoChNYKQOA=,atef6UvqwTZHpZ6VecDc2PQYoPc=
-134,-3,LOeGKUZl9mny2B+Y2IoChNYKQOA=,atef6UvqwTZHpZ6VecDc2PQYoPc=
-131,-7,LOeGKUZl9mny2B+Y2IoChNYKQOA=,atef6UvqwTZHpZ6VecDc2PQYoPc=
-130,-5,LOeGKUZl9mny2B+Y2IoChNYKQOA=,atef6UvqwTZHpZ6VecDc2PQYoPc=
-132,-5,LOeGKUZl9mny2B+Y2IoChNYKQOA=,atef6UvqwTZHpZ6VecDc2PQYoPc=
-131,-5,LOeGKUZl9mny2B+Y2IoChNYKQOA=,atef6UvqwTZHpZ6VecDc2PQYoPc=
-134,-7,LOeGKUZl9mny2B+Y2IoChNYKQOA=,atef6UvqwTZHpZ6VecDc2PQYoPc=
-137,-4,LOeGKUZl9mny2B+Y2IoChNYKQOA=,qGcuuCnfhgg5YjUGuBBsEaWnzFg=
-137,-3,LOeGKUZl9mny2B+Y2IoChNYKQOA=,qGcuuCnfhgg5YjUGuBBsEaWnzFg=
-131,-6,LOeGKUZl9mny2B+Y2IoChNYKQOA=,atef6UvqwTZHpZ6VecDc2PQYoPc=
-130,-6,LOeGKUZl9mny2B+Y2IoChNYKQOA=,atef6UvqwTZHpZ6VecDc2PQYoPc=
-136,-5,LOeGKUZl9mny2B+Y2IoChNYKQOA=,atef6UvqwTZHpZ6VecDc2PQYoPc=
-135,-4,LOeGKUZl9mny2B+Y2IoChNYKQOA=,atef6UvqwTZHpZ6VecDc2PQYoPc=
-130,-3,LOeGKUZl9mny2B+Y2IoChNYKQOA=,atef6UvqwTZHpZ6VecDc2PQYoPc=
-132,-6,LOeGKUZl9mny2B+Y2IoChNYKQOA=,atef6UvqwTZHpZ6VecDc2PQYoPc=
-134,-6,LOeGKUZl9mny2B+Y2IoChNYKQOA=,atef6UvqwTZHpZ6VecDc2PQYoPc=
-133,-6,LOeGKUZl9mny2B+Y2IoChNYKQOA=,atef6UvqwTZHpZ6VecDc2PQYoPc=
-136,-7,LOeGKUZl9mny2B+Y2IoChNYKQOA=,atef6UvqwTZHpZ6VecDc2PQYoPc=
-136,-4,LOeGKUZl9mny2B+Y2IoChNYKQOA=,atef6UvqwTZHpZ6VecDc2PQYoPc=
-137,-5,LOeGKUZl9mny2B+Y2IoChNYKQOA=,qGcuuCnfhgg5YjUGuBBsEaWnzFg=
-135,-3,LOeGKUZl9mny2B+Y2IoChNYKQOA=,atef6UvqwTZHpZ6VecDc2PQYoPc=
-130,-2,LOeGKUZl9mny2B+Y2IoChNYKQOA=,atef6UvqwTZHpZ6VecDc2PQYoPc=
-136,-2,LOeGKUZl9mny2B+Y2IoChNYKQOA=,atef6UvqwTZHpZ6VecDc2PQYoPc=
-134,-5,LOeGKUZl9mny2B+Y2IoChNYKQOA=,atef6UvqwTZHpZ6VecDc2PQYoPc=
-143,-11,LOeGKUZl9mny2B+Y2IoChNYKQOA=,BPY8eSm7B+SYs8i40XOiQD+Wt84=
-136,-3,LOeGKUZl9mny2B+Y2IoChNYKQOA=,atef6UvqwTZHpZ6VecDc2PQYoPc=
-142,-11,LOeGKUZl9mny2B+Y2IoChNYKQOA=,BPY8eSm7B+SYs8i40XOiQD+Wt84=
-141,-11,LOeGKUZl9mny2B+Y2IoChNYKQOA=,BPY8eSm7B+SYs8i40XOiQD+Wt84=
-138,-12,LOeGKUZl9mny2B+Y2IoChNYKQOA=,BPY8eSm7B+SYs8i40XOiQD+Wt84=
-139,-8,LOeGKUZl9mny2B+Y2IoChNYKQOA=,qGcuuCnfhgg5YjUGuBBsEaWnzFg=
-135,-2,LOeGKUZl9mny2B+Y2IoChNYKQOA=,atef6UvqwTZHpZ6VecDc2PQYoPc=
-132,-7,LOeGKUZl9mny2B+Y2IoChNYKQOA=,atef6UvqwTZHpZ6VecDc2PQYoPc=
-133,-5,LOeGKUZl9mny2B+Y2IoChNYKQOA=,atef6UvqwTZHpZ6VecDc2PQYoPc=
-140,-8,LOeGKUZl9mny2B+Y2IoChNYKQOA=,qGcuuCnfhgg5YjUGuBBsEaWnzFg=
-140,-12,LOeGKUZl9mny2B+Y2IoChNYKQOA=,BPY8eSm7B+SYs8i40XOiQD+Wt84=
-142,-12,LOeGKUZl9mny2B+Y2IoChNYKQOA=,BPY8eSm7B+SYs8i40XOiQD+Wt84=
-141,-8,LOeGKUZl9mny2B+Y2IoChNYKQOA=,qGcuuCnfhgg5YjUGuBBsEaWnzFg=
-143,-8,LOeGKUZl9mny2B+Y2IoChNYKQOA=,qGcuuCnfhgg5YjUGuBBsEaWnzFg=
-142,-13,LOeGKUZl9mny2B+Y2IoChNYKQOA=,BPY8eSm7B+SYs8i40XOiQD+Wt84=
-142,-8,LOeGKUZl9mny2B+Y2IoChNYKQOA=,qGcuuCnfhgg5YjUGuBBsEaWnzFg=
-138,-13,LOeGKUZl9mny2B+Y2IoChNYKQOA=,BPY8eSm7B+SYs8i40XOiQD+Wt84=
-140,-13,LOeGKUZl9mny2B+Y2IoChNYKQOA=,BPY8eSm7B+SYs8i40XOiQD+Wt84=
-143,-13,LOeGKUZl9mny2B+Y2IoChNYKQOA=,BPY8eSm7B+SYs8i40XOiQD+Wt84=
-139,-14,LOeGKUZl9mny2B+Y2IoChNYKQOA=,BPY8eSm7B+SYs8i40XOiQD+Wt84=
-143,-12,LOeGKUZl9mny2B+Y2IoChNYKQOA=,BPY8eSm7B+SYs8i40XOiQD+Wt84=
-141,-14,LOeGKUZl9mny2B+Y2IoChNYKQOA=,BPY8eSm7B+SYs8i40XOiQD+Wt84=
-141,-9,LOeGKUZl9mny2B+Y2IoChNYKQOA=,BPY8eSm7B+SYs8i40XOiQD+Wt84=
-138,-14,LOeGKUZl9mny2B+Y2IoChNYKQOA=,BPY8eSm7B+SYs8i40XOiQD+Wt84=
-140,-9,LOeGKUZl9mny2B+Y2IoChNYKQOA=,BPY8eSm7B+SYs8i40XOiQD+Wt84=
-140,-14,LOeGKUZl9mny2B+Y2IoChNYKQOA=,BPY8eSm7B+SYs8i40XOiQD+Wt84=
-139,-9,LOeGKUZl9mny2B+Y2IoChNYKQOA=,BPY8eSm7B+SYs8i40XOiQD+Wt84=
-139,-12,LOeGKUZl9mny2B+Y2IoChNYKQOA=,BPY8eSm7B+SYs8i40XOiQD+Wt84=
-141,-12,LOeGKUZl9mny2B+Y2IoChNYKQOA=,BPY8eSm7B+SYs8i40XOiQD+Wt84=
-142,-9,LOeGKUZl9mny2B+Y2IoChNYKQOA=,BPY8eSm7B+SYs8i40XOiQD+Wt84=
-138,-9,LOeGKUZl9mny2B+Y2IoChNYKQOA=,BPY8eSm7B+SYs8i40XOiQD+Wt84=
-138,-8,LOeGKUZl9mny2B+Y2IoChNYKQOA=,qGcuuCnfhgg5YjUGuBBsEaWnzFg=
-139,-13,LOeGKUZl9mny2B+Y2IoChNYKQOA=,BPY8eSm7B+SYs8i40XOiQD+Wt84=
-141,-13,LOeGKUZl9mny2B+Y2IoChNYKQOA=,BPY8eSm7B+SYs8i40XOiQD+Wt84=
-140,-15,LOeGKUZl9mny2B+Y2IoChNYKQOA=,BPY8eSm7B+SYs8i40XOiQD+Wt84=
-141,-15,LOeGKUZl9mny2B+Y2IoChNYKQOA=,BPY8eSm7B+SYs8i40XOiQD+Wt84=
-138,-10,LOeGKUZl9mny2B+Y2IoChNYKQOA=,BPY8eSm7B+SYs8i40XOiQD+Wt84=
-142,-15,LOeGKUZl9mny2B+Y2IoChNYKQOA=,BPY8eSm7B+SYs8i40XOiQD+Wt84=
-139,-10,LOeGKUZl9mny2B+Y2IoChNYKQOA=,BPY8eSm7B+SYs8i40XOiQD+Wt84=
-140,-10,LOeGKUZl9mny2B+Y2IoChNYKQOA=,BPY8eSm7B+SYs8i40XOiQD+Wt84=
-143,-14,LOeGKUZl9mny2B+Y2IoChNYKQOA=,BPY8eSm7B+SYs8i40XOiQD+Wt84=
-143,-15,LOeGKUZl9mny2B+Y2IoChNYKQOA=,BPY8eSm7B+SYs8i40XOiQD+Wt84=
-143,-10,LOeGKUZl9mny2B+Y2IoChNYKQOA=,BPY8eSm7B+SYs8i40XOiQD+Wt84=
-138,-11,LOeGKUZl9mny2B+Y2IoChNYKQOA=,BPY8eSm7B+SYs8i40XOiQD+Wt84=
-143,-9,LOeGKUZl9mny2B+Y2IoChNYKQOA=,BPY8eSm7B+SYs8i40XOiQD+Wt84=
-139,-15,LOeGKUZl9mny2B+Y2IoChNYKQOA=,BPY8eSm7B+SYs8i40XOiQD+Wt84=
-142,-14,LOeGKUZl9mny2B+Y2IoChNYKQOA=,BPY8eSm7B+SYs8i40XOiQD+Wt84=
-140,-11,LOeGKUZl9mny2B+Y2IoChNYKQOA=,BPY8eSm7B+SYs8i40XOiQD+Wt84=
-142,-10,LOeGKUZl9mny2B+Y2IoChNYKQOA=,BPY8eSm7B+SYs8i40XOiQD+Wt84=
-138,-15,LOeGKUZl9mny2B+Y2IoChNYKQOA=,BPY8eSm7B+SYs8i40XOiQD+Wt84=
-139,-11,LOeGKUZl9mny2B+Y2IoChNYKQOA=,BPY8eSm7B+SYs8i40XOiQD+Wt84=
-141,-1,LOeGKUZl9mny2B+Y2IoChNYKQOA=,qGcuuCnfhgg5YjUGuBBsEaWnzFg=
-140,-1,LOeGKUZl9mny2B+Y2IoChNYKQOA=,qGcuuCnfhgg5YjUGuBBsEaWnzFg=
-138,-1,LOeGKUZl9mny2B+Y2IoChNYKQOA=,qGcuuCnfhgg5YjUGuBBsEaWnzFg=
-139,-1,LOeGKUZl9mny2B+Y2IoChNYKQOA=,qGcuuCnfhgg5YjUGuBBsEaWnzFg=
-142,-1,LOeGKUZl9mny2B+Y2IoChNYKQOA=,qGcuuCnfhgg5YjUGuBBsEaWnzFg=
-143,-1,LOeGKUZl9mny2B+Y2IoChNYKQOA=,qGcuuCnfhgg5YjUGuBBsEaWnzFg=
-141,-10,LOeGKUZl9mny2B+Y2IoChNYKQOA=,BPY8eSm7B+SYs8i40XOiQD+Wt84=
-132,-9,sOcNw0rbwuRtnMsklwj3Rmc9C0I=,l3jeV3YlZwzBZdVqHAWivgKG7Kc=
-133,-9,sOcNw0rbwuRtnMsklwj3Rmc9C0I=,l3jeV3YlZwzBZdVqHAWivgKG7Kc=
-136,-9,sOcNw0rbwuRtnMsklwj3Rmc9C0I=,l3jeV3YlZwzBZdVqHAWivgKG7Kc=
-131,-10,sOcNw0rbwuRtnMsklwj3Rmc9C0I=,l3jeV3YlZwzBZdVqHAWivgKG7Kc=
-130,-10,sOcNw0rbwuRtnMsklwj3Rmc9C0I=,l3jeV3YlZwzBZdVqHAWivgKG7Kc=
-133,-10,sOcNw0rbwuRtnMsklwj3Rmc9C0I=,l3jeV3YlZwzBZdVqHAWivgKG7Kc=
-133,-8,sOcNw0rbwuRtnMsklwj3Rmc9C0I=,atef6UvqwTZHpZ6VecDc2PQYoPc=
-134,-10,sOcNw0rbwuRtnMsklwj3Rmc9C0I=,l3jeV3YlZwzBZdVqHAWivgKG7Kc=
-135,-10,sOcNw0rbwuRtnMsklwj3Rmc9C0I=,l3jeV3YlZwzBZdVqHAWivgKG7Kc=
-136,-10,sOcNw0rbwuRtnMsklwj3Rmc9C0I=,l3jeV3YlZwzBZdVqHAWivgKG7Kc=
-129,-11,sOcNw0rbwuRtnMsklwj3Rmc9C0I=,l3jeV3YlZwzBZdVqHAWivgKG7Kc=
-137,-12,sOcNw0rbwuRtnMsklwj3Rmc9C0I=,BPY8eSm7B+SYs8i40XOiQD+Wt84=
-133,-11,sOcNw0rbwuRtnMsklwj3Rmc9C0I=,l3jeV3YlZwzBZdVqHAWivgKG7Kc=
-131,-11,sOcNw0rbwuRtnMsklwj3Rmc9C0I=,l3jeV3YlZwzBZdVqHAWivgKG7Kc=
-136,-11,sOcNw0rbwuRtnMsklwj3Rmc9C0I=,l3jeV3YlZwzBZdVqHAWivgKG7Kc=
-134,-12,sOcNw0rbwuRtnMsklwj3Rmc9C0I=,l3jeV3YlZwzBZdVqHAWivgKG7Kc=
-130,-12,sOcNw0rbwuRtnMsklwj3Rmc9C0I=,l3jeV3YlZwzBZdVqHAWivgKG7Kc=
-132,-12,sOcNw0rbwuRtnMsklwj3Rmc9C0I=,l3jeV3YlZwzBZdVqHAWivgKG7Kc=
-133,-12,sOcNw0rbwuRtnMsklwj3Rmc9C0I=,l3jeV3YlZwzBZdVqHAWivgKG7Kc=
-134,-11,sOcNw0rbwuRtnMsklwj3Rmc9C0I=,l3jeV3YlZwzBZdVqHAWivgKG7Kc=
-132,-10,sOcNw0rbwuRtnMsklwj3Rmc9C0I=,l3jeV3YlZwzBZdVqHAWivgKG7Kc=
-135,-9,sOcNw0rbwuRtnMsklwj3Rmc9C0I=,l3jeV3YlZwzBZdVqHAWivgKG7Kc=
-129,-10,sOcNw0rbwuRtnMsklwj3Rmc9C0I=,l3jeV3YlZwzBZdVqHAWivgKG7Kc=
-129,-12,sOcNw0rbwuRtnMsklwj3Rmc9C0I=,l3jeV3YlZwzBZdVqHAWivgKG7Kc=
-129,-13,sOcNw0rbwuRtnMsklwj3Rmc9C0I=,l3jeV3YlZwzBZdVqHAWivgKG7Kc=
-132,-11,sOcNw0rbwuRtnMsklwj3Rmc9C0I=,l3jeV3YlZwzBZdVqHAWivgKG7Kc=
-131,-13,sOcNw0rbwuRtnMsklwj3Rmc9C0I=,l3jeV3YlZwzBZdVqHAWivgKG7Kc=
-137,-9,sOcNw0rbwuRtnMsklwj3Rmc9C0I=,BPY8eSm7B+SYs8i40XOiQD+Wt84=
-131,-12,sOcNw0rbwuRtnMsklwj3Rmc9C0I=,l3jeV3YlZwzBZdVqHAWivgKG7Kc=
-134,-9,sOcNw0rbwuRtnMsklwj3Rmc9C0I=,l3jeV3YlZwzBZdVqHAWivgKG7Kc=
-132,-13,sOcNw0rbwuRtnMsklwj3Rmc9C0I=,l3jeV3YlZwzBZdVqHAWivgKG7Kc=
-137,-8,sOcNw0rbwuRtnMsklwj3Rmc9C0I=,qGcuuCnfhgg5YjUGuBBsEaWnzFg=
-135,-13,sOcNw0rbwuRtnMsklwj3Rmc9C0I=,l3jeV3YlZwzBZdVqHAWivgKG7Kc=
-130,-11,sOcNw0rbwuRtnMsklwj3Rmc9C0I=,l3jeV3YlZwzBZdVqHAWivgKG7Kc=
-135,-12,sOcNw0rbwuRtnMsklwj3Rmc9C0I=,l3jeV3YlZwzBZdVqHAWivgKG7Kc=
-129,-14,sOcNw0rbwuRtnMsklwj3Rmc9C0I=,l3jeV3YlZwzBZdVqHAWivgKG7Kc=
-136,-13,sOcNw0rbwuRtnMsklwj3Rmc9C0I=,l3jeV3YlZwzBZdVqHAWivgKG7Kc=
-135,-11,sOcNw0rbwuRtnMsklwj3Rmc9C0I=,l3jeV3YlZwzBZdVqHAWivgKG7Kc=
-136,-12,sOcNw0rbwuRtnMsklwj3Rmc9C0I=,l3jeV3YlZwzBZdVqHAWivgKG7Kc=
-137,-14,sOcNw0rbwuRtnMsklwj3Rmc9C0I=,BPY8eSm7B+SYs8i40XOiQD+Wt84=
-133,-13,sOcNw0rbwuRtnMsklwj3Rmc9C0I=,l3jeV3YlZwzBZdVqHAWivgKG7Kc=
-129,-3,sOcNw0rbwuRtnMsklwj3Rmc9C0I=,atef6UvqwTZHpZ6VecDc2PQYoPc=
-132,-14,sOcNw0rbwuRtnMsklwj3Rmc9C0I=,l3jeV3YlZwzBZdVqHAWivgKG7Kc=
-130,-14,sOcNw0rbwuRtnMsklwj3Rmc9C0I=,l3jeV3YlZwzBZdVqHAWivgKG7Kc=
-129,-4,sOcNw0rbwuRtnMsklwj3Rmc9C0I=,atef6UvqwTZHpZ6VecDc2PQYoPc=
-133,-14,sOcNw0rbwuRtnMsklwj3Rmc9C0I=,l3jeV3YlZwzBZdVqHAWivgKG7Kc=
-136,-14,sOcNw0rbwuRtnMsklwj3Rmc9C0I=,l3jeV3YlZwzBZdVqHAWivgKG7Kc=
-137,-13,sOcNw0rbwuRtnMsklwj3Rmc9C0I=,BPY8eSm7B+SYs8i40XOiQD+Wt84=
-135,-16,sOcNw0rbwuRtnMsklwj3Rmc9C0I=,l3jeV3YlZwzBZdVqHAWivgKG7Kc=
-129,-15,sOcNw0rbwuRtnMsklwj3Rmc9C0I=,l3jeV3YlZwzBZdVqHAWivgKG7Kc=
-130,-15,sOcNw0rbwuRtnMsklwj3Rmc9C0I=,l3jeV3YlZwzBZdVqHAWivgKG7Kc=
-131,-15,sOcNw0rbwuRtnMsklwj3Rmc9C0I=,l3jeV3YlZwzBZdVqHAWivgKG7Kc=
-131,-8,sOcNw0rbwuRtnMsklwj3Rmc9C0I=,atef6UvqwTZHpZ6VecDc2PQYoPc=
-132,-8,sOcNw0rbwuRtnMsklwj3Rmc9C0I=,atef6UvqwTZHpZ6VecDc2PQYoPc=
-130,-16,sOcNw0rbwuRtnMsklwj3Rmc9C0I=,l3jeV3YlZwzBZdVqHAWivgKG7Kc=
-129,-2,sOcNw0rbwuRtnMsklwj3Rmc9C0I=,atef6UvqwTZHpZ6VecDc2PQYoPc=
-132,-15,sOcNw0rbwuRtnMsklwj3Rmc9C0I=,l3jeV3YlZwzBZdVqHAWivgKG7Kc=
-134,-16,sOcNw0rbwuRtnMsklwj3Rmc9C0I=,l3jeV3YlZwzBZdVqHAWivgKG7Kc=
-129,-9,sOcNw0rbwuRtnMsklwj3Rmc9C0I=,l3jeV3YlZwzBZdVqHAWivgKG7Kc=
-134,-15,sOcNw0rbwuRtnMsklwj3Rmc9C0I=,l3jeV3YlZwzBZdVqHAWivgKG7Kc=
-131,-16,sOcNw0rbwuRtnMsklwj3Rmc9C0I=,l3jeV3YlZwzBZdVqHAWivgKG7Kc=
-134,-8,sOcNw0rbwuRtnMsklwj3Rmc9C0I=,atef6UvqwTZHpZ6VecDc2PQYoPc=
-136,-8,sOcNw0rbwuRtnMsklwj3Rmc9C0I=,atef6UvqwTZHpZ6VecDc2PQYoPc=
-133,-16,sOcNw0rbwuRtnMsklwj3Rmc9C0I=,l3jeV3YlZwzBZdVqHAWivgKG7Kc=
-132,-16,sOcNw0rbwuRtnMsklwj3Rmc9C0I=,l3jeV3YlZwzBZdVqHAWivgKG7Kc=
-137,-11,sOcNw0rbwuRtnMsklwj3Rmc9C0I=,BPY8eSm7B+SYs8i40XOiQD+Wt84=
-135,-8,sOcNw0rbwuRtnMsklwj3Rmc9C0I=,atef6UvqwTZHpZ6VecDc2PQYoPc=
-134,-13,sOcNw0rbwuRtnMsklwj3Rmc9C0I=,l3jeV3YlZwzBZdVqHAWivgKG7Kc=
-135,-15,sOcNw0rbwuRtnMsklwj3Rmc9C0I=,l3jeV3YlZwzBZdVqHAWivgKG7Kc=
-137,-10,sOcNw0rbwuRtnMsklwj3Rmc9C0I=,BPY8eSm7B+SYs8i40XOiQD+Wt84=
-134,-14,sOcNw0rbwuRtnMsklwj3Rmc9C0I=,l3jeV3YlZwzBZdVqHAWivgKG7Kc=
-131,-14,sOcNw0rbwuRtnMsklwj3Rmc9C0I=,l3jeV3YlZwzBZdVqHAWivgKG7Kc=
-131,-9,sOcNw0rbwuRtnMsklwj3Rmc9C0I=,l3jeV3YlZwzBZdVqHAWivgKG7Kc=
-136,-15,sOcNw0rbwuRtnMsklwj3Rmc9C0I=,l3jeV3YlZwzBZdVqHAWivgKG7Kc=
-130,-8,sOcNw0rbwuRtnMsklwj3Rmc9C0I=,atef6UvqwTZHpZ6VecDc2PQYoPc=
-133,-15,sOcNw0rbwuRtnMsklwj3Rmc9C0I=,l3jeV3YlZwzBZdVqHAWivgKG7Kc=
-130,-9,sOcNw0rbwuRtnMsklwj3Rmc9C0I=,l3jeV3YlZwzBZdVqHAWivgKG7Kc=
-141,-16,sOcNw0rbwuRtnMsklwj3Rmc9C0I=,BPY8eSm7B+SYs8i40XOiQD+Wt84=
-139,-16,sOcNw0rbwuRtnMsklwj3Rmc9C0I=,BPY8eSm7B+SYs8i40XOiQD+Wt84=
-138,-16,sOcNw0rbwuRtnMsklwj3Rmc9C0I=,BPY8eSm7B+SYs8i40XOiQD+Wt84=
-140,-16,sOcNw0rbwuRtnMsklwj3Rmc9C0I=,BPY8eSm7B+SYs8i40XOiQD+Wt84=
-142,-16,sOcNw0rbwuRtnMsklwj3Rmc9C0I=,BPY8eSm7B+SYs8i40XOiQD+Wt84=
-143,-16,sOcNw0rbwuRtnMsklwj3Rmc9C0I=,BPY8eSm7B+SYs8i40XOiQD+Wt84=
-136,-16,sOcNw0rbwuRtnMsklwj3Rmc9C0I=,l3jeV3YlZwzBZdVqHAWivgKG7Kc=
-137,-16,sOcNw0rbwuRtnMsklwj3Rmc9C0I=,BPY8eSm7B+SYs8i40XOiQD+Wt84=
-129,-7,sOcNw0rbwuRtnMsklwj3Rmc9C0I=,atef6UvqwTZHpZ6VecDc2PQYoPc=
-129,-8,sOcNw0rbwuRtnMsklwj3Rmc9C0I=,atef6UvqwTZHpZ6VecDc2PQYoPc=
-129,-6,sOcNw0rbwuRtnMsklwj3Rmc9C0I=,atef6UvqwTZHpZ6VecDc2PQYoPc=
-129,-5,sOcNw0rbwuRtnMsklwj3Rmc9C0I=,atef6UvqwTZHpZ6VecDc2PQYoPc=
-130,-13,sOcNw0rbwuRtnMsklwj3Rmc9C0I=,l3jeV3YlZwzBZdVqHAWivgKG7Kc=
-135,-14,sOcNw0rbwuRtnMsklwj3Rmc9C0I=,l3jeV3YlZwzBZdVqHAWivgKG7Kc=
-137,-15,sOcNw0rbwuRtnMsklwj3Rmc9C0I=,BPY8eSm7B+SYs8i40XOiQD+Wt84=
-134,-1,sOcNw0rbwuRtnMsklwj3Rmc9C0I=,atef6UvqwTZHpZ6VecDc2PQYoPc=
-133,-1,sOcNw0rbwuRtnMsklwj3Rmc9C0I=,atef6UvqwTZHpZ6VecDc2PQYoPc=
-131,-1,sOcNw0rbwuRtnMsklwj3Rmc9C0I=,atef6UvqwTZHpZ6VecDc2PQYoPc=
-130,-1,sOcNw0rbwuRtnMsklwj3Rmc9C0I=,atef6UvqwTZHpZ6VecDc2PQYoPc=
-135,-1,sOcNw0rbwuRtnMsklwj3Rmc9C0I=,atef6UvqwTZHpZ6VecDc2PQYoPc=
-132,-1,sOcNw0rbwuRtnMsklwj3Rmc9C0I=,atef6UvqwTZHpZ6VecDc2PQYoPc=
-136,-1,sOcNw0rbwuRtnMsklwj3Rmc9C0I=,atef6UvqwTZHpZ6VecDc2PQYoPc=
-129,-1,sOcNw0rbwuRtnMsklwj3Rmc9C0I=,atef6UvqwTZHpZ6VecDc2PQYoPc=
-137,-1,sOcNw0rbwuRtnMsklwj3Rmc9C0I=,qGcuuCnfhgg5YjUGuBBsEaWnzFg=
-129,-16,sOcNw0rbwuRtnMsklwj3Rmc9C0I=,l3jeV3YlZwzBZdVqHAWivgKG7Kc=
-144,-14,sOcNw0rbwuRtnMsklwj3Rmc9C0I=,BPY8eSm7B+SYs8i40XOiQD+Wt84=
-144,-7,sOcNw0rbwuRtnMsklwj3Rmc9C0I=,qGcuuCnfhgg5YjUGuBBsEaWnzFg=
-144,-9,sOcNw0rbwuRtnMsklwj3Rmc9C0I=,BPY8eSm7B+SYs8i40XOiQD+Wt84=
-144,-13,sOcNw0rbwuRtnMsklwj3Rmc9C0I=,BPY8eSm7B+SYs8i40XOiQD+Wt84=
-144,-10,sOcNw0rbwuRtnMsklwj3Rmc9C0I=,BPY8eSm7B+SYs8i40XOiQD+Wt84=
-144,-12,sOcNw0rbwuRtnMsklwj3Rmc9C0I=,BPY8eSm7B+SYs8i40XOiQD+Wt84=
-144,-2,sOcNw0rbwuRtnMsklwj3Rmc9C0I=,qGcuuCnfhgg5YjUGuBBsEaWnzFg=
-144,-15,sOcNw0rbwuRtnMsklwj3Rmc9C0I=,BPY8eSm7B+SYs8i40XOiQD+Wt84=
-144,-5,sOcNw0rbwuRtnMsklwj3Rmc9C0I=,qGcuuCnfhgg5YjUGuBBsEaWnzFg=
-144,-1,sOcNw0rbwuRtnMsklwj3Rmc9C0I=,qGcuuCnfhgg5YjUGuBBsEaWnzFg=
-144,-6,sOcNw0rbwuRtnMsklwj3Rmc9C0I=,qGcuuCnfhgg5YjUGuBBsEaWnzFg=
-144,-8,sOcNw0rbwuRtnMsklwj3Rmc9C0I=,qGcuuCnfhgg5YjUGuBBsEaWnzFg=
-144,-16,sOcNw0rbwuRtnMsklwj3Rmc9C0I=,BPY8eSm7B+SYs8i40XOiQD+Wt84=
-144,-4,sOcNw0rbwuRtnMsklwj3Rmc9C0I=,qGcuuCnfhgg5YjUGuBBsEaWnzFg=
-144,-3,sOcNw0rbwuRtnMsklwj3Rmc9C0I=,qGcuuCnfhgg5YjUGuBBsEaWnzFg=
-144,-11,sOcNw0rbwuRtnMsklwj3Rmc9C0I=,BPY8eSm7B+SYs8i40XOiQD+Wt84=
-135,-31,vasGFv7hkzeybRaLcf55jt6FD5Q=,rp+KsLDqwolkSuE9MKmfZFJsOJw=
-130,-26,vasGFv7hkzeybRaLcf55jt6FD5Q=,rp+KsLDqwolkSuE9MKmfZFJsOJw=
-131,-26,vasGFv7hkzeybRaLcf55jt6FD5Q=,rp+KsLDqwolkSuE9MKmfZFJsOJw=
-133,-26,vasGFv7hkzeybRaLcf55jt6FD5Q=,rp+KsLDqwolkSuE9MKmfZFJsOJw=
-132,-26,vasGFv7hkzeybRaLcf55jt6FD5Q=,rp+KsLDqwolkSuE9MKmfZFJsOJw=
-135,-26,vasGFv7hkzeybRaLcf55jt6FD5Q=,rp+KsLDqwolkSuE9MKmfZFJsOJw=
-132,-27,vasGFv7hkzeybRaLcf55jt6FD5Q=,rp+KsLDqwolkSuE9MKmfZFJsOJw=
-134,-31,vasGFv7hkzeybRaLcf55jt6FD5Q=,rp+KsLDqwolkSuE9MKmfZFJsOJw=
-131,-31,vasGFv7hkzeybRaLcf55jt6FD5Q=,rp+KsLDqwolkSuE9MKmfZFJsOJw=
-132,-31,vasGFv7hkzeybRaLcf55jt6FD5Q=,rp+KsLDqwolkSuE9MKmfZFJsOJw=
-130,-31,vasGFv7hkzeybRaLcf55jt6FD5Q=,rp+KsLDqwolkSuE9MKmfZFJsOJw=
-135,-30,vasGFv7hkzeybRaLcf55jt6FD5Q=,rp+KsLDqwolkSuE9MKmfZFJsOJw=
-134,-30,vasGFv7hkzeybRaLcf55jt6FD5Q=,rp+KsLDqwolkSuE9MKmfZFJsOJw=
-135,-29,vasGFv7hkzeybRaLcf55jt6FD5Q=,rp+KsLDqwolkSuE9MKmfZFJsOJw=
-134,-29,vasGFv7hkzeybRaLcf55jt6FD5Q=,rp+KsLDqwolkSuE9MKmfZFJsOJw=
-133,-29,vasGFv7hkzeybRaLcf55jt6FD5Q=,rp+KsLDqwolkSuE9MKmfZFJsOJw=
-134,-26,vasGFv7hkzeybRaLcf55jt6FD5Q=,rp+KsLDqwolkSuE9MKmfZFJsOJw=
-132,-29,vasGFv7hkzeybRaLcf55jt6FD5Q=,rp+KsLDqwolkSuE9MKmfZFJsOJw=
-130,-29,vasGFv7hkzeybRaLcf55jt6FD5Q=,rp+KsLDqwolkSuE9MKmfZFJsOJw=
-135,-28,vasGFv7hkzeybRaLcf55jt6FD5Q=,rp+KsLDqwolkSuE9MKmfZFJsOJw=
-133,-28,vasGFv7hkzeybRaLcf55jt6FD5Q=,rp+KsLDqwolkSuE9MKmfZFJsOJw=
-133,-30,vasGFv7hkzeybRaLcf55jt6FD5Q=,rp+KsLDqwolkSuE9MKmfZFJsOJw=
-132,-30,vasGFv7hkzeybRaLcf55jt6FD5Q=,rp+KsLDqwolkSuE9MKmfZFJsOJw=
-133,-31,vasGFv7hkzeybRaLcf55jt6FD5Q=,rp+KsLDqwolkSuE9MKmfZFJsOJw=
-134,-28,vasGFv7hkzeybRaLcf55jt6FD5Q=,rp+KsLDqwolkSuE9MKmfZFJsOJw=
-131,-27,vasGFv7hkzeybRaLcf55jt6FD5Q=,rp+KsLDqwolkSuE9MKmfZFJsOJw=
-134,-27,vasGFv7hkzeybRaLcf55jt6FD5Q=,rp+KsLDqwolkSuE9MKmfZFJsOJw=
-135,-27,vasGFv7hkzeybRaLcf55jt6FD5Q=,rp+KsLDqwolkSuE9MKmfZFJsOJw=
-130,-27,vasGFv7hkzeybRaLcf55jt6FD5Q=,rp+KsLDqwolkSuE9MKmfZFJsOJw=
-130,-30,vasGFv7hkzeybRaLcf55jt6FD5Q=,rp+KsLDqwolkSuE9MKmfZFJsOJw=
-133,-27,vasGFv7hkzeybRaLcf55jt6FD5Q=,rp+KsLDqwolkSuE9MKmfZFJsOJw=
-131,-29,vasGFv7hkzeybRaLcf55jt6FD5Q=,rp+KsLDqwolkSuE9MKmfZFJsOJw=
-132,-28,vasGFv7hkzeybRaLcf55jt6FD5Q=,rp+KsLDqwolkSuE9MKmfZFJsOJw=
-130,-28,vasGFv7hkzeybRaLcf55jt6FD5Q=,rp+KsLDqwolkSuE9MKmfZFJsOJw=
-131,-30,vasGFv7hkzeybRaLcf55jt6FD5Q=,rp+KsLDqwolkSuE9MKmfZFJsOJw=
-131,-28,vasGFv7hkzeybRaLcf55jt6FD5Q=,rp+KsLDqwolkSuE9MKmfZFJsOJw=
-139,-22,vasGFv7hkzeybRaLcf55jt6FD5Q=,fWypfV+sr5LQRATnaXYlO6RMS0o=
-140,-22,vasGFv7hkzeybRaLcf55jt6FD5Q=,fWypfV+sr5LQRATnaXYlO6RMS0o=
-141,-22,vasGFv7hkzeybRaLcf55jt6FD5Q=,fWypfV+sr5LQRATnaXYlO6RMS0o=
-141,-21,vasGFv7hkzeybRaLcf55jt6FD5Q=,fWypfV+sr5LQRATnaXYlO6RMS0o=
-142,-22,vasGFv7hkzeybRaLcf55jt6FD5Q=,fWypfV+sr5LQRATnaXYlO6RMS0o=
-140,-21,vasGFv7hkzeybRaLcf55jt6FD5Q=,fWypfV+sr5LQRATnaXYlO6RMS0o=
-143,-21,vasGFv7hkzeybRaLcf55jt6FD5Q=,fWypfV+sr5LQRATnaXYlO6RMS0o=
-142,-21,vasGFv7hkzeybRaLcf55jt6FD5Q=,fWypfV+sr5LQRATnaXYlO6RMS0o=
-141,-18,vasGFv7hkzeybRaLcf55jt6FD5Q=,fWypfV+sr5LQRATnaXYlO6RMS0o=
-140,-18,vasGFv7hkzeybRaLcf55jt6FD5Q=,fWypfV+sr5LQRATnaXYlO6RMS0o=
-142,-18,vasGFv7hkzeybRaLcf55jt6FD5Q=,fWypfV+sr5LQRATnaXYlO6RMS0o=
-139,-21,vasGFv7hkzeybRaLcf55jt6FD5Q=,fWypfV+sr5LQRATnaXYlO6RMS0o=
-138,-23,vasGFv7hkzeybRaLcf55jt6FD5Q=,fWypfV+sr5LQRATnaXYlO6RMS0o=
-139,-23,vasGFv7hkzeybRaLcf55jt6FD5Q=,fWypfV+sr5LQRATnaXYlO6RMS0o=
-138,-21,vasGFv7hkzeybRaLcf55jt6FD5Q=,fWypfV+sr5LQRATnaXYlO6RMS0o=
-138,-19,vasGFv7hkzeybRaLcf55jt6FD5Q=,fWypfV+sr5LQRATnaXYlO6RMS0o=
-143,-18,vasGFv7hkzeybRaLcf55jt6FD5Q=,fWypfV+sr5LQRATnaXYlO6RMS0o=
-140,-23,vasGFv7hkzeybRaLcf55jt6FD5Q=,fWypfV+sr5LQRATnaXYlO6RMS0o=
-143,-20,vasGFv7hkzeybRaLcf55jt6FD5Q=,fWypfV+sr5LQRATnaXYlO6RMS0o=
-141,-19,vasGFv7hkzeybRaLcf55jt6FD5Q=,fWypfV+sr5LQRATnaXYlO6RMS0o=
-143,-23,vasGFv7hkzeybRaLcf55jt6FD5Q=,fWypfV+sr5LQRATnaXYlO6RMS0o=
-138,-22,vasGFv7hkzeybRaLcf55jt6FD5Q=,fWypfV+sr5LQRATnaXYlO6RMS0o=
-141,-23,vasGFv7hkzeybRaLcf55jt6FD5Q=,fWypfV+sr5LQRATnaXYlO6RMS0o=
-142,-19,vasGFv7hkzeybRaLcf55jt6FD5Q=,fWypfV+sr5LQRATnaXYlO6RMS0o=
-142,-20,vasGFv7hkzeybRaLcf55jt6FD5Q=,fWypfV+sr5LQRATnaXYlO6RMS0o=
-138,-20,vasGFv7hkzeybRaLcf55jt6FD5Q=,fWypfV+sr5LQRATnaXYlO6RMS0o=
-140,-20,vasGFv7hkzeybRaLcf55jt6FD5Q=,fWypfV+sr5LQRATnaXYlO6RMS0o=
-139,-20,vasGFv7hkzeybRaLcf55jt6FD5Q=,fWypfV+sr5LQRATnaXYlO6RMS0o=
-139,-18,vasGFv7hkzeybRaLcf55jt6FD5Q=,fWypfV+sr5LQRATnaXYlO6RMS0o=
-138,-18,vasGFv7hkzeybRaLcf55jt6FD5Q=,fWypfV+sr5LQRATnaXYlO6RMS0o=
-143,-19,vasGFv7hkzeybRaLcf55jt6FD5Q=,fWypfV+sr5LQRATnaXYlO6RMS0o=
-141,-20,vasGFv7hkzeybRaLcf55jt6FD5Q=,fWypfV+sr5LQRATnaXYlO6RMS0o=
-139,-19,vasGFv7hkzeybRaLcf55jt6FD5Q=,fWypfV+sr5LQRATnaXYlO6RMS0o=
-142,-23,vasGFv7hkzeybRaLcf55jt6FD5Q=,fWypfV+sr5LQRATnaXYlO6RMS0o=
-141,-27,vasGFv7hkzeybRaLcf55jt6FD5Q=,XExFsaWrg8tgeMdZixAfvn8g83A=
-143,-22,vasGFv7hkzeybRaLcf55jt6FD5Q=,fWypfV+sr5LQRATnaXYlO6RMS0o=
-140,-19,vasGFv7hkzeybRaLcf55jt6FD5Q=,fWypfV+sr5LQRATnaXYlO6RMS0o=
-140,-17,vasGFv7hkzeybRaLcf55jt6FD5Q=,fWypfV+sr5LQRATnaXYlO6RMS0o=
-138,-17,vasGFv7hkzeybRaLcf55jt6FD5Q=,fWypfV+sr5LQRATnaXYlO6RMS0o=
-142,-28,vasGFv7hkzeybRaLcf55jt6FD5Q=,XExFsaWrg8tgeMdZixAfvn8g83A=
-136,-28,vasGFv7hkzeybRaLcf55jt6FD5Q=,rp+KsLDqwolkSuE9MKmfZFJsOJw=
-143,-28,vasGFv7hkzeybRaLcf55jt6FD5Q=,XExFsaWrg8tgeMdZixAfvn8g83A=
-136,-26,vasGFv7hkzeybRaLcf55jt6FD5Q=,rp+KsLDqwolkSuE9MKmfZFJsOJw=
-141,-28,vasGFv7hkzeybRaLcf55jt6FD5Q=,XExFsaWrg8tgeMdZixAfvn8g83A=
-140,-29,vasGFv7hkzeybRaLcf55jt6FD5Q=,XExFsaWrg8tgeMdZixAfvn8g83A=
-138,-29,vasGFv7hkzeybRaLcf55jt6FD5Q=,XExFsaWrg8tgeMdZixAfvn8g83A=
-137,-29,vasGFv7hkzeybRaLcf55jt6FD5Q=,XExFsaWrg8tgeMdZixAfvn8g83A=
-142,-29,vasGFv7hkzeybRaLcf55jt6FD5Q=,XExFsaWrg8tgeMdZixAfvn8g83A=
-143,-29,vasGFv7hkzeybRaLcf55jt6FD5Q=,XExFsaWrg8tgeMdZixAfvn8g83A=
-137,-30,vasGFv7hkzeybRaLcf55jt6FD5Q=,XExFsaWrg8tgeMdZixAfvn8g83A=
-141,-17,vasGFv7hkzeybRaLcf55jt6FD5Q=,fWypfV+sr5LQRATnaXYlO6RMS0o=
-140,-30,vasGFv7hkzeybRaLcf55jt6FD5Q=,XExFsaWrg8tgeMdZixAfvn8g83A=
-139,-30,vasGFv7hkzeybRaLcf55jt6FD5Q=,XExFsaWrg8tgeMdZixAfvn8g83A=
-142,-30,vasGFv7hkzeybRaLcf55jt6FD5Q=,XExFsaWrg8tgeMdZixAfvn8g83A=
-138,-30,vasGFv7hkzeybRaLcf55jt6FD5Q=,XExFsaWrg8tgeMdZixAfvn8g83A=
-138,-31,vasGFv7hkzeybRaLcf55jt6FD5Q=,XExFsaWrg8tgeMdZixAfvn8g83A=
-137,-31,vasGFv7hkzeybRaLcf55jt6FD5Q=,XExFsaWrg8tgeMdZixAfvn8g83A=
-139,-24,vasGFv7hkzeybRaLcf55jt6FD5Q=,fWypfV+sr5LQRATnaXYlO6RMS0o=
-136,-29,vasGFv7hkzeybRaLcf55jt6FD5Q=,rp+KsLDqwolkSuE9MKmfZFJsOJw=
-139,-31,vasGFv7hkzeybRaLcf55jt6FD5Q=,XExFsaWrg8tgeMdZixAfvn8g83A=
-143,-17,vasGFv7hkzeybRaLcf55jt6FD5Q=,fWypfV+sr5LQRATnaXYlO6RMS0o=
-140,-27,vasGFv7hkzeybRaLcf55jt6FD5Q=,XExFsaWrg8tgeMdZixAfvn8g83A=
-136,-27,vasGFv7hkzeybRaLcf55jt6FD5Q=,rp+KsLDqwolkSuE9MKmfZFJsOJw=
-137,-28,vasGFv7hkzeybRaLcf55jt6FD5Q=,XExFsaWrg8tgeMdZixAfvn8g83A=
-142,-17,vasGFv7hkzeybRaLcf55jt6FD5Q=,fWypfV+sr5LQRATnaXYlO6RMS0o=
-139,-17,vasGFv7hkzeybRaLcf55jt6FD5Q=,fWypfV+sr5LQRATnaXYlO6RMS0o=
-140,-31,vasGFv7hkzeybRaLcf55jt6FD5Q=,XExFsaWrg8tgeMdZixAfvn8g83A=
-143,-27,vasGFv7hkzeybRaLcf55jt6FD5Q=,XExFsaWrg8tgeMdZixAfvn8g83A=
-138,-24,vasGFv7hkzeybRaLcf55jt6FD5Q=,fWypfV+sr5LQRATnaXYlO6RMS0o=
-136,-30,vasGFv7hkzeybRaLcf55jt6FD5Q=,rp+KsLDqwolkSuE9MKmfZFJsOJw=
-143,-31,vasGFv7hkzeybRaLcf55jt6FD5Q=,XExFsaWrg8tgeMdZixAfvn8g83A=
-139,-27,vasGFv7hkzeybRaLcf55jt6FD5Q=,XExFsaWrg8tgeMdZixAfvn8g83A=
-138,-25,vasGFv7hkzeybRaLcf55jt6FD5Q=,XExFsaWrg8tgeMdZixAfvn8g83A=
-136,-31,vasGFv7hkzeybRaLcf55jt6FD5Q=,rp+KsLDqwolkSuE9MKmfZFJsOJw=
-139,-25,vasGFv7hkzeybRaLcf55jt6FD5Q=,XExFsaWrg8tgeMdZixAfvn8g83A=
-142,-27,vasGFv7hkzeybRaLcf55jt6FD5Q=,XExFsaWrg8tgeMdZixAfvn8g83A=
-138,-27,vasGFv7hkzeybRaLcf55jt6FD5Q=,XExFsaWrg8tgeMdZixAfvn8g83A=
-143,-30,vasGFv7hkzeybRaLcf55jt6FD5Q=,XExFsaWrg8tgeMdZixAfvn8g83A=
-140,-25,vasGFv7hkzeybRaLcf55jt6FD5Q=,XExFsaWrg8tgeMdZixAfvn8g83A=
-143,-25,vasGFv7hkzeybRaLcf55jt6FD5Q=,XExFsaWrg8tgeMdZixAfvn8g83A=
-141,-25,vasGFv7hkzeybRaLcf55jt6FD5Q=,XExFsaWrg8tgeMdZixAfvn8g83A=
-142,-25,vasGFv7hkzeybRaLcf55jt6FD5Q=,XExFsaWrg8tgeMdZixAfvn8g83A=
-137,-27,vasGFv7hkzeybRaLcf55jt6FD5Q=,XExFsaWrg8tgeMdZixAfvn8g83A=
-140,-26,vasGFv7hkzeybRaLcf55jt6FD5Q=,XExFsaWrg8tgeMdZixAfvn8g83A=
-138,-28,vasGFv7hkzeybRaLcf55jt6FD5Q=,XExFsaWrg8tgeMdZixAfvn8g83A=
-139,-28,vasGFv7hkzeybRaLcf55jt6FD5Q=,XExFsaWrg8tgeMdZixAfvn8g83A=
-143,-24,vasGFv7hkzeybRaLcf55jt6FD5Q=,fWypfV+sr5LQRATnaXYlO6RMS0o=
-142,-31,vasGFv7hkzeybRaLcf55jt6FD5Q=,XExFsaWrg8tgeMdZixAfvn8g83A=
-141,-29,vasGFv7hkzeybRaLcf55jt6FD5Q=,XExFsaWrg8tgeMdZixAfvn8g83A=
-141,-31,vasGFv7hkzeybRaLcf55jt6FD5Q=,XExFsaWrg8tgeMdZixAfvn8g83A=
-140,-24,vasGFv7hkzeybRaLcf55jt6FD5Q=,fWypfV+sr5LQRATnaXYlO6RMS0o=
-141,-26,vasGFv7hkzeybRaLcf55jt6FD5Q=,XExFsaWrg8tgeMdZixAfvn8g83A=
-140,-28,vasGFv7hkzeybRaLcf55jt6FD5Q=,XExFsaWrg8tgeMdZixAfvn8g83A=
-141,-24,vasGFv7hkzeybRaLcf55jt6FD5Q=,fWypfV+sr5LQRATnaXYlO6RMS0o=
-141,-30,vasGFv7hkzeybRaLcf55jt6FD5Q=,XExFsaWrg8tgeMdZixAfvn8g83A=
-143,-26,vasGFv7hkzeybRaLcf55jt6FD5Q=,XExFsaWrg8tgeMdZixAfvn8g83A=
-139,-29,vasGFv7hkzeybRaLcf55jt6FD5Q=,XExFsaWrg8tgeMdZixAfvn8g83A=
-138,-26,vasGFv7hkzeybRaLcf55jt6FD5Q=,XExFsaWrg8tgeMdZixAfvn8g83A=
-142,-24,vasGFv7hkzeybRaLcf55jt6FD5Q=,fWypfV+sr5LQRATnaXYlO6RMS0o=
-142,-26,vasGFv7hkzeybRaLcf55jt6FD5Q=,XExFsaWrg8tgeMdZixAfvn8g83A=
-137,-26,vasGFv7hkzeybRaLcf55jt6FD5Q=,XExFsaWrg8tgeMdZixAfvn8g83A=
-139,-26,vasGFv7hkzeybRaLcf55jt6FD5Q=,XExFsaWrg8tgeMdZixAfvn8g83A=
-136,-25,vasGFv7hkzeybRaLcf55jt6FD5Q=,rp+KsLDqwolkSuE9MKmfZFJsOJw=
-135,-25,vasGFv7hkzeybRaLcf55jt6FD5Q=,rp+KsLDqwolkSuE9MKmfZFJsOJw=
-137,-22,vasGFv7hkzeybRaLcf55jt6FD5Q=,fWypfV+sr5LQRATnaXYlO6RMS0o=
-133,-25,vasGFv7hkzeybRaLcf55jt6FD5Q=,rp+KsLDqwolkSuE9MKmfZFJsOJw=
-135,-21,vasGFv7hkzeybRaLcf55jt6FD5Q=,JRnChinhBM74trRi1ft5vhD13iI=
-135,-19,vasGFv7hkzeybRaLcf55jt6FD5Q=,JRnChinhBM74trRi1ft5vhD13iI=
-134,-22,vasGFv7hkzeybRaLcf55jt6FD5Q=,JRnChinhBM74trRi1ft5vhD13iI=
-134,-24,vasGFv7hkzeybRaLcf55jt6FD5Q=,JRnChinhBM74trRi1ft5vhD13iI=
-130,-22,vasGFv7hkzeybRaLcf55jt6FD5Q=,JRnChinhBM74trRi1ft5vhD13iI=
-137,-23,vasGFv7hkzeybRaLcf55jt6FD5Q=,fWypfV+sr5LQRATnaXYlO6RMS0o=
-136,-19,vasGFv7hkzeybRaLcf55jt6FD5Q=,JRnChinhBM74trRi1ft5vhD13iI=
-131,-22,vasGFv7hkzeybRaLcf55jt6FD5Q=,JRnChinhBM74trRi1ft5vhD13iI=
-137,-18,vasGFv7hkzeybRaLcf55jt6FD5Q=,fWypfV+sr5LQRATnaXYlO6RMS0o=
-137,-19,vasGFv7hkzeybRaLcf55jt6FD5Q=,fWypfV+sr5LQRATnaXYlO6RMS0o=
-135,-23,vasGFv7hkzeybRaLcf55jt6FD5Q=,JRnChinhBM74trRi1ft5vhD13iI=
-136,-23,vasGFv7hkzeybRaLcf55jt6FD5Q=,JRnChinhBM74trRi1ft5vhD13iI=
-131,-24,vasGFv7hkzeybRaLcf55jt6FD5Q=,JRnChinhBM74trRi1ft5vhD13iI=
-130,-24,vasGFv7hkzeybRaLcf55jt6FD5Q=,JRnChinhBM74trRi1ft5vhD13iI=
-134,-23,vasGFv7hkzeybRaLcf55jt6FD5Q=,JRnChinhBM74trRi1ft5vhD13iI=
-137,-25,vasGFv7hkzeybRaLcf55jt6FD5Q=,XExFsaWrg8tgeMdZixAfvn8g83A=
-131,-23,vasGFv7hkzeybRaLcf55jt6FD5Q=,JRnChinhBM74trRi1ft5vhD13iI=
-136,-18,vasGFv7hkzeybRaLcf55jt6FD5Q=,JRnChinhBM74trRi1ft5vhD13iI=
-132,-24,vasGFv7hkzeybRaLcf55jt6FD5Q=,JRnChinhBM74trRi1ft5vhD13iI=
-136,-24,vasGFv7hkzeybRaLcf55jt6FD5Q=,JRnChinhBM74trRi1ft5vhD13iI=
-130,-21,vasGFv7hkzeybRaLcf55jt6FD5Q=,JRnChinhBM74trRi1ft5vhD13iI=
-136,-22,vasGFv7hkzeybRaLcf55jt6FD5Q=,JRnChinhBM74trRi1ft5vhD13iI=
-131,-21,vasGFv7hkzeybRaLcf55jt6FD5Q=,JRnChinhBM74trRi1ft5vhD13iI=
-132,-21,vasGFv7hkzeybRaLcf55jt6FD5Q=,JRnChinhBM74trRi1ft5vhD13iI=
-133,-24,vasGFv7hkzeybRaLcf55jt6FD5Q=,JRnChinhBM74trRi1ft5vhD13iI=
-132,-19,vasGFv7hkzeybRaLcf55jt6FD5Q=,JRnChinhBM74trRi1ft5vhD13iI=
-132,-20,vasGFv7hkzeybRaLcf55jt6FD5Q=,JRnChinhBM74trRi1ft5vhD13iI=
-131,-18,vasGFv7hkzeybRaLcf55jt6FD5Q=,JRnChinhBM74trRi1ft5vhD13iI=
-136,-20,vasGFv7hkzeybRaLcf55jt6FD5Q=,JRnChinhBM74trRi1ft5vhD13iI=
-135,-20,vasGFv7hkzeybRaLcf55jt6FD5Q=,JRnChinhBM74trRi1ft5vhD13iI=
-130,-20,vasGFv7hkzeybRaLcf55jt6FD5Q=,JRnChinhBM74trRi1ft5vhD13iI=
-137,-24,vasGFv7hkzeybRaLcf55jt6FD5Q=,fWypfV+sr5LQRATnaXYlO6RMS0o=
-131,-19,vasGFv7hkzeybRaLcf55jt6FD5Q=,JRnChinhBM74trRi1ft5vhD13iI=
-135,-18,vasGFv7hkzeybRaLcf55jt6FD5Q=,JRnChinhBM74trRi1ft5vhD13iI=
-133,-20,vasGFv7hkzeybRaLcf55jt6FD5Q=,JRnChinhBM74trRi1ft5vhD13iI=
-132,-23,vasGFv7hkzeybRaLcf55jt6FD5Q=,JRnChinhBM74trRi1ft5vhD13iI=
-133,-18,vasGFv7hkzeybRaLcf55jt6FD5Q=,JRnChinhBM74trRi1ft5vhD13iI=
-132,-25,vasGFv7hkzeybRaLcf55jt6FD5Q=,rp+KsLDqwolkSuE9MKmfZFJsOJw=
-135,-24,vasGFv7hkzeybRaLcf55jt6FD5Q=,JRnChinhBM74trRi1ft5vhD13iI=
-130,-25,vasGFv7hkzeybRaLcf55jt6FD5Q=,rp+KsLDqwolkSuE9MKmfZFJsOJw=
-134,-21,vasGFv7hkzeybRaLcf55jt6FD5Q=,JRnChinhBM74trRi1ft5vhD13iI=
-133,-21,vasGFv7hkzeybRaLcf55jt6FD5Q=,JRnChinhBM74trRi1ft5vhD13iI=
-131,-25,vasGFv7hkzeybRaLcf55jt6FD5Q=,rp+KsLDqwolkSuE9MKmfZFJsOJw=
-134,-20,vasGFv7hkzeybRaLcf55jt6FD5Q=,JRnChinhBM74trRi1ft5vhD13iI=
-133,-19,vasGFv7hkzeybRaLcf55jt6FD5Q=,JRnChinhBM74trRi1ft5vhD13iI=
-130,-19,vasGFv7hkzeybRaLcf55jt6FD5Q=,JRnChinhBM74trRi1ft5vhD13iI=
-135,-22,vasGFv7hkzeybRaLcf55jt6FD5Q=,JRnChinhBM74trRi1ft5vhD13iI=
-134,-25,vasGFv7hkzeybRaLcf55jt6FD5Q=,rp+KsLDqwolkSuE9MKmfZFJsOJw=
-137,-20,vasGFv7hkzeybRaLcf55jt6FD5Q=,fWypfV+sr5LQRATnaXYlO6RMS0o=
-137,-21,vasGFv7hkzeybRaLcf55jt6FD5Q=,fWypfV+sr5LQRATnaXYlO6RMS0o=
-134,-19,vasGFv7hkzeybRaLcf55jt6FD5Q=,JRnChinhBM74trRi1ft5vhD13iI=
-131,-20,vasGFv7hkzeybRaLcf55jt6FD5Q=,JRnChinhBM74trRi1ft5vhD13iI=
-133,-22,vasGFv7hkzeybRaLcf55jt6FD5Q=,JRnChinhBM74trRi1ft5vhD13iI=
-132,-22,vasGFv7hkzeybRaLcf55jt6FD5Q=,JRnChinhBM74trRi1ft5vhD13iI=
-130,-18,vasGFv7hkzeybRaLcf55jt6FD5Q=,JRnChinhBM74trRi1ft5vhD13iI=
-133,-23,vasGFv7hkzeybRaLcf55jt6FD5Q=,JRnChinhBM74trRi1ft5vhD13iI=
-130,-23,vasGFv7hkzeybRaLcf55jt6FD5Q=,JRnChinhBM74trRi1ft5vhD13iI=
-132,-18,vasGFv7hkzeybRaLcf55jt6FD5Q=,JRnChinhBM74trRi1ft5vhD13iI=
-136,-21,vasGFv7hkzeybRaLcf55jt6FD5Q=,JRnChinhBM74trRi1ft5vhD13iI=
-134,-18,vasGFv7hkzeybRaLcf55jt6FD5Q=,JRnChinhBM74trRi1ft5vhD13iI=
-129,-23,vasGFv7hkzeybRaLcf55jt6FD5Q=,JRnChinhBM74trRi1ft5vhD13iI=
-129,-18,vasGFv7hkzeybRaLcf55jt6FD5Q=,JRnChinhBM74trRi1ft5vhD13iI=
-129,-20,vasGFv7hkzeybRaLcf55jt6FD5Q=,JRnChinhBM74trRi1ft5vhD13iI=
-129,-22,vasGFv7hkzeybRaLcf55jt6FD5Q=,JRnChinhBM74trRi1ft5vhD13iI=
-133,-17,vasGFv7hkzeybRaLcf55jt6FD5Q=,JRnChinhBM74trRi1ft5vhD13iI=
-132,-17,vasGFv7hkzeybRaLcf55jt6FD5Q=,JRnChinhBM74trRi1ft5vhD13iI=
-130,-17,vasGFv7hkzeybRaLcf55jt6FD5Q=,JRnChinhBM74trRi1ft5vhD13iI=
-137,-17,vasGFv7hkzeybRaLcf55jt6FD5Q=,fWypfV+sr5LQRATnaXYlO6RMS0o=
-131,-17,vasGFv7hkzeybRaLcf55jt6FD5Q=,JRnChinhBM74trRi1ft5vhD13iI=
-134,-17,vasGFv7hkzeybRaLcf55jt6FD5Q=,JRnChinhBM74trRi1ft5vhD13iI=
-135,-17,vasGFv7hkzeybRaLcf55jt6FD5Q=,JRnChinhBM74trRi1ft5vhD13iI=
-129,-19,vasGFv7hkzeybRaLcf55jt6FD5Q=,JRnChinhBM74trRi1ft5vhD13iI=
-129,-28,vasGFv7hkzeybRaLcf55jt6FD5Q=,rp+KsLDqwolkSuE9MKmfZFJsOJw=
-129,-21,vasGFv7hkzeybRaLcf55jt6FD5Q=,JRnChinhBM74trRi1ft5vhD13iI=
-129,-31,vasGFv7hkzeybRaLcf55jt6FD5Q=,rp+KsLDqwolkSuE9MKmfZFJsOJw=
-129,-27,vasGFv7hkzeybRaLcf55jt6FD5Q=,rp+KsLDqwolkSuE9MKmfZFJsOJw=
-129,-26,vasGFv7hkzeybRaLcf55jt6FD5Q=,rp+KsLDqwolkSuE9MKmfZFJsOJw=
-129,-29,vasGFv7hkzeybRaLcf55jt6FD5Q=,rp+KsLDqwolkSuE9MKmfZFJsOJw=
-129,-24,vasGFv7hkzeybRaLcf55jt6FD5Q=,JRnChinhBM74trRi1ft5vhD13iI=
-129,-25,vasGFv7hkzeybRaLcf55jt6FD5Q=,rp+KsLDqwolkSuE9MKmfZFJsOJw=
-136,-17,vasGFv7hkzeybRaLcf55jt6FD5Q=,JRnChinhBM74trRi1ft5vhD13iI=
-129,-30,vasGFv7hkzeybRaLcf55jt6FD5Q=,rp+KsLDqwolkSuE9MKmfZFJsOJw=
-132,-32,vasGFv7hkzeybRaLcf55jt6FD5Q=,rp+KsLDqwolkSuE9MKmfZFJsOJw=
-134,-32,vasGFv7hkzeybRaLcf55jt6FD5Q=,rp+KsLDqwolkSuE9MKmfZFJsOJw=
-133,-32,vasGFv7hkzeybRaLcf55jt6FD5Q=,rp+KsLDqwolkSuE9MKmfZFJsOJw=
-135,-32,vasGFv7hkzeybRaLcf55jt6FD5Q=,rp+KsLDqwolkSuE9MKmfZFJsOJw=
-130,-32,vasGFv7hkzeybRaLcf55jt6FD5Q=,rp+KsLDqwolkSuE9MKmfZFJsOJw=
-131,-32,vasGFv7hkzeybRaLcf55jt6FD5Q=,rp+KsLDqwolkSuE9MKmfZFJsOJw=
-129,-32,vasGFv7hkzeybRaLcf55jt6FD5Q=,rp+KsLDqwolkSuE9MKmfZFJsOJw=
-138,-32,vasGFv7hkzeybRaLcf55jt6FD5Q=,XExFsaWrg8tgeMdZixAfvn8g83A=
-137,-32,vasGFv7hkzeybRaLcf55jt6FD5Q=,XExFsaWrg8tgeMdZixAfvn8g83A=
-139,-32,vasGFv7hkzeybRaLcf55jt6FD5Q=,XExFsaWrg8tgeMdZixAfvn8g83A=
-136,-32,vasGFv7hkzeybRaLcf55jt6FD5Q=,rp+KsLDqwolkSuE9MKmfZFJsOJw=
-140,-32,vasGFv7hkzeybRaLcf55jt6FD5Q=,XExFsaWrg8tgeMdZixAfvn8g83A=
-144,-26,vasGFv7hkzeybRaLcf55jt6FD5Q=,XExFsaWrg8tgeMdZixAfvn8g83A=
-144,-20,vasGFv7hkzeybRaLcf55jt6FD5Q=,fWypfV+sr5LQRATnaXYlO6RMS0o=
-129,-17,vasGFv7hkzeybRaLcf55jt6FD5Q=,JRnChinhBM74trRi1ft5vhD13iI=
-141,-32,vasGFv7hkzeybRaLcf55jt6FD5Q=,XExFsaWrg8tgeMdZixAfvn8g83A=
-143,-32,vasGFv7hkzeybRaLcf55jt6FD5Q=,XExFsaWrg8tgeMdZixAfvn8g83A=
-144,-27,vasGFv7hkzeybRaLcf55jt6FD5Q=,XExFsaWrg8tgeMdZixAfvn8g83A=
-144,-21,vasGFv7hkzeybRaLcf55jt6FD5Q=,fWypfV+sr5LQRATnaXYlO6RMS0o=
-144,-32,vasGFv7hkzeybRaLcf55jt6FD5Q=,XExFsaWrg8tgeMdZixAfvn8g83A=
-142,-32,vasGFv7hkzeybRaLcf55jt6FD5Q=,XExFsaWrg8tgeMdZixAfvn8g83A=
-144,-23,vasGFv7hkzeybRaLcf55jt6FD5Q=,fWypfV+sr5LQRATnaXYlO6RMS0o=
-144,-19,vasGFv7hkzeybRaLcf55jt6FD5Q=,fWypfV+sr5LQRATnaXYlO6RMS0o=
-144,-28,vasGFv7hkzeybRaLcf55jt6FD5Q=,XExFsaWrg8tgeMdZixAfvn8g83A=
-144,-29,vasGFv7hkzeybRaLcf55jt6FD5Q=,XExFsaWrg8tgeMdZixAfvn8g83A=
-144,-18,vasGFv7hkzeybRaLcf55jt6FD5Q=,fWypfV+sr5LQRATnaXYlO6RMS0o=
-144,-17,vasGFv7hkzeybRaLcf55jt6FD5Q=,fWypfV+sr5LQRATnaXYlO6RMS0o=
-144,-24,vasGFv7hkzeybRaLcf55jt6FD5Q=,fWypfV+sr5LQRATnaXYlO6RMS0o=
-144,-31,vasGFv7hkzeybRaLcf55jt6FD5Q=,XExFsaWrg8tgeMdZixAfvn8g83A=
-144,-22,vasGFv7hkzeybRaLcf55jt6FD5Q=,fWypfV+sr5LQRATnaXYlO6RMS0o=
-144,-25,vasGFv7hkzeybRaLcf55jt6FD5Q=,XExFsaWrg8tgeMdZixAfvn8g83A=
-144,-30,vasGFv7hkzeybRaLcf55jt6FD5Q=,XExFsaWrg8tgeMdZixAfvn8g83A=
-151,-31,TO/TzjP9XqmkDLunvmOJvBvKy8g=,kuiJUZJy8nj/XVaonlVkwovn0Qo=
-146,-26,TO/TzjP9XqmkDLunvmOJvBvKy8g=,kuiJUZJy8nj/XVaonlVkwovn0Qo=
-149,-26,TO/TzjP9XqmkDLunvmOJvBvKy8g=,kuiJUZJy8nj/XVaonlVkwovn0Qo=
-148,-26,TO/TzjP9XqmkDLunvmOJvBvKy8g=,kuiJUZJy8nj/XVaonlVkwovn0Qo=
-147,-26,TO/TzjP9XqmkDLunvmOJvBvKy8g=,kuiJUZJy8nj/XVaonlVkwovn0Qo=
-146,-27,TO/TzjP9XqmkDLunvmOJvBvKy8g=,kuiJUZJy8nj/XVaonlVkwovn0Qo=
-150,-26,TO/TzjP9XqmkDLunvmOJvBvKy8g=,kuiJUZJy8nj/XVaonlVkwovn0Qo=
-149,-27,TO/TzjP9XqmkDLunvmOJvBvKy8g=,kuiJUZJy8nj/XVaonlVkwovn0Qo=
-151,-26,TO/TzjP9XqmkDLunvmOJvBvKy8g=,kuiJUZJy8nj/XVaonlVkwovn0Qo=
-146,-28,TO/TzjP9XqmkDLunvmOJvBvKy8g=,kuiJUZJy8nj/XVaonlVkwovn0Qo=
-151,-27,TO/TzjP9XqmkDLunvmOJvBvKy8g=,kuiJUZJy8nj/XVaonlVkwovn0Qo=
-146,-29,TO/TzjP9XqmkDLunvmOJvBvKy8g=,kuiJUZJy8nj/XVaonlVkwovn0Qo=
-147,-29,TO/TzjP9XqmkDLunvmOJvBvKy8g=,kuiJUZJy8nj/XVaonlVkwovn0Qo=
-151,-28,TO/TzjP9XqmkDLunvmOJvBvKy8g=,kuiJUZJy8nj/XVaonlVkwovn0Qo=
-150,-29,TO/TzjP9XqmkDLunvmOJvBvKy8g=,kuiJUZJy8nj/XVaonlVkwovn0Qo=
-146,-30,TO/TzjP9XqmkDLunvmOJvBvKy8g=,kuiJUZJy8nj/XVaonlVkwovn0Qo=
-151,-29,TO/TzjP9XqmkDLunvmOJvBvKy8g=,kuiJUZJy8nj/XVaonlVkwovn0Qo=
-149,-30,TO/TzjP9XqmkDLunvmOJvBvKy8g=,kuiJUZJy8nj/XVaonlVkwovn0Qo=
-150,-30,TO/TzjP9XqmkDLunvmOJvBvKy8g=,kuiJUZJy8nj/XVaonlVkwovn0Qo=
-146,-31,TO/TzjP9XqmkDLunvmOJvBvKy8g=,kuiJUZJy8nj/XVaonlVkwovn0Qo=
-148,-31,TO/TzjP9XqmkDLunvmOJvBvKy8g=,kuiJUZJy8nj/XVaonlVkwovn0Qo=
-147,-31,TO/TzjP9XqmkDLunvmOJvBvKy8g=,kuiJUZJy8nj/XVaonlVkwovn0Qo=
-149,-31,TO/TzjP9XqmkDLunvmOJvBvKy8g=,kuiJUZJy8nj/XVaonlVkwovn0Qo=
-147,-28,TO/TzjP9XqmkDLunvmOJvBvKy8g=,kuiJUZJy8nj/XVaonlVkwovn0Qo=
-150,-31,TO/TzjP9XqmkDLunvmOJvBvKy8g=,kuiJUZJy8nj/XVaonlVkwovn0Qo=
-148,-27,TO/TzjP9XqmkDLunvmOJvBvKy8g=,kuiJUZJy8nj/XVaonlVkwovn0Qo=
-151,-30,TO/TzjP9XqmkDLunvmOJvBvKy8g=,kuiJUZJy8nj/XVaonlVkwovn0Qo=
-147,-27,TO/TzjP9XqmkDLunvmOJvBvKy8g=,kuiJUZJy8nj/XVaonlVkwovn0Qo=
-147,-30,ice0LYSqhffl7wxxx8+Wjg6E4Yk=,kuiJUZJy8nj/XVaonlVkwovn0Qo=
-149,-28,ice0LYSqhffl7wxxx8+Wjg6E4Yk=,kuiJUZJy8nj/XVaonlVkwovn0Qo=
-148,-29,ice0LYSqhffl7wxxx8+Wjg6E4Yk=,kuiJUZJy8nj/XVaonlVkwovn0Qo=
-149,-29,ice0LYSqhffl7wxxx8+Wjg6E4Yk=,kuiJUZJy8nj/XVaonlVkwovn0Qo=
-150,-28,ice0LYSqhffl7wxxx8+Wjg6E4Yk=,kuiJUZJy8nj/XVaonlVkwovn0Qo=
-150,-27,ice0LYSqhffl7wxxx8+Wjg6E4Yk=,kuiJUZJy8nj/XVaonlVkwovn0Qo=
-148,-30,ice0LYSqhffl7wxxx8+Wjg6E4Yk=,kuiJUZJy8nj/XVaonlVkwovn0Qo=
-148,-28,ice0LYSqhffl7wxxx8+Wjg6E4Yk=,kuiJUZJy8nj/XVaonlVkwovn0Qo=
-157,-21,ice0LYSqhffl7wxxx8+Wjg6E4Yk=,YHRBEXj04tBegsQkQbRLFnAddQw=
-154,-22,ice0LYSqhffl7wxxx8+Wjg6E4Yk=,YHRBEXj04tBegsQkQbRLFnAddQw=
-158,-22,ice0LYSqhffl7wxxx8+Wjg6E4Yk=,YHRBEXj04tBegsQkQbRLFnAddQw=
-158,-21,ice0LYSqhffl7wxxx8+Wjg6E4Yk=,YHRBEXj04tBegsQkQbRLFnAddQw=
-159,-21,ice0LYSqhffl7wxxx8+Wjg6E4Yk=,YHRBEXj04tBegsQkQbRLFnAddQw=
-156,-18,ice0LYSqhffl7wxxx8+Wjg6E4Yk=,YHRBEXj04tBegsQkQbRLFnAddQw=
-159,-22,ice0LYSqhffl7wxxx8+Wjg6E4Yk=,YHRBEXj04tBegsQkQbRLFnAddQw=
-156,-19,ice0LYSqhffl7wxxx8+Wjg6E4Yk=,YHRBEXj04tBegsQkQbRLFnAddQw=
-156,-23,ice0LYSqhffl7wxxx8+Wjg6E4Yk=,YHRBEXj04tBegsQkQbRLFnAddQw=
-157,-19,ice0LYSqhffl7wxxx8+Wjg6E4Yk=,YHRBEXj04tBegsQkQbRLFnAddQw=
-155,-19,ice0LYSqhffl7wxxx8+Wjg6E4Yk=,YHRBEXj04tBegsQkQbRLFnAddQw=
-154,-23,ice0LYSqhffl7wxxx8+Wjg6E4Yk=,YHRBEXj04tBegsQkQbRLFnAddQw=
-158,-19,ice0LYSqhffl7wxxx8+Wjg6E4Yk=,YHRBEXj04tBegsQkQbRLFnAddQw=
-155,-20,ice0LYSqhffl7wxxx8+Wjg6E4Yk=,YHRBEXj04tBegsQkQbRLFnAddQw=
-159,-19,ice0LYSqhffl7wxxx8+Wjg6E4Yk=,YHRBEXj04tBegsQkQbRLFnAddQw=
-156,-20,ice0LYSqhffl7wxxx8+Wjg6E4Yk=,YHRBEXj04tBegsQkQbRLFnAddQw=
-158,-18,ice0LYSqhffl7wxxx8+Wjg6E4Yk=,YHRBEXj04tBegsQkQbRLFnAddQw=
-158,-20,ice0LYSqhffl7wxxx8+Wjg6E4Yk=,YHRBEXj04tBegsQkQbRLFnAddQw=
-157,-20,ice0LYSqhffl7wxxx8+Wjg6E4Yk=,YHRBEXj04tBegsQkQbRLFnAddQw=
-154,-19,ice0LYSqhffl7wxxx8+Wjg6E4Yk=,YHRBEXj04tBegsQkQbRLFnAddQw=
-155,-23,ice0LYSqhffl7wxxx8+Wjg6E4Yk=,YHRBEXj04tBegsQkQbRLFnAddQw=
-158,-23,ice0LYSqhffl7wxxx8+Wjg6E4Yk=,YHRBEXj04tBegsQkQbRLFnAddQw=
-157,-18,ice0LYSqhffl7wxxx8+Wjg6E4Yk=,YHRBEXj04tBegsQkQbRLFnAddQw=
-155,-21,ice0LYSqhffl7wxxx8+Wjg6E4Yk=,YHRBEXj04tBegsQkQbRLFnAddQw=
-154,-21,ice0LYSqhffl7wxxx8+Wjg6E4Yk=,YHRBEXj04tBegsQkQbRLFnAddQw=
-156,-21,ice0LYSqhffl7wxxx8+Wjg6E4Yk=,YHRBEXj04tBegsQkQbRLFnAddQw=
-159,-18,ice0LYSqhffl7wxxx8+Wjg6E4Yk=,YHRBEXj04tBegsQkQbRLFnAddQw=
-159,-23,ice0LYSqhffl7wxxx8+Wjg6E4Yk=,YHRBEXj04tBegsQkQbRLFnAddQw=
-159,-20,ice0LYSqhffl7wxxx8+Wjg6E4Yk=,YHRBEXj04tBegsQkQbRLFnAddQw=
-157,-23,ice0LYSqhffl7wxxx8+Wjg6E4Yk=,YHRBEXj04tBegsQkQbRLFnAddQw=
-155,-22,ice0LYSqhffl7wxxx8+Wjg6E4Yk=,YHRBEXj04tBegsQkQbRLFnAddQw=
-154,-18,ice0LYSqhffl7wxxx8+Wjg6E4Yk=,YHRBEXj04tBegsQkQbRLFnAddQw=
-155,-18,ice0LYSqhffl7wxxx8+Wjg6E4Yk=,YHRBEXj04tBegsQkQbRLFnAddQw=
-154,-20,ice0LYSqhffl7wxxx8+Wjg6E4Yk=,YHRBEXj04tBegsQkQbRLFnAddQw=
-157,-22,ice0LYSqhffl7wxxx8+Wjg6E4Yk=,YHRBEXj04tBegsQkQbRLFnAddQw=
-146,-20,ice0LYSqhffl7wxxx8+Wjg6E4Yk=,4QMPZuLfm7ggIlCvxYLCOd9+DJ4=
-156,-22,ice0LYSqhffl7wxxx8+Wjg6E4Yk=,YHRBEXj04tBegsQkQbRLFnAddQw=
-151,-25,ice0LYSqhffl7wxxx8+Wjg6E4Yk=,kuiJUZJy8nj/XVaonlVkwovn0Qo=
-151,-21,ice0LYSqhffl7wxxx8+Wjg6E4Yk=,4QMPZuLfm7ggIlCvxYLCOd9+DJ4=
-147,-20,ice0LYSqhffl7wxxx8+Wjg6E4Yk=,4QMPZuLfm7ggIlCvxYLCOd9+DJ4=
-147,-18,ice0LYSqhffl7wxxx8+Wjg6E4Yk=,4QMPZuLfm7ggIlCvxYLCOd9+DJ4=
-152,-21,ice0LYSqhffl7wxxx8+Wjg6E4Yk=,4QMPZuLfm7ggIlCvxYLCOd9+DJ4=
-147,-19,ice0LYSqhffl7wxxx8+Wjg6E4Yk=,4QMPZuLfm7ggIlCvxYLCOd9+DJ4=
-146,-21,ice0LYSqhffl7wxxx8+Wjg6E4Yk=,4QMPZuLfm7ggIlCvxYLCOd9+DJ4=
-153,-22,ice0LYSqhffl7wxxx8+Wjg6E4Yk=,YHRBEXj04tBegsQkQbRLFnAddQw=
-148,-20,ice0LYSqhffl7wxxx8+Wjg6E4Yk=,4QMPZuLfm7ggIlCvxYLCOd9+DJ4=
-153,-23,ice0LYSqhffl7wxxx8+Wjg6E4Yk=,YHRBEXj04tBegsQkQbRLFnAddQw=
-149,-20,ice0LYSqhffl7wxxx8+Wjg6E4Yk=,4QMPZuLfm7ggIlCvxYLCOd9+DJ4=
-150,-20,ice0LYSqhffl7wxxx8+Wjg6E4Yk=,4QMPZuLfm7ggIlCvxYLCOd9+DJ4=
-149,-19,ice0LYSqhffl7wxxx8+Wjg6E4Yk=,4QMPZuLfm7ggIlCvxYLCOd9+DJ4=
-147,-21,ice0LYSqhffl7wxxx8+Wjg6E4Yk=,4QMPZuLfm7ggIlCvxYLCOd9+DJ4=
-153,-19,ice0LYSqhffl7wxxx8+Wjg6E4Yk=,YHRBEXj04tBegsQkQbRLFnAddQw=
-152,-20,ice0LYSqhffl7wxxx8+Wjg6E4Yk=,4QMPZuLfm7ggIlCvxYLCOd9+DJ4=
-147,-22,ice0LYSqhffl7wxxx8+Wjg6E4Yk=,4QMPZuLfm7ggIlCvxYLCOd9+DJ4=
-150,-21,ice0LYSqhffl7wxxx8+Wjg6E4Yk=,4QMPZuLfm7ggIlCvxYLCOd9+DJ4=
-147,-23,ice0LYSqhffl7wxxx8+Wjg6E4Yk=,4QMPZuLfm7ggIlCvxYLCOd9+DJ4=
-149,-23,ice0LYSqhffl7wxxx8+Wjg6E4Yk=,4QMPZuLfm7ggIlCvxYLCOd9+DJ4=
-149,-21,ice0LYSqhffl7wxxx8+Wjg6E4Yk=,4QMPZuLfm7ggIlCvxYLCOd9+DJ4=
-151,-23,ice0LYSqhffl7wxxx8+Wjg6E4Yk=,4QMPZuLfm7ggIlCvxYLCOd9+DJ4=
-149,-24,ice0LYSqhffl7wxxx8+Wjg6E4Yk=,4QMPZuLfm7ggIlCvxYLCOd9+DJ4=
-152,-23,ice0LYSqhffl7wxxx8+Wjg6E4Yk=,4QMPZuLfm7ggIlCvxYLCOd9+DJ4=
-150,-24,ice0LYSqhffl7wxxx8+Wjg6E4Yk=,4QMPZuLfm7ggIlCvxYLCOd9+DJ4=
-148,-23,ice0LYSqhffl7wxxx8+Wjg6E4Yk=,4QMPZuLfm7ggIlCvxYLCOd9+DJ4=
-146,-19,ice0LYSqhffl7wxxx8+Wjg6E4Yk=,4QMPZuLfm7ggIlCvxYLCOd9+DJ4=
-150,-22,ice0LYSqhffl7wxxx8+Wjg6E4Yk=,4QMPZuLfm7ggIlCvxYLCOd9+DJ4=
-147,-24,ice0LYSqhffl7wxxx8+Wjg6E4Yk=,4QMPZuLfm7ggIlCvxYLCOd9+DJ4=
-153,-21,ice0LYSqhffl7wxxx8+Wjg6E4Yk=,YHRBEXj04tBegsQkQbRLFnAddQw=
-147,-25,ice0LYSqhffl7wxxx8+Wjg6E4Yk=,kuiJUZJy8nj/XVaonlVkwovn0Qo=
-153,-20,ice0LYSqhffl7wxxx8+Wjg6E4Yk=,YHRBEXj04tBegsQkQbRLFnAddQw=
-146,-25,ice0LYSqhffl7wxxx8+Wjg6E4Yk=,kuiJUZJy8nj/XVaonlVkwovn0Qo=
-146,-24,ice0LYSqhffl7wxxx8+Wjg6E4Yk=,4QMPZuLfm7ggIlCvxYLCOd9+DJ4=
-146,-18,ice0LYSqhffl7wxxx8+Wjg6E4Yk=,4QMPZuLfm7ggIlCvxYLCOd9+DJ4=
-146,-23,ice0LYSqhffl7wxxx8+Wjg6E4Yk=,4QMPZuLfm7ggIlCvxYLCOd9+DJ4=
-148,-25,ice0LYSqhffl7wxxx8+Wjg6E4Yk=,kuiJUZJy8nj/XVaonlVkwovn0Qo=
-146,-22,ice0LYSqhffl7wxxx8+Wjg6E4Yk=,4QMPZuLfm7ggIlCvxYLCOd9+DJ4=
-150,-25,ice0LYSqhffl7wxxx8+Wjg6E4Yk=,kuiJUZJy8nj/XVaonlVkwovn0Qo=
-148,-22,ice0LYSqhffl7wxxx8+Wjg6E4Yk=,4QMPZuLfm7ggIlCvxYLCOd9+DJ4=
-151,-22,ice0LYSqhffl7wxxx8+Wjg6E4Yk=,4QMPZuLfm7ggIlCvxYLCOd9+DJ4=
-148,-24,ice0LYSqhffl7wxxx8+Wjg6E4Yk=,4QMPZuLfm7ggIlCvxYLCOd9+DJ4=
-151,-20,ice0LYSqhffl7wxxx8+Wjg6E4Yk=,4QMPZuLfm7ggIlCvxYLCOd9+DJ4=
-149,-18,ice0LYSqhffl7wxxx8+Wjg6E4Yk=,4QMPZuLfm7ggIlCvxYLCOd9+DJ4=
-150,-19,ice0LYSqhffl7wxxx8+Wjg6E4Yk=,4QMPZuLfm7ggIlCvxYLCOd9+DJ4=
-148,-21,ice0LYSqhffl7wxxx8+Wjg6E4Yk=,4QMPZuLfm7ggIlCvxYLCOd9+DJ4=
-148,-18,ice0LYSqhffl7wxxx8+Wjg6E4Yk=,4QMPZuLfm7ggIlCvxYLCOd9+DJ4=
-152,-18,ice0LYSqhffl7wxxx8+Wjg6E4Yk=,4QMPZuLfm7ggIlCvxYLCOd9+DJ4=
-150,-18,ice0LYSqhffl7wxxx8+Wjg6E4Yk=,4QMPZuLfm7ggIlCvxYLCOd9+DJ4=
-148,-19,ice0LYSqhffl7wxxx8+Wjg6E4Yk=,4QMPZuLfm7ggIlCvxYLCOd9+DJ4=
-151,-18,ice0LYSqhffl7wxxx8+Wjg6E4Yk=,4QMPZuLfm7ggIlCvxYLCOd9+DJ4=
-153,-18,ice0LYSqhffl7wxxx8+Wjg6E4Yk=,YHRBEXj04tBegsQkQbRLFnAddQw=
-152,-22,ice0LYSqhffl7wxxx8+Wjg6E4Yk=,4QMPZuLfm7ggIlCvxYLCOd9+DJ4=
-151,-19,ice0LYSqhffl7wxxx8+Wjg6E4Yk=,4QMPZuLfm7ggIlCvxYLCOd9+DJ4=
-151,-24,ice0LYSqhffl7wxxx8+Wjg6E4Yk=,4QMPZuLfm7ggIlCvxYLCOd9+DJ4=
-152,-19,ice0LYSqhffl7wxxx8+Wjg6E4Yk=,4QMPZuLfm7ggIlCvxYLCOd9+DJ4=
-149,-25,ice0LYSqhffl7wxxx8+Wjg6E4Yk=,kuiJUZJy8nj/XVaonlVkwovn0Qo=
-152,-25,ice0LYSqhffl7wxxx8+Wjg6E4Yk=,kuiJUZJy8nj/XVaonlVkwovn0Qo=
-157,-27,ice0LYSqhffl7wxxx8+Wjg6E4Yk=,HVElajisKfzICMUbXYGQkDRDlkM=
-153,-28,ice0LYSqhffl7wxxx8+Wjg6E4Yk=,HVElajisKfzICMUbXYGQkDRDlkM=
-154,-28,ice0LYSqhffl7wxxx8+Wjg6E4Yk=,HVElajisKfzICMUbXYGQkDRDlkM=
-155,-28,ice0LYSqhffl7wxxx8+Wjg6E4Yk=,HVElajisKfzICMUbXYGQkDRDlkM=
-157,-28,ice0LYSqhffl7wxxx8+Wjg6E4Yk=,HVElajisKfzICMUbXYGQkDRDlkM=
-156,-28,ice0LYSqhffl7wxxx8+Wjg6E4Yk=,HVElajisKfzICMUbXYGQkDRDlkM=
-159,-28,ice0LYSqhffl7wxxx8+Wjg6E4Yk=,HVElajisKfzICMUbXYGQkDRDlkM=
-152,-26,ice0LYSqhffl7wxxx8+Wjg6E4Yk=,kuiJUZJy8nj/XVaonlVkwovn0Qo=
-154,-29,ice0LYSqhffl7wxxx8+Wjg6E4Yk=,HVElajisKfzICMUbXYGQkDRDlkM=
-156,-29,ice0LYSqhffl7wxxx8+Wjg6E4Yk=,HVElajisKfzICMUbXYGQkDRDlkM=
-152,-27,ice0LYSqhffl7wxxx8+Wjg6E4Yk=,kuiJUZJy8nj/XVaonlVkwovn0Qo=
-157,-29,ice0LYSqhffl7wxxx8+Wjg6E4Yk=,HVElajisKfzICMUbXYGQkDRDlkM=
-155,-29,ice0LYSqhffl7wxxx8+Wjg6E4Yk=,HVElajisKfzICMUbXYGQkDRDlkM=
-158,-29,ice0LYSqhffl7wxxx8+Wjg6E4Yk=,HVElajisKfzICMUbXYGQkDRDlkM=
-153,-24,ice0LYSqhffl7wxxx8+Wjg6E4Yk=,YHRBEXj04tBegsQkQbRLFnAddQw=
-159,-27,ice0LYSqhffl7wxxx8+Wjg6E4Yk=,HVElajisKfzICMUbXYGQkDRDlkM=
-153,-25,ice0LYSqhffl7wxxx8+Wjg6E4Yk=,HVElajisKfzICMUbXYGQkDRDlkM=
-156,-30,ice0LYSqhffl7wxxx8+Wjg6E4Yk=,HVElajisKfzICMUbXYGQkDRDlkM=
-159,-25,ice0LYSqhffl7wxxx8+Wjg6E4Yk=,HVElajisKfzICMUbXYGQkDRDlkM=
-155,-25,ice0LYSqhffl7wxxx8+Wjg6E4Yk=,HVElajisKfzICMUbXYGQkDRDlkM=
-157,-30,ice0LYSqhffl7wxxx8+Wjg6E4Yk=,HVElajisKfzICMUbXYGQkDRDlkM=
-155,-30,ice0LYSqhffl7wxxx8+Wjg6E4Yk=,HVElajisKfzICMUbXYGQkDRDlkM=
-153,-26,ice0LYSqhffl7wxxx8+Wjg6E4Yk=,HVElajisKfzICMUbXYGQkDRDlkM=
-157,-25,ice0LYSqhffl7wxxx8+Wjg6E4Yk=,HVElajisKfzICMUbXYGQkDRDlkM=
-158,-25,ice0LYSqhffl7wxxx8+Wjg6E4Yk=,HVElajisKfzICMUbXYGQkDRDlkM=
-154,-26,ice0LYSqhffl7wxxx8+Wjg6E4Yk=,HVElajisKfzICMUbXYGQkDRDlkM=
-152,-29,ice0LYSqhffl7wxxx8+Wjg6E4Yk=,kuiJUZJy8nj/XVaonlVkwovn0Qo=
-158,-24,ice0LYSqhffl7wxxx8+Wjg6E4Yk=,YHRBEXj04tBegsQkQbRLFnAddQw=
-159,-30,ice0LYSqhffl7wxxx8+Wjg6E4Yk=,HVElajisKfzICMUbXYGQkDRDlkM=
-154,-31,ice0LYSqhffl7wxxx8+Wjg6E4Yk=,HVElajisKfzICMUbXYGQkDRDlkM=
-149,-22,ice0LYSqhffl7wxxx8+Wjg6E4Yk=,4QMPZuLfm7ggIlCvxYLCOd9+DJ4=
-150,-23,ice0LYSqhffl7wxxx8+Wjg6E4Yk=,4QMPZuLfm7ggIlCvxYLCOd9+DJ4=
-154,-25,ice0LYSqhffl7wxxx8+Wjg6E4Yk=,HVElajisKfzICMUbXYGQkDRDlkM=
-157,-31,ice0LYSqhffl7wxxx8+Wjg6E4Yk=,HVElajisKfzICMUbXYGQkDRDlkM=
-156,-31,ice0LYSqhffl7wxxx8+Wjg6E4Yk=,HVElajisKfzICMUbXYGQkDRDlkM=
-155,-31,ice0LYSqhffl7wxxx8+Wjg6E4Yk=,HVElajisKfzICMUbXYGQkDRDlkM=
-152,-31,ice0LYSqhffl7wxxx8+Wjg6E4Yk=,kuiJUZJy8nj/XVaonlVkwovn0Qo=
-157,-26,ice0LYSqhffl7wxxx8+Wjg6E4Yk=,HVElajisKfzICMUbXYGQkDRDlkM=
-159,-26,ice0LYSqhffl7wxxx8+Wjg6E4Yk=,HVElajisKfzICMUbXYGQkDRDlkM=
-153,-27,ice0LYSqhffl7wxxx8+Wjg6E4Yk=,HVElajisKfzICMUbXYGQkDRDlkM=
-153,-31,ice0LYSqhffl7wxxx8+Wjg6E4Yk=,HVElajisKfzICMUbXYGQkDRDlkM=
-152,-24,ice0LYSqhffl7wxxx8+Wjg6E4Yk=,4QMPZuLfm7ggIlCvxYLCOd9+DJ4=
-158,-26,ice0LYSqhffl7wxxx8+Wjg6E4Yk=,HVElajisKfzICMUbXYGQkDRDlkM=
-154,-27,ice0LYSqhffl7wxxx8+Wjg6E4Yk=,HVElajisKfzICMUbXYGQkDRDlkM=
-158,-31,ice0LYSqhffl7wxxx8+Wjg6E4Yk=,HVElajisKfzICMUbXYGQkDRDlkM=
-155,-24,ice0LYSqhffl7wxxx8+Wjg6E4Yk=,YHRBEXj04tBegsQkQbRLFnAddQw=
-155,-27,ice0LYSqhffl7wxxx8+Wjg6E4Yk=,HVElajisKfzICMUbXYGQkDRDlkM=
-152,-30,ice0LYSqhffl7wxxx8+Wjg6E4Yk=,kuiJUZJy8nj/XVaonlVkwovn0Qo=
-156,-27,ice0LYSqhffl7wxxx8+Wjg6E4Yk=,HVElajisKfzICMUbXYGQkDRDlkM=
-153,-29,ice0LYSqhffl7wxxx8+Wjg6E4Yk=,HVElajisKfzICMUbXYGQkDRDlkM=
-158,-30,ice0LYSqhffl7wxxx8+Wjg6E4Yk=,HVElajisKfzICMUbXYGQkDRDlkM=
-155,-26,ice0LYSqhffl7wxxx8+Wjg6E4Yk=,HVElajisKfzICMUbXYGQkDRDlkM=
-153,-30,ice0LYSqhffl7wxxx8+Wjg6E4Yk=,HVElajisKfzICMUbXYGQkDRDlkM=
-156,-25,ice0LYSqhffl7wxxx8+Wjg6E4Yk=,HVElajisKfzICMUbXYGQkDRDlkM=
-154,-30,ice0LYSqhffl7wxxx8+Wjg6E4Yk=,HVElajisKfzICMUbXYGQkDRDlkM=
-159,-29,ice0LYSqhffl7wxxx8+Wjg6E4Yk=,HVElajisKfzICMUbXYGQkDRDlkM=
-158,-28,ice0LYSqhffl7wxxx8+Wjg6E4Yk=,HVElajisKfzICMUbXYGQkDRDlkM=
-154,-24,ice0LYSqhffl7wxxx8+Wjg6E4Yk=,YHRBEXj04tBegsQkQbRLFnAddQw=
-152,-28,ice0LYSqhffl7wxxx8+Wjg6E4Yk=,kuiJUZJy8nj/XVaonlVkwovn0Qo=
-156,-24,ice0LYSqhffl7wxxx8+Wjg6E4Yk=,YHRBEXj04tBegsQkQbRLFnAddQw=
-158,-27,ice0LYSqhffl7wxxx8+Wjg6E4Yk=,HVElajisKfzICMUbXYGQkDRDlkM=
-157,-24,ice0LYSqhffl7wxxx8+Wjg6E4Yk=,YHRBEXj04tBegsQkQbRLFnAddQw=
-159,-24,ice0LYSqhffl7wxxx8+Wjg6E4Yk=,YHRBEXj04tBegsQkQbRLFnAddQw=
-159,-31,ice0LYSqhffl7wxxx8+Wjg6E4Yk=,HVElajisKfzICMUbXYGQkDRDlkM=
-156,-26,ice0LYSqhffl7wxxx8+Wjg6E4Yk=,HVElajisKfzICMUbXYGQkDRDlkM=
-156,-17,ice0LYSqhffl7wxxx8+Wjg6E4Yk=,YHRBEXj04tBegsQkQbRLFnAddQw=
-150,-17,ice0LYSqhffl7wxxx8+Wjg6E4Yk=,4QMPZuLfm7ggIlCvxYLCOd9+DJ4=
-154,-17,ice0LYSqhffl7wxxx8+Wjg6E4Yk=,YHRBEXj04tBegsQkQbRLFnAddQw=
-149,-17,ice0LYSqhffl7wxxx8+Wjg6E4Yk=,4QMPZuLfm7ggIlCvxYLCOd9+DJ4=
-155,-17,ice0LYSqhffl7wxxx8+Wjg6E4Yk=,YHRBEXj04tBegsQkQbRLFnAddQw=
-151,-17,ice0LYSqhffl7wxxx8+Wjg6E4Yk=,4QMPZuLfm7ggIlCvxYLCOd9+DJ4=
-148,-17,ice0LYSqhffl7wxxx8+Wjg6E4Yk=,4QMPZuLfm7ggIlCvxYLCOd9+DJ4=
-153,-17,ice0LYSqhffl7wxxx8+Wjg6E4Yk=,YHRBEXj04tBegsQkQbRLFnAddQw=
-152,-17,ice0LYSqhffl7wxxx8+Wjg6E4Yk=,4QMPZuLfm7ggIlCvxYLCOd9+DJ4=
-146,-17,ice0LYSqhffl7wxxx8+Wjg6E4Yk=,4QMPZuLfm7ggIlCvxYLCOd9+DJ4=
-147,-17,ice0LYSqhffl7wxxx8+Wjg6E4Yk=,4QMPZuLfm7ggIlCvxYLCOd9+DJ4=
-158,-17,ice0LYSqhffl7wxxx8+Wjg6E4Yk=,YHRBEXj04tBegsQkQbRLFnAddQw=
-157,-17,ice0LYSqhffl7wxxx8+Wjg6E4Yk=,YHRBEXj04tBegsQkQbRLFnAddQw=
-159,-17,ice0LYSqhffl7wxxx8+Wjg6E4Yk=,YHRBEXj04tBegsQkQbRLFnAddQw=
-145,-23,ice0LYSqhffl7wxxx8+Wjg6E4Yk=,4QMPZuLfm7ggIlCvxYLCOd9+DJ4=
-145,-20,ice0LYSqhffl7wxxx8+Wjg6E4Yk=,4QMPZuLfm7ggIlCvxYLCOd9+DJ4=
-145,-22,ice0LYSqhffl7wxxx8+Wjg6E4Yk=,4QMPZuLfm7ggIlCvxYLCOd9+DJ4=
-145,-19,ice0LYSqhffl7wxxx8+Wjg6E4Yk=,4QMPZuLfm7ggIlCvxYLCOd9+DJ4=
-145,-18,ice0LYSqhffl7wxxx8+Wjg6E4Yk=,4QMPZuLfm7ggIlCvxYLCOd9+DJ4=
-145,-21,ice0LYSqhffl7wxxx8+Wjg6E4Yk=,4QMPZuLfm7ggIlCvxYLCOd9+DJ4=
-145,-27,ice0LYSqhffl7wxxx8+Wjg6E4Yk=,kuiJUZJy8nj/XVaonlVkwovn0Qo=
-145,-29,ice0LYSqhffl7wxxx8+Wjg6E4Yk=,kuiJUZJy8nj/XVaonlVkwovn0Qo=
-145,-28,ice0LYSqhffl7wxxx8+Wjg6E4Yk=,kuiJUZJy8nj/XVaonlVkwovn0Qo=
-145,-25,ice0LYSqhffl7wxxx8+Wjg6E4Yk=,kuiJUZJy8nj/XVaonlVkwovn0Qo=
-145,-30,ice0LYSqhffl7wxxx8+Wjg6E4Yk=,kuiJUZJy8nj/XVaonlVkwovn0Qo=
-145,-31,ice0LYSqhffl7wxxx8+Wjg6E4Yk=,kuiJUZJy8nj/XVaonlVkwovn0Qo=
-145,-24,ice0LYSqhffl7wxxx8+Wjg6E4Yk=,4QMPZuLfm7ggIlCvxYLCOd9+DJ4=
-145,-26,ice0LYSqhffl7wxxx8+Wjg6E4Yk=,kuiJUZJy8nj/XVaonlVkwovn0Qo=
-151,-32,ice0LYSqhffl7wxxx8+Wjg6E4Yk=,kuiJUZJy8nj/XVaonlVkwovn0Qo=
-147,-32,ice0LYSqhffl7wxxx8+Wjg6E4Yk=,kuiJUZJy8nj/XVaonlVkwovn0Qo=
-149,-32,ice0LYSqhffl7wxxx8+Wjg6E4Yk=,kuiJUZJy8nj/XVaonlVkwovn0Qo=
-148,-32,ice0LYSqhffl7wxxx8+Wjg6E4Yk=,kuiJUZJy8nj/XVaonlVkwovn0Qo=
-150,-32,ice0LYSqhffl7wxxx8+Wjg6E4Yk=,kuiJUZJy8nj/XVaonlVkwovn0Qo=
-146,-32,ice0LYSqhffl7wxxx8+Wjg6E4Yk=,kuiJUZJy8nj/XVaonlVkwovn0Qo=
-160,-26,ice0LYSqhffl7wxxx8+Wjg6E4Yk=,HVElajisKfzICMUbXYGQkDRDlkM=
-160,-30,ice0LYSqhffl7wxxx8+Wjg6E4Yk=,HVElajisKfzICMUbXYGQkDRDlkM=
-160,-29,ice0LYSqhffl7wxxx8+Wjg6E4Yk=,HVElajisKfzICMUbXYGQkDRDlkM=
-152,-32,ice0LYSqhffl7wxxx8+Wjg6E4Yk=,kuiJUZJy8nj/XVaonlVkwovn0Qo=
-160,-27,ice0LYSqhffl7wxxx8+Wjg6E4Yk=,HVElajisKfzICMUbXYGQkDRDlkM=
-153,-32,ice0LYSqhffl7wxxx8+Wjg6E4Yk=,HVElajisKfzICMUbXYGQkDRDlkM=
-154,-32,ice0LYSqhffl7wxxx8+Wjg6E4Yk=,HVElajisKfzICMUbXYGQkDRDlkM=
-155,-32,ice0LYSqhffl7wxxx8+Wjg6E4Yk=,HVElajisKfzICMUbXYGQkDRDlkM=
-160,-31,ice0LYSqhffl7wxxx8+Wjg6E4Yk=,HVElajisKfzICMUbXYGQkDRDlkM=
-159,-32,ice0LYSqhffl7wxxx8+Wjg6E4Yk=,HVElajisKfzICMUbXYGQkDRDlkM=
-158,-32,ice0LYSqhffl7wxxx8+Wjg6E4Yk=,HVElajisKfzICMUbXYGQkDRDlkM=
-160,-28,ice0LYSqhffl7wxxx8+Wjg6E4Yk=,HVElajisKfzICMUbXYGQkDRDlkM=
-157,-32,ice0LYSqhffl7wxxx8+Wjg6E4Yk=,HVElajisKfzICMUbXYGQkDRDlkM=
-156,-32,ice0LYSqhffl7wxxx8+Wjg6E4Yk=,HVElajisKfzICMUbXYGQkDRDlkM=
-160,-23,ice0LYSqhffl7wxxx8+Wjg6E4Yk=,YHRBEXj04tBegsQkQbRLFnAddQw=
-160,-22,ice0LYSqhffl7wxxx8+Wjg6E4Yk=,YHRBEXj04tBegsQkQbRLFnAddQw=
-160,-24,ice0LYSqhffl7wxxx8+Wjg6E4Yk=,YHRBEXj04tBegsQkQbRLFnAddQw=
-160,-18,ice0LYSqhffl7wxxx8+Wjg6E4Yk=,YHRBEXj04tBegsQkQbRLFnAddQw=
-160,-17,ice0LYSqhffl7wxxx8+Wjg6E4Yk=,YHRBEXj04tBegsQkQbRLFnAddQw=
-160,-25,ice0LYSqhffl7wxxx8+Wjg6E4Yk=,HVElajisKfzICMUbXYGQkDRDlkM=
-160,-19,ice0LYSqhffl7wxxx8+Wjg6E4Yk=,YHRBEXj04tBegsQkQbRLFnAddQw=
-160,-21,ice0LYSqhffl7wxxx8+Wjg6E4Yk=,YHRBEXj04tBegsQkQbRLFnAddQw=
-145,-32,ice0LYSqhffl7wxxx8+Wjg6E4Yk=,kuiJUZJy8nj/XVaonlVkwovn0Qo=
-160,-20,ice0LYSqhffl7wxxx8+Wjg6E4Yk=,YHRBEXj04tBegsQkQbRLFnAddQw=
-145,-17,ice0LYSqhffl7wxxx8+Wjg6E4Yk=,4QMPZuLfm7ggIlCvxYLCOd9+DJ4=
-160,-32,ice0LYSqhffl7wxxx8+Wjg6E4Yk=,HVElajisKfzICMUbXYGQkDRDlkM=
-158,-11,O12DuMbzl2t8cte4/T8hAZUzVeU=,JggFuUDRIis5hmqyHHMXWp6m1MU=
-159,-11,O12DuMbzl2t8cte4/T8hAZUzVeU=,JggFuUDRIis5hmqyHHMXWp6m1MU=
-154,-12,O12DuMbzl2t8cte4/T8hAZUzVeU=,JggFuUDRIis5hmqyHHMXWp6m1MU=
-155,-12,O12DuMbzl2t8cte4/T8hAZUzVeU=,JggFuUDRIis5hmqyHHMXWp6m1MU=
-158,-12,O12DuMbzl2t8cte4/T8hAZUzVeU=,JggFuUDRIis5hmqyHHMXWp6m1MU=
-157,-12,O12DuMbzl2t8cte4/T8hAZUzVeU=,JggFuUDRIis5hmqyHHMXWp6m1MU=
-157,-13,O12DuMbzl2t8cte4/T8hAZUzVeU=,JggFuUDRIis5hmqyHHMXWp6m1MU=
-155,-14,O12DuMbzl2t8cte4/T8hAZUzVeU=,JggFuUDRIis5hmqyHHMXWp6m1MU=
-158,-13,O12DuMbzl2t8cte4/T8hAZUzVeU=,JggFuUDRIis5hmqyHHMXWp6m1MU=
-156,-14,O12DuMbzl2t8cte4/T8hAZUzVeU=,JggFuUDRIis5hmqyHHMXWp6m1MU=
-157,-14,O12DuMbzl2t8cte4/T8hAZUzVeU=,JggFuUDRIis5hmqyHHMXWp6m1MU=
-155,-13,O12DuMbzl2t8cte4/T8hAZUzVeU=,JggFuUDRIis5hmqyHHMXWp6m1MU=
-156,-12,O12DuMbzl2t8cte4/T8hAZUzVeU=,JggFuUDRIis5hmqyHHMXWp6m1MU=
-156,-15,O12DuMbzl2t8cte4/T8hAZUzVeU=,JggFuUDRIis5hmqyHHMXWp6m1MU=
-157,-15,O12DuMbzl2t8cte4/T8hAZUzVeU=,JggFuUDRIis5hmqyHHMXWp6m1MU=
-156,-13,O12DuMbzl2t8cte4/T8hAZUzVeU=,JggFuUDRIis5hmqyHHMXWp6m1MU=
-154,-14,O12DuMbzl2t8cte4/T8hAZUzVeU=,JggFuUDRIis5hmqyHHMXWp6m1MU=
-158,-14,O12DuMbzl2t8cte4/T8hAZUzVeU=,JggFuUDRIis5hmqyHHMXWp6m1MU=
-155,-10,O12DuMbzl2t8cte4/T8hAZUzVeU=,JggFuUDRIis5hmqyHHMXWp6m1MU=
-156,-10,O12DuMbzl2t8cte4/T8hAZUzVeU=,JggFuUDRIis5hmqyHHMXWp6m1MU=
-154,-10,O12DuMbzl2t8cte4/T8hAZUzVeU=,JggFuUDRIis5hmqyHHMXWp6m1MU=
-156,-11,O12DuMbzl2t8cte4/T8hAZUzVeU=,JggFuUDRIis5hmqyHHMXWp6m1MU=
-159,-10,O12DuMbzl2t8cte4/T8hAZUzVeU=,JggFuUDRIis5hmqyHHMXWp6m1MU=
-155,-11,O12DuMbzl2t8cte4/T8hAZUzVeU=,JggFuUDRIis5hmqyHHMXWp6m1MU=
-154,-15,O12DuMbzl2t8cte4/T8hAZUzVeU=,JggFuUDRIis5hmqyHHMXWp6m1MU=
-157,-11,O12DuMbzl2t8cte4/T8hAZUzVeU=,JggFuUDRIis5hmqyHHMXWp6m1MU=
-159,-13,O12DuMbzl2t8cte4/T8hAZUzVeU=,JggFuUDRIis5hmqyHHMXWp6m1MU=
-155,-15,O12DuMbzl2t8cte4/T8hAZUzVeU=,JggFuUDRIis5hmqyHHMXWp6m1MU=
-154,-13,O12DuMbzl2t8cte4/T8hAZUzVeU=,JggFuUDRIis5hmqyHHMXWp6m1MU=
-159,-14,O12DuMbzl2t8cte4/T8hAZUzVeU=,JggFuUDRIis5hmqyHHMXWp6m1MU=
-158,-10,O12DuMbzl2t8cte4/T8hAZUzVeU=,JggFuUDRIis5hmqyHHMXWp6m1MU=
-158,-15,O12DuMbzl2t8cte4/T8hAZUzVeU=,JggFuUDRIis5hmqyHHMXWp6m1MU=
-159,-15,O12DuMbzl2t8cte4/T8hAZUzVeU=,JggFuUDRIis5hmqyHHMXWp6m1MU=
-157,-10,O12DuMbzl2t8cte4/T8hAZUzVeU=,JggFuUDRIis5hmqyHHMXWp6m1MU=
-154,-11,O12DuMbzl2t8cte4/T8hAZUzVeU=,JggFuUDRIis5hmqyHHMXWp6m1MU=
-159,-12,O12DuMbzl2t8cte4/T8hAZUzVeU=,JggFuUDRIis5hmqyHHMXWp6m1MU=
-146,-4,O12DuMbzl2t8cte4/T8hAZUzVeU=,qObgp8IjtRXFBiTly0xo+do+hyA=
-147,-2,O12DuMbzl2t8cte4/T8hAZUzVeU=,qObgp8IjtRXFBiTly0xo+do+hyA=
-146,-5,O12DuMbzl2t8cte4/T8hAZUzVeU=,qObgp8IjtRXFBiTly0xo+do+hyA=
-148,-4,O12DuMbzl2t8cte4/T8hAZUzVeU=,qObgp8IjtRXFBiTly0xo+do+hyA=
-150,-1,O12DuMbzl2t8cte4/T8hAZUzVeU=,qObgp8IjtRXFBiTly0xo+do+hyA=
-149,-4,O12DuMbzl2t8cte4/T8hAZUzVeU=,qObgp8IjtRXFBiTly0xo+do+hyA=
-151,-4,O12DuMbzl2t8cte4/T8hAZUzVeU=,qObgp8IjtRXFBiTly0xo+do+hyA=
-146,-3,O12DuMbzl2t8cte4/T8hAZUzVeU=,qObgp8IjtRXFBiTly0xo+do+hyA=
-150,-2,O12DuMbzl2t8cte4/T8hAZUzVeU=,qObgp8IjtRXFBiTly0xo+do+hyA=
-147,-6,O12DuMbzl2t8cte4/T8hAZUzVeU=,qObgp8IjtRXFBiTly0xo+do+hyA=
-150,-5,O12DuMbzl2t8cte4/T8hAZUzVeU=,qObgp8IjtRXFBiTly0xo+do+hyA=
-149,-2,O12DuMbzl2t8cte4/T8hAZUzVeU=,qObgp8IjtRXFBiTly0xo+do+hyA=
-147,-5,O12DuMbzl2t8cte4/T8hAZUzVeU=,qObgp8IjtRXFBiTly0xo+do+hyA=
-149,-1,O12DuMbzl2t8cte4/T8hAZUzVeU=,qObgp8IjtRXFBiTly0xo+do+hyA=
-148,-6,O12DuMbzl2t8cte4/T8hAZUzVeU=,qObgp8IjtRXFBiTly0xo+do+hyA=
-147,-3,O12DuMbzl2t8cte4/T8hAZUzVeU=,qObgp8IjtRXFBiTly0xo+do+hyA=
-151,-2,O12DuMbzl2t8cte4/T8hAZUzVeU=,qObgp8IjtRXFBiTly0xo+do+hyA=
-146,-7,O12DuMbzl2t8cte4/T8hAZUzVeU=,qObgp8IjtRXFBiTly0xo+do+hyA=
-151,-7,O12DuMbzl2t8cte4/T8hAZUzVeU=,qObgp8IjtRXFBiTly0xo+do+hyA=
-149,-7,O12DuMbzl2t8cte4/T8hAZUzVeU=,qObgp8IjtRXFBiTly0xo+do+hyA=
-148,-7,O12DuMbzl2t8cte4/T8hAZUzVeU=,qObgp8IjtRXFBiTly0xo+do+hyA=
-150,-3,O12DuMbzl2t8cte4/T8hAZUzVeU=,qObgp8IjtRXFBiTly0xo+do+hyA=
-151,-3,O12DuMbzl2t8cte4/T8hAZUzVeU=,qObgp8IjtRXFBiTly0xo+do+hyA=
-146,-1,O12DuMbzl2t8cte4/T8hAZUzVeU=,qObgp8IjtRXFBiTly0xo+do+hyA=
-150,-7,O12DuMbzl2t8cte4/T8hAZUzVeU=,qObgp8IjtRXFBiTly0xo+do+hyA=
-151,-6,O12DuMbzl2t8cte4/T8hAZUzVeU=,qObgp8IjtRXFBiTly0xo+do+hyA=
-149,-6,O12DuMbzl2t8cte4/T8hAZUzVeU=,qObgp8IjtRXFBiTly0xo+do+hyA=
-149,-5,O12DuMbzl2t8cte4/T8hAZUzVeU=,qObgp8IjtRXFBiTly0xo+do+hyA=
-156,-5,O12DuMbzl2t8cte4/T8hAZUzVeU=,YCd1S2GktcB8noOk8/111xqN8ZU=
-153,-1,O12DuMbzl2t8cte4/T8hAZUzVeU=,YCd1S2GktcB8noOk8/111xqN8ZU=
-157,-5,O12DuMbzl2t8cte4/T8hAZUzVeU=,YCd1S2GktcB8noOk8/111xqN8ZU=
-157,-1,O12DuMbzl2t8cte4/T8hAZUzVeU=,YCd1S2GktcB8noOk8/111xqN8ZU=
-156,-1,O12DuMbzl2t8cte4/T8hAZUzVeU=,YCd1S2GktcB8noOk8/111xqN8ZU=
-149,-3,O12DuMbzl2t8cte4/T8hAZUzVeU=,qObgp8IjtRXFBiTly0xo+do+hyA=
-153,-6,O12DuMbzl2t8cte4/T8hAZUzVeU=,YCd1S2GktcB8noOk8/111xqN8ZU=
-154,-6,O12DuMbzl2t8cte4/T8hAZUzVeU=,YCd1S2GktcB8noOk8/111xqN8ZU=
-155,-6,O12DuMbzl2t8cte4/T8hAZUzVeU=,YCd1S2GktcB8noOk8/111xqN8ZU=
-148,-3,O12DuMbzl2t8cte4/T8hAZUzVeU=,qObgp8IjtRXFBiTly0xo+do+hyA=
-147,-1,O12DuMbzl2t8cte4/T8hAZUzVeU=,qObgp8IjtRXFBiTly0xo+do+hyA=
-156,-6,O12DuMbzl2t8cte4/T8hAZUzVeU=,YCd1S2GktcB8noOk8/111xqN8ZU=
-157,-6,O12DuMbzl2t8cte4/T8hAZUzVeU=,YCd1S2GktcB8noOk8/111xqN8ZU=
-158,-6,O12DuMbzl2t8cte4/T8hAZUzVeU=,YCd1S2GktcB8noOk8/111xqN8ZU=
-153,-7,O12DuMbzl2t8cte4/T8hAZUzVeU=,YCd1S2GktcB8noOk8/111xqN8ZU=
-154,-7,O12DuMbzl2t8cte4/T8hAZUzVeU=,YCd1S2GktcB8noOk8/111xqN8ZU=
-155,-7,O12DuMbzl2t8cte4/T8hAZUzVeU=,YCd1S2GktcB8noOk8/111xqN8ZU=
-147,-7,O12DuMbzl2t8cte4/T8hAZUzVeU=,qObgp8IjtRXFBiTly0xo+do+hyA=
-154,-1,O12DuMbzl2t8cte4/T8hAZUzVeU=,YCd1S2GktcB8noOk8/111xqN8ZU=
-147,-4,O12DuMbzl2t8cte4/T8hAZUzVeU=,qObgp8IjtRXFBiTly0xo+do+hyA=
-150,-6,O12DuMbzl2t8cte4/T8hAZUzVeU=,qObgp8IjtRXFBiTly0xo+do+hyA=
-155,-8,O12DuMbzl2t8cte4/T8hAZUzVeU=,YCd1S2GktcB8noOk8/111xqN8ZU=
-158,-7,O12DuMbzl2t8cte4/T8hAZUzVeU=,YCd1S2GktcB8noOk8/111xqN8ZU=
-154,-8,O12DuMbzl2t8cte4/T8hAZUzVeU=,YCd1S2GktcB8noOk8/111xqN8ZU=
-156,-8,O12DuMbzl2t8cte4/T8hAZUzVeU=,YCd1S2GktcB8noOk8/111xqN8ZU=
-155,-1,O12DuMbzl2t8cte4/T8hAZUzVeU=,YCd1S2GktcB8noOk8/111xqN8ZU=
-156,-2,O12DuMbzl2t8cte4/T8hAZUzVeU=,YCd1S2GktcB8noOk8/111xqN8ZU=
-146,-2,O12DuMbzl2t8cte4/T8hAZUzVeU=,qObgp8IjtRXFBiTly0xo+do+hyA=
-145,-2,O12DuMbzl2t8cte4/T8hAZUzVeU=,qObgp8IjtRXFBiTly0xo+do+hyA=
-157,-8,O12DuMbzl2t8cte4/T8hAZUzVeU=,YCd1S2GktcB8noOk8/111xqN8ZU=
-151,-5,O12DuMbzl2t8cte4/T8hAZUzVeU=,qObgp8IjtRXFBiTly0xo+do+hyA=
-145,-4,O12DuMbzl2t8cte4/T8hAZUzVeU=,qObgp8IjtRXFBiTly0xo+do+hyA=
-145,-3,O12DuMbzl2t8cte4/T8hAZUzVeU=,qObgp8IjtRXFBiTly0xo+do+hyA=
-145,-7,O12DuMbzl2t8cte4/T8hAZUzVeU=,qObgp8IjtRXFBiTly0xo+do+hyA=
-148,-5,O12DuMbzl2t8cte4/T8hAZUzVeU=,qObgp8IjtRXFBiTly0xo+do+hyA=
-158,-1,O12DuMbzl2t8cte4/T8hAZUzVeU=,YCd1S2GktcB8noOk8/111xqN8ZU=
-154,-2,O12DuMbzl2t8cte4/T8hAZUzVeU=,YCd1S2GktcB8noOk8/111xqN8ZU=
-156,-9,O12DuMbzl2t8cte4/T8hAZUzVeU=,JggFuUDRIis5hmqyHHMXWp6m1MU=
-158,-9,O12DuMbzl2t8cte4/T8hAZUzVeU=,JggFuUDRIis5hmqyHHMXWp6m1MU=
-159,-9,O12DuMbzl2t8cte4/T8hAZUzVeU=,JggFuUDRIis5hmqyHHMXWp6m1MU=
-152,-6,O12DuMbzl2t8cte4/T8hAZUzVeU=,qObgp8IjtRXFBiTly0xo+do+hyA=
-154,-3,O12DuMbzl2t8cte4/T8hAZUzVeU=,YCd1S2GktcB8noOk8/111xqN8ZU=
-155,-2,O12DuMbzl2t8cte4/T8hAZUzVeU=,YCd1S2GktcB8noOk8/111xqN8ZU=
-150,-4,O12DuMbzl2t8cte4/T8hAZUzVeU=,qObgp8IjtRXFBiTly0xo+do+hyA=
-159,-5,O12DuMbzl2t8cte4/T8hAZUzVeU=,YCd1S2GktcB8noOk8/111xqN8ZU=
-148,-2,O12DuMbzl2t8cte4/T8hAZUzVeU=,qObgp8IjtRXFBiTly0xo+do+hyA=
-156,-3,O12DuMbzl2t8cte4/T8hAZUzVeU=,YCd1S2GktcB8noOk8/111xqN8ZU=
-152,-4,O12DuMbzl2t8cte4/T8hAZUzVeU=,qObgp8IjtRXFBiTly0xo+do+hyA=
-156,-7,O12DuMbzl2t8cte4/T8hAZUzVeU=,YCd1S2GktcB8noOk8/111xqN8ZU=
-146,-6,O12DuMbzl2t8cte4/T8hAZUzVeU=,qObgp8IjtRXFBiTly0xo+do+hyA=
-152,-1,O12DuMbzl2t8cte4/T8hAZUzVeU=,qObgp8IjtRXFBiTly0xo+do+hyA=
-159,-6,O12DuMbzl2t8cte4/T8hAZUzVeU=,YCd1S2GktcB8noOk8/111xqN8ZU=
-153,-4,O12DuMbzl2t8cte4/T8hAZUzVeU=,YCd1S2GktcB8noOk8/111xqN8ZU=
-153,-3,O12DuMbzl2t8cte4/T8hAZUzVeU=,YCd1S2GktcB8noOk8/111xqN8ZU=
-154,-4,O12DuMbzl2t8cte4/T8hAZUzVeU=,YCd1S2GktcB8noOk8/111xqN8ZU=
-153,-2,O12DuMbzl2t8cte4/T8hAZUzVeU=,YCd1S2GktcB8noOk8/111xqN8ZU=
-154,-9,O12DuMbzl2t8cte4/T8hAZUzVeU=,JggFuUDRIis5hmqyHHMXWp6m1MU=
-145,-5,O12DuMbzl2t8cte4/T8hAZUzVeU=,qObgp8IjtRXFBiTly0xo+do+hyA=
-158,-5,O12DuMbzl2t8cte4/T8hAZUzVeU=,YCd1S2GktcB8noOk8/111xqN8ZU=
-159,-1,O12DuMbzl2t8cte4/T8hAZUzVeU=,YCd1S2GktcB8noOk8/111xqN8ZU=
-152,-7,O12DuMbzl2t8cte4/T8hAZUzVeU=,qObgp8IjtRXFBiTly0xo+do+hyA=
-157,-7,O12DuMbzl2t8cte4/T8hAZUzVeU=,YCd1S2GktcB8noOk8/111xqN8ZU=
-154,-5,O12DuMbzl2t8cte4/T8hAZUzVeU=,YCd1S2GktcB8noOk8/111xqN8ZU=
-159,-7,O12DuMbzl2t8cte4/T8hAZUzVeU=,YCd1S2GktcB8noOk8/111xqN8ZU=
-158,-4,O12DuMbzl2t8cte4/T8hAZUzVeU=,YCd1S2GktcB8noOk8/111xqN8ZU=
-155,-9,O12DuMbzl2t8cte4/T8hAZUzVeU=,JggFuUDRIis5hmqyHHMXWp6m1MU=
-153,-5,O12DuMbzl2t8cte4/T8hAZUzVeU=,YCd1S2GktcB8noOk8/111xqN8ZU=
-152,-2,O12DuMbzl2t8cte4/T8hAZUzVeU=,qObgp8IjtRXFBiTly0xo+do+hyA=
-159,-2,O12DuMbzl2t8cte4/T8hAZUzVeU=,YCd1S2GktcB8noOk8/111xqN8ZU=
-155,-5,O12DuMbzl2t8cte4/T8hAZUzVeU=,YCd1S2GktcB8noOk8/111xqN8ZU=
-157,-2,O12DuMbzl2t8cte4/T8hAZUzVeU=,YCd1S2GktcB8noOk8/111xqN8ZU=
-158,-8,O12DuMbzl2t8cte4/T8hAZUzVeU=,YCd1S2GktcB8noOk8/111xqN8ZU=
-157,-3,O12DuMbzl2t8cte4/T8hAZUzVeU=,YCd1S2GktcB8noOk8/111xqN8ZU=
-152,-5,O12DuMbzl2t8cte4/T8hAZUzVeU=,qObgp8IjtRXFBiTly0xo+do+hyA=
-158,-2,O12DuMbzl2t8cte4/T8hAZUzVeU=,YCd1S2GktcB8noOk8/111xqN8ZU=
-155,-3,O12DuMbzl2t8cte4/T8hAZUzVeU=,YCd1S2GktcB8noOk8/111xqN8ZU=
-158,-3,O12DuMbzl2t8cte4/T8hAZUzVeU=,YCd1S2GktcB8noOk8/111xqN8ZU=
-157,-9,O12DuMbzl2t8cte4/T8hAZUzVeU=,JggFuUDRIis5hmqyHHMXWp6m1MU=
-157,-4,O12DuMbzl2t8cte4/T8hAZUzVeU=,YCd1S2GktcB8noOk8/111xqN8ZU=
-151,-1,O12DuMbzl2t8cte4/T8hAZUzVeU=,qObgp8IjtRXFBiTly0xo+do+hyA=
-155,-4,O12DuMbzl2t8cte4/T8hAZUzVeU=,YCd1S2GktcB8noOk8/111xqN8ZU=
-145,-6,O12DuMbzl2t8cte4/T8hAZUzVeU=,qObgp8IjtRXFBiTly0xo+do+hyA=
-159,-8,O12DuMbzl2t8cte4/T8hAZUzVeU=,YCd1S2GktcB8noOk8/111xqN8ZU=
-152,-3,O12DuMbzl2t8cte4/T8hAZUzVeU=,qObgp8IjtRXFBiTly0xo+do+hyA=
-159,-3,O12DuMbzl2t8cte4/T8hAZUzVeU=,YCd1S2GktcB8noOk8/111xqN8ZU=
-156,-4,O12DuMbzl2t8cte4/T8hAZUzVeU=,YCd1S2GktcB8noOk8/111xqN8ZU=
-159,-4,O12DuMbzl2t8cte4/T8hAZUzVeU=,YCd1S2GktcB8noOk8/111xqN8ZU=
-150,-9,O12DuMbzl2t8cte4/T8hAZUzVeU=,Yt3ZImRHrfS0JV6LSOw2Wcu1MNc=
-149,-9,O12DuMbzl2t8cte4/T8hAZUzVeU=,Yt3ZImRHrfS0JV6LSOw2Wcu1MNc=
-152,-9,O12DuMbzl2t8cte4/T8hAZUzVeU=,Yt3ZImRHrfS0JV6LSOw2Wcu1MNc=
-148,-10,O12DuMbzl2t8cte4/T8hAZUzVeU=,Yt3ZImRHrfS0JV6LSOw2Wcu1MNc=
-153,-12,O12DuMbzl2t8cte4/T8hAZUzVeU=,JggFuUDRIis5hmqyHHMXWp6m1MU=
-149,-10,O12DuMbzl2t8cte4/T8hAZUzVeU=,Yt3ZImRHrfS0JV6LSOw2Wcu1MNc=
-146,-11,O12DuMbzl2t8cte4/T8hAZUzVeU=,Yt3ZImRHrfS0JV6LSOw2Wcu1MNc=
-152,-10,O12DuMbzl2t8cte4/T8hAZUzVeU=,Yt3ZImRHrfS0JV6LSOw2Wcu1MNc=
-151,-10,O12DuMbzl2t8cte4/T8hAZUzVeU=,Yt3ZImRHrfS0JV6LSOw2Wcu1MNc=
-151,-9,O12DuMbzl2t8cte4/T8hAZUzVeU=,Yt3ZImRHrfS0JV6LSOw2Wcu1MNc=
-147,-11,O12DuMbzl2t8cte4/T8hAZUzVeU=,Yt3ZImRHrfS0JV6LSOw2Wcu1MNc=
-149,-11,O12DuMbzl2t8cte4/T8hAZUzVeU=,Yt3ZImRHrfS0JV6LSOw2Wcu1MNc=
-150,-11,O12DuMbzl2t8cte4/T8hAZUzVeU=,Yt3ZImRHrfS0JV6LSOw2Wcu1MNc=
-153,-8,O12DuMbzl2t8cte4/T8hAZUzVeU=,YCd1S2GktcB8noOk8/111xqN8ZU=
-146,-10,O12DuMbzl2t8cte4/T8hAZUzVeU=,Yt3ZImRHrfS0JV6LSOw2Wcu1MNc=
-146,-12,O12DuMbzl2t8cte4/T8hAZUzVeU=,Yt3ZImRHrfS0JV6LSOw2Wcu1MNc=
-147,-10,O12DuMbzl2t8cte4/T8hAZUzVeU=,Yt3ZImRHrfS0JV6LSOw2Wcu1MNc=
-151,-11,O12DuMbzl2t8cte4/T8hAZUzVeU=,Yt3ZImRHrfS0JV6LSOw2Wcu1MNc=
-148,-9,O12DuMbzl2t8cte4/T8hAZUzVeU=,Yt3ZImRHrfS0JV6LSOw2Wcu1MNc=
-147,-12,O12DuMbzl2t8cte4/T8hAZUzVeU=,Yt3ZImRHrfS0JV6LSOw2Wcu1MNc=
-153,-13,O12DuMbzl2t8cte4/T8hAZUzVeU=,JggFuUDRIis5hmqyHHMXWp6m1MU=
-152,-11,O12DuMbzl2t8cte4/T8hAZUzVeU=,Yt3ZImRHrfS0JV6LSOw2Wcu1MNc=
-146,-13,O12DuMbzl2t8cte4/T8hAZUzVeU=,Yt3ZImRHrfS0JV6LSOw2Wcu1MNc=
-152,-12,O12DuMbzl2t8cte4/T8hAZUzVeU=,Yt3ZImRHrfS0JV6LSOw2Wcu1MNc=
-150,-10,O12DuMbzl2t8cte4/T8hAZUzVeU=,Yt3ZImRHrfS0JV6LSOw2Wcu1MNc=
-147,-13,O12DuMbzl2t8cte4/T8hAZUzVeU=,Yt3ZImRHrfS0JV6LSOw2Wcu1MNc=
-148,-13,O12DuMbzl2t8cte4/T8hAZUzVeU=,Yt3ZImRHrfS0JV6LSOw2Wcu1MNc=
-153,-9,O12DuMbzl2t8cte4/T8hAZUzVeU=,JggFuUDRIis5hmqyHHMXWp6m1MU=
-149,-13,O12DuMbzl2t8cte4/T8hAZUzVeU=,Yt3ZImRHrfS0JV6LSOw2Wcu1MNc=
-150,-13,O12DuMbzl2t8cte4/T8hAZUzVeU=,Yt3ZImRHrfS0JV6LSOw2Wcu1MNc=
-151,-12,O12DuMbzl2t8cte4/T8hAZUzVeU=,Yt3ZImRHrfS0JV6LSOw2Wcu1MNc=
-146,-14,O12DuMbzl2t8cte4/T8hAZUzVeU=,Yt3ZImRHrfS0JV6LSOw2Wcu1MNc=
-148,-14,O12DuMbzl2t8cte4/T8hAZUzVeU=,Yt3ZImRHrfS0JV6LSOw2Wcu1MNc=
-150,-14,O12DuMbzl2t8cte4/T8hAZUzVeU=,Yt3ZImRHrfS0JV6LSOw2Wcu1MNc=
-148,-11,O12DuMbzl2t8cte4/T8hAZUzVeU=,Yt3ZImRHrfS0JV6LSOw2Wcu1MNc=
-152,-13,O12DuMbzl2t8cte4/T8hAZUzVeU=,Yt3ZImRHrfS0JV6LSOw2Wcu1MNc=
-149,-14,O12DuMbzl2t8cte4/T8hAZUzVeU=,Yt3ZImRHrfS0JV6LSOw2Wcu1MNc=
-146,-15,O12DuMbzl2t8cte4/T8hAZUzVeU=,Yt3ZImRHrfS0JV6LSOw2Wcu1MNc=
-153,-14,O12DuMbzl2t8cte4/T8hAZUzVeU=,JggFuUDRIis5hmqyHHMXWp6m1MU=
-149,-12,O12DuMbzl2t8cte4/T8hAZUzVeU=,Yt3ZImRHrfS0JV6LSOw2Wcu1MNc=
-149,-15,O12DuMbzl2t8cte4/T8hAZUzVeU=,Yt3ZImRHrfS0JV6LSOw2Wcu1MNc=
-153,-10,O12DuMbzl2t8cte4/T8hAZUzVeU=,JggFuUDRIis5hmqyHHMXWp6m1MU=
-150,-12,O12DuMbzl2t8cte4/T8hAZUzVeU=,Yt3ZImRHrfS0JV6LSOw2Wcu1MNc=
-148,-8,O12DuMbzl2t8cte4/T8hAZUzVeU=,qObgp8IjtRXFBiTly0xo+do+hyA=
-147,-8,O12DuMbzl2t8cte4/T8hAZUzVeU=,qObgp8IjtRXFBiTly0xo+do+hyA=
-151,-8,O12DuMbzl2t8cte4/T8hAZUzVeU=,qObgp8IjtRXFBiTly0xo+do+hyA=
-152,-15,O12DuMbzl2t8cte4/T8hAZUzVeU=,Yt3ZImRHrfS0JV6LSOw2Wcu1MNc=
-147,-15,O12DuMbzl2t8cte4/T8hAZUzVeU=,Yt3ZImRHrfS0JV6LSOw2Wcu1MNc=
-149,-8,O12DuMbzl2t8cte4/T8hAZUzVeU=,qObgp8IjtRXFBiTly0xo+do+hyA=
-153,-11,O12DuMbzl2t8cte4/T8hAZUzVeU=,JggFuUDRIis5hmqyHHMXWp6m1MU=
-151,-14,O12DuMbzl2t8cte4/T8hAZUzVeU=,Yt3ZImRHrfS0JV6LSOw2Wcu1MNc=
-153,-15,O12DuMbzl2t8cte4/T8hAZUzVeU=,JggFuUDRIis5hmqyHHMXWp6m1MU=
-148,-15,O12DuMbzl2t8cte4/T8hAZUzVeU=,Yt3ZImRHrfS0JV6LSOw2Wcu1MNc=
-152,-8,O12DuMbzl2t8cte4/T8hAZUzVeU=,qObgp8IjtRXFBiTly0xo+do+hyA=
-148,-12,O12DuMbzl2t8cte4/T8hAZUzVeU=,Yt3ZImRHrfS0JV6LSOw2Wcu1MNc=
-146,-8,O12DuMbzl2t8cte4/T8hAZUzVeU=,qObgp8IjtRXFBiTly0xo+do+hyA=
-150,-8,O12DuMbzl2t8cte4/T8hAZUzVeU=,qObgp8IjtRXFBiTly0xo+do+hyA=
-150,-15,O12DuMbzl2t8cte4/T8hAZUzVeU=,Yt3ZImRHrfS0JV6LSOw2Wcu1MNc=
-151,-15,O12DuMbzl2t8cte4/T8hAZUzVeU=,Yt3ZImRHrfS0JV6LSOw2Wcu1MNc=
-147,-9,O12DuMbzl2t8cte4/T8hAZUzVeU=,Yt3ZImRHrfS0JV6LSOw2Wcu1MNc=
-151,-13,O12DuMbzl2t8cte4/T8hAZUzVeU=,Yt3ZImRHrfS0JV6LSOw2Wcu1MNc=
-147,-14,O12DuMbzl2t8cte4/T8hAZUzVeU=,Yt3ZImRHrfS0JV6LSOw2Wcu1MNc=
-152,-14,O12DuMbzl2t8cte4/T8hAZUzVeU=,Yt3ZImRHrfS0JV6LSOw2Wcu1MNc=
-146,-9,O12DuMbzl2t8cte4/T8hAZUzVeU=,Yt3ZImRHrfS0JV6LSOw2Wcu1MNc=
-148,-1,jJ3u/0RYGQsux2/23d2iXMmcLKU=,qObgp8IjtRXFBiTly0xo+do+hyA=
-156,-16,jJ3u/0RYGQsux2/23d2iXMmcLKU=,JggFuUDRIis5hmqyHHMXWp6m1MU=
-154,-16,jJ3u/0RYGQsux2/23d2iXMmcLKU=,JggFuUDRIis5hmqyHHMXWp6m1MU=
-152,-16,jJ3u/0RYGQsux2/23d2iXMmcLKU=,Yt3ZImRHrfS0JV6LSOw2Wcu1MNc=
-146,-16,jJ3u/0RYGQsux2/23d2iXMmcLKU=,Yt3ZImRHrfS0JV6LSOw2Wcu1MNc=
-148,-16,jJ3u/0RYGQsux2/23d2iXMmcLKU=,Yt3ZImRHrfS0JV6LSOw2Wcu1MNc=
-151,-16,jJ3u/0RYGQsux2/23d2iXMmcLKU=,Yt3ZImRHrfS0JV6LSOw2Wcu1MNc=
-158,-16,jJ3u/0RYGQsux2/23d2iXMmcLKU=,JggFuUDRIis5hmqyHHMXWp6m1MU=
-157,-16,jJ3u/0RYGQsux2/23d2iXMmcLKU=,JggFuUDRIis5hmqyHHMXWp6m1MU=
-153,-16,jJ3u/0RYGQsux2/23d2iXMmcLKU=,JggFuUDRIis5hmqyHHMXWp6m1MU=
-159,-16,jJ3u/0RYGQsux2/23d2iXMmcLKU=,JggFuUDRIis5hmqyHHMXWp6m1MU=
-149,-16,jJ3u/0RYGQsux2/23d2iXMmcLKU=,Yt3ZImRHrfS0JV6LSOw2Wcu1MNc=
-150,-16,jJ3u/0RYGQsux2/23d2iXMmcLKU=,Yt3ZImRHrfS0JV6LSOw2Wcu1MNc=
-145,-10,jJ3u/0RYGQsux2/23d2iXMmcLKU=,Yt3ZImRHrfS0JV6LSOw2Wcu1MNc=
-145,-13,jJ3u/0RYGQsux2/23d2iXMmcLKU=,Yt3ZImRHrfS0JV6LSOw2Wcu1MNc=
-145,-14,jJ3u/0RYGQsux2/23d2iXMmcLKU=,Yt3ZImRHrfS0JV6LSOw2Wcu1MNc=
-145,-9,jJ3u/0RYGQsux2/23d2iXMmcLKU=,Yt3ZImRHrfS0JV6LSOw2Wcu1MNc=
-145,-11,jJ3u/0RYGQsux2/23d2iXMmcLKU=,Yt3ZImRHrfS0JV6LSOw2Wcu1MNc=
-145,-12,jJ3u/0RYGQsux2/23d2iXMmcLKU=,Yt3ZImRHrfS0JV6LSOw2Wcu1MNc=
-145,-8,jJ3u/0RYGQsux2/23d2iXMmcLKU=,qObgp8IjtRXFBiTly0xo+do+hyA=
-155,-16,jJ3u/0RYGQsux2/23d2iXMmcLKU=,JggFuUDRIis5hmqyHHMXWp6m1MU=
-147,-16,jJ3u/0RYGQsux2/23d2iXMmcLKU=,Yt3ZImRHrfS0JV6LSOw2Wcu1MNc=
-145,-15,jJ3u/0RYGQsux2/23d2iXMmcLKU=,Yt3ZImRHrfS0JV6LSOw2Wcu1MNc=
-160,-10,jJ3u/0RYGQsux2/23d2iXMmcLKU=,JggFuUDRIis5hmqyHHMXWp6m1MU=
-160,-15,jJ3u/0RYGQsux2/23d2iXMmcLKU=,JggFuUDRIis5hmqyHHMXWp6m1MU=
-160,-14,jJ3u/0RYGQsux2/23d2iXMmcLKU=,JggFuUDRIis5hmqyHHMXWp6m1MU=
-160,-11,jJ3u/0RYGQsux2/23d2iXMmcLKU=,JggFuUDRIis5hmqyHHMXWp6m1MU=
-160,-12,jJ3u/0RYGQsux2/23d2iXMmcLKU=,JggFuUDRIis5hmqyHHMXWp6m1MU=
-160,-13,jJ3u/0RYGQsux2/23d2iXMmcLKU=,JggFuUDRIis5hmqyHHMXWp6m1MU=
-160,-16,jJ3u/0RYGQsux2/23d2iXMmcLKU=,JggFuUDRIis5hmqyHHMXWp6m1MU=
-145,-16,jJ3u/0RYGQsux2/23d2iXMmcLKU=,Yt3ZImRHrfS0JV6LSOw2Wcu1MNc=
-145,-1,jJ3u/0RYGQsux2/23d2iXMmcLKU=,qObgp8IjtRXFBiTly0xo+do+hyA=
-160,-7,jJ3u/0RYGQsux2/23d2iXMmcLKU=,YCd1S2GktcB8noOk8/111xqN8ZU=
-160,-9,jJ3u/0RYGQsux2/23d2iXMmcLKU=,JggFuUDRIis5hmqyHHMXWp6m1MU=
-160,-6,jJ3u/0RYGQsux2/23d2iXMmcLKU=,YCd1S2GktcB8noOk8/111xqN8ZU=
-160,-4,jJ3u/0RYGQsux2/23d2iXMmcLKU=,YCd1S2GktcB8noOk8/111xqN8ZU=
-160,-5,jJ3u/0RYGQsux2/23d2iXMmcLKU=,YCd1S2GktcB8noOk8/111xqN8ZU=
-160,-3,jJ3u/0RYGQsux2/23d2iXMmcLKU=,YCd1S2GktcB8noOk8/111xqN8ZU=
-160,-2,jJ3u/0RYGQsux2/23d2iXMmcLKU=,YCd1S2GktcB8noOk8/111xqN8ZU=
-160,-1,jJ3u/0RYGQsux2/23d2iXMmcLKU=,YCd1S2GktcB8noOk8/111xqN8ZU=
-160,-8,jJ3u/0RYGQsux2/23d2iXMmcLKU=,YCd1S2GktcB8noOk8/111xqN8ZU=
