57,-99,ETtc2grKNy7xugL/nYYYpmHjHHA=,J4JnX3vAXMniREX+WiZx/pUsnP4=
62,-100,ETtc2grKNy7xugL/nYYYpmHjHHA=,J4JnX3vAXMniREX+WiZx/pUsnP4=
60,-99,ETtc2grKNy7xugL/nYYYpmHjHHA=,J4JnX3vAXMniREX+WiZx/pUsnP4=
61,-100,ETtc2grKNy7xugL/nYYYpmHjHHA=,J4JnX3vAXMniREX+WiZx/pUsnP4=
60,-100,ETtc2grKNy7xugL/nYYYpmHjHHA=,J4JnX3vAXMniREX+WiZx/pUsnP4=
58,-100,ETtc2grKNy7xugL/nYYYpmHjHHA=,J4JnX3vAXMniREX+WiZx/pUsnP4=
59,-100,ETtc2grKNy7xugL/nYYYpmHjHHA=,J4JnX3vAXMniREX+WiZx/pUsnP4=
61,-98,ETtc2grKNy7xugL/nYYYpmHjHHA=,J4JnX3vAXMniREX+WiZx/pUsnP4=
57,-100,ETtc2grKNy7xugL/nYYYpmHjHHA=,J4JnX3vAXMniREX+WiZx/pUsnP4=
57,-102,ETtc2grKNy7xugL/nYYYpmHjHHA=,J4JnX3vAXMniREX+WiZx/pUsnP4=
57,-101,ETtc2grKNy7xugL/nYYYpmHjHHA=,J4JnX3vAXMniREX+WiZx/pUsnP4=
60,-98,ETtc2grKNy7xugL/nYYYpmHjHHA=,J4JnX3vAXMniREX+WiZx/pUsnP4=
59,-98,ETtc2grKNy7xugL/nYYYpmHjHHA=,J4JnX3vAXMniREX+WiZx/pUsnP4=
61,-101,ETtc2grKNy7xugL/nYYYpmHjHHA=,J4JnX3vAXMniREX+WiZx/pUsnP4=
59,-99,ETtc2grKNy7xugL/nYYYpmHjHHA=,J4JnX3vAXMniREX+WiZx/pUsnP4=
58,-98,ETtc2grKNy7xugL/nYYYpmHjHHA=,J4JnX3vAXMniREX+WiZx/pUsnP4=
61,-102,ETtc2grKNy7xugL/nYYYpmHjHHA=,J4JnX3vAXMniREX+WiZx/pUsnP4=
57,-98,ETtc2grKNy7xugL/nYYYpmHjHHA=,J4JnX3vAXMniREX+WiZx/pUsnP4=
60,-101,ETtc2grKNy7xugL/nYYYpmHjHHA=,J4JnX3vAXMniREX+WiZx/pUsnP4=
60,-102,ETtc2grKNy7xugL/nYYYpmHjHHA=,J4JnX3vAXMniREX+WiZx/pUsnP4=
58,-103,ETtc2grKNy7xugL/nYYYpmHjHHA=,J4JnX3vAXMniREX+WiZx/pUsnP4=
62,-98,ETtc2grKNy7xugL/nYYYpmHjHHA=,J4JnX3vAXMniREX+WiZx/pUsnP4=
62,-103,ETtc2grKNy7xugL/nYYYpmHjHHA=,J4JnX3vAXMniREX+WiZx/pUsnP4=
61,-99,ETtc2grKNy7xugL/nYYYpmHjHHA=,J4JnX3vAXMniREX+WiZx/pUsnP4=
61,-103,ETtc2grKNy7xugL/nYYYpmHjHHA=,J4JnX3vAXMniREX+WiZx/pUsnP4=
60,-103,ETtc2grKNy7xugL/nYYYpmHjHHA=,J4JnX3vAXMniREX+WiZx/pUsnP4=
59,-103,ETtc2grKNy7xugL/nYYYpmHjHHA=,J4JnX3vAXMniREX+WiZx/pUsnP4=
57,-103,ETtc2grKNy7xugL/nYYYpmHjHHA=,J4JnX3vAXMniREX+WiZx/pUsnP4=
58,-101,ETtc2grKNy7xugL/nYYYpmHjHHA=,J4JnX3vAXMniREX+WiZx/pUsnP4=
59,-102,ETtc2grKNy7xugL/nYYYpmHjHHA=,J4JnX3vAXMniREX+WiZx/pUsnP4=
58,-102,ETtc2grKNy7xugL/nYYYpmHjHHA=,J4JnX3vAXMniREX+WiZx/pUsnP4=
58,-99,ETtc2grKNy7xugL/nYYYpmHjHHA=,J4JnX3vAXMniREX+WiZx/pUsnP4=
62,-101,ETtc2grKNy7xugL/nYYYpmHjHHA=,J4JnX3vAXMniREX+WiZx/pUsnP4=
62,-99,ETtc2grKNy7xugL/nYYYpmHjHHA=,J4JnX3vAXMniREX+WiZx/pUsnP4=
59,-101,ETtc2grKNy7xugL/nYYYpmHjHHA=,J4JnX3vAXMniREX+WiZx/pUsnP4=
62,-102,ETtc2grKNy7xugL/nYYYpmHjHHA=,J4JnX3vAXMniREX+WiZx/pUsnP4=
56,-99,ETtc2grKNy7xugL/nYYYpmHjHHA=,J4JnX3vAXMniREX+WiZx/pUsnP4=
49,-101,ETtc2grKNy7xugL/nYYYpmHjHHA=,dgt/RCR/yYOIJRsrL1EMhboTJ8A=
50,-101,ETtc2grKNy7xugL/nYYYpmHjHHA=,dgt/RCR/yYOIJRsrL1EMhboTJ8A=
56,-100,ETtc2grKNy7xugL/nYYYpmHjHHA=,J4JnX3vAXMniREX+WiZx/pUsnP4=
53,-102,ETtc2grKNy7xugL/nYYYpmHjHHA=,dgt/RCR/yYOIJRsrL1EMhboTJ8A=
55,-98,ETtc2grKNy7xugL/nYYYpmHjHHA=,dgt/RCR/yYOIJRsrL1EMhboTJ8A=
52,-102,ETtc2grKNy7xugL/nYYYpmHjHHA=,dgt/RCR/yYOIJRsrL1EMhboTJ8A=
49,-102,ETtc2grKNy7xugL/nYYYpmHjHHA=,dgt/RCR/yYOIJRsrL1EMhboTJ8A=
54,-98,ETtc2grKNy7xugL/nYYYpmHjHHA=,dgt/RCR/yYOIJRsrL1EMhboTJ8A=
56,-101,ETtc2grKNy7xugL/nYYYpmHjHHA=,J4JnX3vAXMniREX+WiZx/pUsnP4=
54,-102,ETtc2grKNy7xugL/nYYYpmHjHHA=,dgt/RCR/yYOIJRsrL1EMhboTJ8A=
55,-103,ETtc2grKNy7xugL/nYYYpmHjHHA=,dgt/RCR/yYOIJRsrL1EMhboTJ8A=
50,-102,ETtc2grKNy7xugL/nYYYpmHjHHA=,dgt/RCR/yYOIJRsrL1EMhboTJ8A=
52,-103,ETtc2grKNy7xugL/nYYYpmHjHHA=,dgt/RCR/yYOIJRsrL1EMhboTJ8A=
50,-103,ETtc2grKNy7xugL/nYYYpmHjHHA=,dgt/RCR/yYOIJRsrL1EMhboTJ8A=
50,-98,ETtc2grKNy7xugL/nYYYpmHjHHA=,dgt/RCR/yYOIJRsrL1EMhboTJ8A=
49,-103,ETtc2grKNy7xugL/nYYYpmHjHHA=,dgt/RCR/yYOIJRsrL1EMhboTJ8A=
49,-98,ETtc2grKNy7xugL/nYYYpmHjHHA=,dgt/RCR/yYOIJRsrL1EMhboTJ8A=
51,-98,ETtc2grKNy7xugL/nYYYpmHjHHA=,dgt/RCR/yYOIJRsrL1EMhboTJ8A=
55,-99,ETtc2grKNy7xugL/nYYYpmHjHHA=,dgt/RCR/yYOIJRsrL1EMhboTJ8A=
55,-100,ETtc2grKNy7xugL/nYYYpmHjHHA=,dgt/RCR/yYOIJRsrL1EMhboTJ8A=
56,-98,ETtc2grKNy7xugL/nYYYpmHjHHA=,J4JnX3vAXMniREX+WiZx/pUsnP4=
50,-99,ETtc2grKNy7xugL/nYYYpmHjHHA=,dgt/RCR/yYOIJRsrL1EMhboTJ8A=
49,-99,ETtc2grKNy7xugL/nYYYpmHjHHA=,dgt/RCR/yYOIJRsrL1EMhboTJ8A=
53,-98,ETtc2grKNy7xugL/nYYYpmHjHHA=,dgt/RCR/yYOIJRsrL1EMhboTJ8A=
53,-100,ETtc2grKNy7xugL/nYYYpmHjHHA=,dgt/RCR/yYOIJRsrL1EMhboTJ8A=
56,-102,ETtc2grKNy7xugL/nYYYpmHjHHA=,J4JnX3vAXMniREX+WiZx/pUsnP4=
52,-100,ETtc2grKNy7xugL/nYYYpmHjHHA=,dgt/RCR/yYOIJRsrL1EMhboTJ8A=
54,-100,ETtc2grKNy7xugL/nYYYpmHjHHA=,dgt/RCR/yYOIJRsrL1EMhboTJ8A=
50,-100,ETtc2grKNy7xugL/nYYYpmHjHHA=,dgt/RCR/yYOIJRsrL1EMhboTJ8A=
55,-101,ETtc2grKNy7xugL/nYYYpmHjHHA=,dgt/RCR/yYOIJRsrL1EMhboTJ8A=
54,-101,ETtc2grKNy7xugL/nYYYpmHjHHA=,dgt/RCR/yYOIJRsrL1EMhboTJ8A=
54,-99,ETtc2grKNy7xugL/nYYYpmHjHHA=,dgt/RCR/yYOIJRsrL1EMhboTJ8A=
54,-103,ETtc2grKNy7xugL/nYYYpmHjHHA=,dgt/RCR/yYOIJRsrL1EMhboTJ8A=
52,-98,ETtc2grKNy7xugL/nYYYpmHjHHA=,dgt/RCR/yYOIJRsrL1EMhboTJ8A=
51,-102,ETtc2grKNy7xugL/nYYYpmHjHHA=,dgt/RCR/yYOIJRsrL1EMhboTJ8A=
56,-103,ETtc2grKNy7xugL/nYYYpmHjHHA=,J4JnX3vAXMniREX+WiZx/pUsnP4=
51,-100,ETtc2grKNy7xugL/nYYYpmHjHHA=,dgt/RCR/yYOIJRsrL1EMhboTJ8A=
51,-99,ETtc2grKNy7xugL/nYYYpmHjHHA=,dgt/RCR/yYOIJRsrL1EMhboTJ8A=
52,-99,ETtc2grKNy7xugL/nYYYpmHjHHA=,dgt/RCR/yYOIJRsrL1EMhboTJ8A=
51,-103,ETtc2grKNy7xugL/nYYYpmHjHHA=,dgt/RCR/yYOIJRsrL1EMhboTJ8A=
52,-101,ETtc2grKNy7xugL/nYYYpmHjHHA=,dgt/RCR/yYOIJRsrL1EMhboTJ8A=
55,-102,ETtc2grKNy7xugL/nYYYpmHjHHA=,dgt/RCR/yYOIJRsrL1EMhboTJ8A=
53,-103,ETtc2grKNy7xugL/nYYYpmHjHHA=,dgt/RCR/yYOIJRsrL1EMhboTJ8A=
53,-101,ETtc2grKNy7xugL/nYYYpmHjHHA=,dgt/RCR/yYOIJRsrL1EMhboTJ8A=
49,-100,ETtc2grKNy7xugL/nYYYpmHjHHA=,dgt/RCR/yYOIJRsrL1EMhboTJ8A=
51,-101,ETtc2grKNy7xugL/nYYYpmHjHHA=,dgt/RCR/yYOIJRsrL1EMhboTJ8A=
53,-99,ETtc2grKNy7xugL/nYYYpmHjHHA=,dgt/RCR/yYOIJRsrL1EMhboTJ8A=
52,-107,ETtc2grKNy7xugL/nYYYpmHjHHA=,LZUqjZLrqyo28qKSGfBFa/APJ0s=
50,-107,ETtc2grKNy7xugL/nYYYpmHjHHA=,LZUqjZLrqyo28qKSGfBFa/APJ0s=
54,-108,ETtc2grKNy7xugL/nYYYpmHjHHA=,LZUqjZLrqyo28qKSGfBFa/APJ0s=
51,-107,ETtc2grKNy7xugL/nYYYpmHjHHA=,LZUqjZLrqyo28qKSGfBFa/APJ0s=
52,-108,ETtc2grKNy7xugL/nYYYpmHjHHA=,LZUqjZLrqyo28qKSGfBFa/APJ0s=
49,-107,ETtc2grKNy7xugL/nYYYpmHjHHA=,LZUqjZLrqyo28qKSGfBFa/APJ0s=
49,-108,ETtc2grKNy7xugL/nYYYpmHjHHA=,LZUqjZLrqyo28qKSGfBFa/APJ0s=
51,-108,ETtc2grKNy7xugL/nYYYpmHjHHA=,LZUqjZLrqyo28qKSGfBFa/APJ0s=
51,-109,ETtc2grKNy7xugL/nYYYpmHjHHA=,LZUqjZLrqyo28qKSGfBFa/APJ0s=
54,-110,ETtc2grKNy7xugL/nYYYpmHjHHA=,LZUqjZLrqyo28qKSGfBFa/APJ0s=
53,-104,ETtc2grKNy7xugL/nYYYpmHjHHA=,dgt/RCR/yYOIJRsrL1EMhboTJ8A=
53,-110,ETtc2grKNy7xugL/nYYYpmHjHHA=,LZUqjZLrqyo28qKSGfBFa/APJ0s=
52,-104,ETtc2grKNy7xugL/nYYYpmHjHHA=,dgt/RCR/yYOIJRsrL1EMhboTJ8A=
51,-110,ETtc2grKNy7xugL/nYYYpmHjHHA=,LZUqjZLrqyo28qKSGfBFa/APJ0s=
50,-104,ETtc2grKNy7xugL/nYYYpmHjHHA=,dgt/RCR/yYOIJRsrL1EMhboTJ8A=
49,-110,ETtc2grKNy7xugL/nYYYpmHjHHA=,LZUqjZLrqyo28qKSGfBFa/APJ0s=
49,-109,ETtc2grKNy7xugL/nYYYpmHjHHA=,LZUqjZLrqyo28qKSGfBFa/APJ0s=
49,-97,ETtc2grKNy7xugL/nYYYpmHjHHA=,dgt/RCR/yYOIJRsrL1EMhboTJ8A=
54,-111,ETtc2grKNy7xugL/nYYYpmHjHHA=,LZUqjZLrqyo28qKSGfBFa/APJ0s=
54,-97,ETtc2grKNy7xugL/nYYYpmHjHHA=,dgt/RCR/yYOIJRsrL1EMhboTJ8A=
51,-104,ETtc2grKNy7xugL/nYYYpmHjHHA=,dgt/RCR/yYOIJRsrL1EMhboTJ8A=
53,-97,ETtc2grKNy7xugL/nYYYpmHjHHA=,dgt/RCR/yYOIJRsrL1EMhboTJ8A=
53,-111,ETtc2grKNy7xugL/nYYYpmHjHHA=,LZUqjZLrqyo28qKSGfBFa/APJ0s=
53,-105,ETtc2grKNy7xugL/nYYYpmHjHHA=,LZUqjZLrqyo28qKSGfBFa/APJ0s=
53,-107,ETtc2grKNy7xugL/nYYYpmHjHHA=,LZUqjZLrqyo28qKSGfBFa/APJ0s=
54,-107,ETtc2grKNy7xugL/nYYYpmHjHHA=,LZUqjZLrqyo28qKSGfBFa/APJ0s=
49,-105,ETtc2grKNy7xugL/nYYYpmHjHHA=,LZUqjZLrqyo28qKSGfBFa/APJ0s=
51,-97,ETtc2grKNy7xugL/nYYYpmHjHHA=,dgt/RCR/yYOIJRsrL1EMhboTJ8A=
51,-111,ETtc2grKNy7xugL/nYYYpmHjHHA=,LZUqjZLrqyo28qKSGfBFa/APJ0s=
54,-106,ETtc2grKNy7xugL/nYYYpmHjHHA=,LZUqjZLrqyo28qKSGfBFa/APJ0s=
53,-109,ETtc2grKNy7xugL/nYYYpmHjHHA=,LZUqjZLrqyo28qKSGfBFa/APJ0s=
49,-104,ETtc2grKNy7xugL/nYYYpmHjHHA=,dgt/RCR/yYOIJRsrL1EMhboTJ8A=
54,-104,ETtc2grKNy7xugL/nYYYpmHjHHA=,dgt/RCR/yYOIJRsrL1EMhboTJ8A=
53,-106,ETtc2grKNy7xugL/nYYYpmHjHHA=,LZUqjZLrqyo28qKSGfBFa/APJ0s=
52,-110,ETtc2grKNy7xugL/nYYYpmHjHHA=,LZUqjZLrqyo28qKSGfBFa/APJ0s=
50,-110,ETtc2grKNy7xugL/nYYYpmHjHHA=,LZUqjZLrqyo28qKSGfBFa/APJ0s=
52,-105,ETtc2grKNy7xugL/nYYYpmHjHHA=,LZUqjZLrqyo28qKSGfBFa/APJ0s=
50,-106,ETtc2grKNy7xugL/nYYYpmHjHHA=,LZUqjZLrqyo28qKSGfBFa/APJ0s=
51,-106,ETtc2grKNy7xugL/nYYYpmHjHHA=,LZUqjZLrqyo28qKSGfBFa/APJ0s=
50,-105,ETtc2grKNy7xugL/nYYYpmHjHHA=,LZUqjZLrqyo28qKSGfBFa/APJ0s=
52,-109,ETtc2grKNy7xugL/nYYYpmHjHHA=,LZUqjZLrqyo28qKSGfBFa/APJ0s=
51,-105,ETtc2grKNy7xugL/nYYYpmHjHHA=,LZUqjZLrqyo28qKSGfBFa/APJ0s=
50,-109,ETtc2grKNy7xugL/nYYYpmHjHHA=,LZUqjZLrqyo28qKSGfBFa/APJ0s=
54,-109,ETtc2grKNy7xugL/nYYYpmHjHHA=,LZUqjZLrqyo28qKSGfBFa/APJ0s=
53,-108,ETtc2grKNy7xugL/nYYYpmHjHHA=,LZUqjZLrqyo28qKSGfBFa/APJ0s=
49,-106,ETtc2grKNy7xugL/nYYYpmHjHHA=,LZUqjZLrqyo28qKSGfBFa/APJ0s=
52,-97,ETtc2grKNy7xugL/nYYYpmHjHHA=,dgt/RCR/yYOIJRsrL1EMhboTJ8A=
49,-111,ETtc2grKNy7xugL/nYYYpmHjHHA=,LZUqjZLrqyo28qKSGfBFa/APJ0s=
54,-105,ETtc2grKNy7xugL/nYYYpmHjHHA=,LZUqjZLrqyo28qKSGfBFa/APJ0s=
52,-106,ETtc2grKNy7xugL/nYYYpmHjHHA=,LZUqjZLrqyo28qKSGfBFa/APJ0s=
50,-97,ETtc2grKNy7xugL/nYYYpmHjHHA=,dgt/RCR/yYOIJRsrL1EMhboTJ8A=
50,-111,ETtc2grKNy7xugL/nYYYpmHjHHA=,LZUqjZLrqyo28qKSGfBFa/APJ0s=
50,-108,ETtc2grKNy7xugL/nYYYpmHjHHA=,LZUqjZLrqyo28qKSGfBFa/APJ0s=
52,-111,ETtc2grKNy7xugL/nYYYpmHjHHA=,LZUqjZLrqyo28qKSGfBFa/APJ0s=
56,-105,ETtc2grKNy7xugL/nYYYpmHjHHA=,A1wC+eLFs4hMrJKoqUg85q0ZAIQ=
62,-106,ETtc2grKNy7xugL/nYYYpmHjHHA=,A1wC+eLFs4hMrJKoqUg85q0ZAIQ=
59,-105,ETtc2grKNy7xugL/nYYYpmHjHHA=,A1wC+eLFs4hMrJKoqUg85q0ZAIQ=
55,-108,ETtc2grKNy7xugL/nYYYpmHjHHA=,LZUqjZLrqyo28qKSGfBFa/APJ0s=
57,-106,ETtc2grKNy7xugL/nYYYpmHjHHA=,A1wC+eLFs4hMrJKoqUg85q0ZAIQ=
58,-106,ETtc2grKNy7xugL/nYYYpmHjHHA=,A1wC+eLFs4hMrJKoqUg85q0ZAIQ=
56,-106,ETtc2grKNy7xugL/nYYYpmHjHHA=,A1wC+eLFs4hMrJKoqUg85q0ZAIQ=
60,-107,ETtc2grKNy7xugL/nYYYpmHjHHA=,A1wC+eLFs4hMrJKoqUg85q0ZAIQ=
61,-107,ETtc2grKNy7xugL/nYYYpmHjHHA=,A1wC+eLFs4hMrJKoqUg85q0ZAIQ=
57,-105,ETtc2grKNy7xugL/nYYYpmHjHHA=,A1wC+eLFs4hMrJKoqUg85q0ZAIQ=
58,-105,ETtc2grKNy7xugL/nYYYpmHjHHA=,A1wC+eLFs4hMrJKoqUg85q0ZAIQ=
59,-107,ETtc2grKNy7xugL/nYYYpmHjHHA=,A1wC+eLFs4hMrJKoqUg85q0ZAIQ=
55,-109,ETtc2grKNy7xugL/nYYYpmHjHHA=,LZUqjZLrqyo28qKSGfBFa/APJ0s=
58,-107,ETtc2grKNy7xugL/nYYYpmHjHHA=,A1wC+eLFs4hMrJKoqUg85q0ZAIQ=
57,-107,ETtc2grKNy7xugL/nYYYpmHjHHA=,A1wC+eLFs4hMrJKoqUg85q0ZAIQ=
56,-107,ETtc2grKNy7xugL/nYYYpmHjHHA=,A1wC+eLFs4hMrJKoqUg85q0ZAIQ=
62,-108,ETtc2grKNy7xugL/nYYYpmHjHHA=,A1wC+eLFs4hMrJKoqUg85q0ZAIQ=
59,-106,ETtc2grKNy7xugL/nYYYpmHjHHA=,A1wC+eLFs4hMrJKoqUg85q0ZAIQ=
61,-108,ETtc2grKNy7xugL/nYYYpmHjHHA=,A1wC+eLFs4hMrJKoqUg85q0ZAIQ=
60,-106,ETtc2grKNy7xugL/nYYYpmHjHHA=,A1wC+eLFs4hMrJKoqUg85q0ZAIQ=
59,-108,ETtc2grKNy7xugL/nYYYpmHjHHA=,A1wC+eLFs4hMrJKoqUg85q0ZAIQ=
55,-104,ETtc2grKNy7xugL/nYYYpmHjHHA=,dgt/RCR/yYOIJRsrL1EMhboTJ8A=
58,-108,ETtc2grKNy7xugL/nYYYpmHjHHA=,A1wC+eLFs4hMrJKoqUg85q0ZAIQ=
62,-109,ETtc2grKNy7xugL/nYYYpmHjHHA=,A1wC+eLFs4hMrJKoqUg85q0ZAIQ=
55,-110,ETtc2grKNy7xugL/nYYYpmHjHHA=,LZUqjZLrqyo28qKSGfBFa/APJ0s=
61,-106,ETtc2grKNy7xugL/nYYYpmHjHHA=,A1wC+eLFs4hMrJKoqUg85q0ZAIQ=
56,-109,ETtc2grKNy7xugL/nYYYpmHjHHA=,A1wC+eLFs4hMrJKoqUg85q0ZAIQ=
55,-105,ETtc2grKNy7xugL/nYYYpmHjHHA=,LZUqjZLrqyo28qKSGfBFa/APJ0s=
57,-109,ETtc2grKNy7xugL/nYYYpmHjHHA=,A1wC+eLFs4hMrJKoqUg85q0ZAIQ=
60,-105,ETtc2grKNy7xugL/nYYYpmHjHHA=,A1wC+eLFs4hMrJKoqUg85q0ZAIQ=
56,-110,ETtc2grKNy7xugL/nYYYpmHjHHA=,A1wC+eLFs4hMrJKoqUg85q0ZAIQ=
58,-110,ETtc2grKNy7xugL/nYYYpmHjHHA=,A1wC+eLFs4hMrJKoqUg85q0ZAIQ=
61,-110,ETtc2grKNy7xugL/nYYYpmHjHHA=,A1wC+eLFs4hMrJKoqUg85q0ZAIQ=
57,-110,ETtc2grKNy7xugL/nYYYpmHjHHA=,A1wC+eLFs4hMrJKoqUg85q0ZAIQ=
55,-106,ETtc2grKNy7xugL/nYYYpmHjHHA=,LZUqjZLrqyo28qKSGfBFa/APJ0s=
58,-109,ETtc2grKNy7xugL/nYYYpmHjHHA=,A1wC+eLFs4hMrJKoqUg85q0ZAIQ=
57,-104,ETtc2grKNy7xugL/nYYYpmHjHHA=,J4JnX3vAXMniREX+WiZx/pUsnP4=
62,-104,ETtc2grKNy7xugL/nYYYpmHjHHA=,J4JnX3vAXMniREX+WiZx/pUsnP4=
62,-111,ETtc2grKNy7xugL/nYYYpmHjHHA=,A1wC+eLFs4hMrJKoqUg85q0ZAIQ=
58,-111,ETtc2grKNy7xugL/nYYYpmHjHHA=,A1wC+eLFs4hMrJKoqUg85q0ZAIQ=
59,-110,ETtc2grKNy7xugL/nYYYpmHjHHA=,A1wC+eLFs4hMrJKoqUg85q0ZAIQ=
61,-104,ETtc2grKNy7xugL/nYYYpmHjHHA=,J4JnX3vAXMniREX+WiZx/pUsnP4=
55,-107,ETtc2grKNy7xugL/nYYYpmHjHHA=,LZUqjZLrqyo28qKSGfBFa/APJ0s=
62,-107,ETtc2grKNy7xugL/nYYYpmHjHHA=,A1wC+eLFs4hMrJKoqUg85q0ZAIQ=
56,-104,ETtc2grKNy7xugL/nYYYpmHjHHA=,J4JnX3vAXMniREX+WiZx/pUsnP4=
59,-104,ETtc2grKNy7xugL/nYYYpmHjHHA=,J4JnX3vAXMniREX+WiZx/pUsnP4=
57,-111,ETtc2grKNy7xugL/nYYYpmHjHHA=,A1wC+eLFs4hMrJKoqUg85q0ZAIQ=
61,-111,ETtc2grKNy7xugL/nYYYpmHjHHA=,A1wC+eLFs4hMrJKoqUg85q0ZAIQ=
60,-110,ETtc2grKNy7xugL/nYYYpmHjHHA=,A1wC+eLFs4hMrJKoqUg85q0ZAIQ=
58,-104,ETtc2grKNy7xugL/nYYYpmHjHHA=,J4JnX3vAXMniREX+WiZx/pUsnP4=
59,-109,ETtc2grKNy7xugL/nYYYpmHjHHA=,A1wC+eLFs4hMrJKoqUg85q0ZAIQ=
59,-111,ETtc2grKNy7xugL/nYYYpmHjHHA=,A1wC+eLFs4hMrJKoqUg85q0ZAIQ=
62,-105,ETtc2grKNy7xugL/nYYYpmHjHHA=,A1wC+eLFs4hMrJKoqUg85q0ZAIQ=
60,-109,ETtc2grKNy7xugL/nYYYpmHjHHA=,A1wC+eLFs4hMrJKoqUg85q0ZAIQ=
61,-105,ETtc2grKNy7xugL/nYYYpmHjHHA=,A1wC+eLFs4hMrJKoqUg85q0ZAIQ=
60,-108,ETtc2grKNy7xugL/nYYYpmHjHHA=,A1wC+eLFs4hMrJKoqUg85q0ZAIQ=
56,-111,ETtc2grKNy7xugL/nYYYpmHjHHA=,A1wC+eLFs4hMrJKoqUg85q0ZAIQ=
60,-111,ETtc2grKNy7xugL/nYYYpmHjHHA=,A1wC+eLFs4hMrJKoqUg85q0ZAIQ=
62,-110,ETtc2grKNy7xugL/nYYYpmHjHHA=,A1wC+eLFs4hMrJKoqUg85q0ZAIQ=
48,-107,ETtc2grKNy7xugL/nYYYpmHjHHA=,LZUqjZLrqyo28qKSGfBFa/APJ0s=
48,-106,ETtc2grKNy7xugL/nYYYpmHjHHA=,LZUqjZLrqyo28qKSGfBFa/APJ0s=
48,-108,ETtc2grKNy7xugL/nYYYpmHjHHA=,LZUqjZLrqyo28qKSGfBFa/APJ0s=
56,-108,ETtc2grKNy7xugL/nYYYpmHjHHA=,A1wC+eLFs4hMrJKoqUg85q0ZAIQ=
48,-110,ETtc2grKNy7xugL/nYYYpmHjHHA=,LZUqjZLrqyo28qKSGfBFa/APJ0s=
61,-109,ETtc2grKNy7xugL/nYYYpmHjHHA=,A1wC+eLFs4hMrJKoqUg85q0ZAIQ=
48,-111,ETtc2grKNy7xugL/nYYYpmHjHHA=,LZUqjZLrqyo28qKSGfBFa/APJ0s=
48,-109,ETtc2grKNy7xugL/nYYYpmHjHHA=,LZUqjZLrqyo28qKSGfBFa/APJ0s=
57,-108,ETtc2grKNy7xugL/nYYYpmHjHHA=,A1wC+eLFs4hMrJKoqUg85q0ZAIQ=
55,-111,ETtc2grKNy7xugL/nYYYpmHjHHA=,LZUqjZLrqyo28qKSGfBFa/APJ0s=
60,-104,ETtc2grKNy7xugL/nYYYpmHjHHA=,J4JnX3vAXMniREX+WiZx/pUsnP4=
49,-112,ETtc2grKNy7xugL/nYYYpmHjHHA=,LZUqjZLrqyo28qKSGfBFa/APJ0s=
52,-112,ETtc2grKNy7xugL/nYYYpmHjHHA=,LZUqjZLrqyo28qKSGfBFa/APJ0s=
51,-112,ETtc2grKNy7xugL/nYYYpmHjHHA=,LZUqjZLrqyo28qKSGfBFa/APJ0s=
50,-112,ETtc2grKNy7xugL/nYYYpmHjHHA=,LZUqjZLrqyo28qKSGfBFa/APJ0s=
53,-112,ETtc2grKNy7xugL/nYYYpmHjHHA=,LZUqjZLrqyo28qKSGfBFa/APJ0s=
48,-100,ETtc2grKNy7xugL/nYYYpmHjHHA=,dgt/RCR/yYOIJRsrL1EMhboTJ8A=
54,-112,ETtc2grKNy7xugL/nYYYpmHjHHA=,LZUqjZLrqyo28qKSGfBFa/APJ0s=
48,-101,ETtc2grKNy7xugL/nYYYpmHjHHA=,dgt/RCR/yYOIJRsrL1EMhboTJ8A=
48,-97,ETtc2grKNy7xugL/nYYYpmHjHHA=,dgt/RCR/yYOIJRsrL1EMhboTJ8A=
48,-102,ETtc2grKNy7xugL/nYYYpmHjHHA=,dgt/RCR/yYOIJRsrL1EMhboTJ8A=
48,-98,ETtc2grKNy7xugL/nYYYpmHjHHA=,dgt/RCR/yYOIJRsrL1EMhboTJ8A=
48,-99,ETtc2grKNy7xugL/nYYYpmHjHHA=,dgt/RCR/yYOIJRsrL1EMhboTJ8A=
48,-103,ETtc2grKNy7xugL/nYYYpmHjHHA=,dgt/RCR/yYOIJRsrL1EMhboTJ8A=
48,-105,ETtc2grKNy7xugL/nYYYpmHjHHA=,LZUqjZLrqyo28qKSGfBFa/APJ0s=
48,-104,ETtc2grKNy7xugL/nYYYpmHjHHA=,dgt/RCR/yYOIJRsrL1EMhboTJ8A=
63,-103,ETtc2grKNy7xugL/nYYYpmHjHHA=,J4JnX3vAXMniREX+WiZx/pUsnP4=
63,-100,ETtc2grKNy7xugL/nYYYpmHjHHA=,J4JnX3vAXMniREX+WiZx/pUsnP4=
63,-102,ETtc2grKNy7xugL/nYYYpmHjHHA=,J4JnX3vAXMniREX+WiZx/pUsnP4=
63,-101,ETtc2grKNy7xugL/nYYYpmHjHHA=,J4JnX3vAXMniREX+WiZx/pUsnP4=
63,-98,ETtc2grKNy7xugL/nYYYpmHjHHA=,J4JnX3vAXMniREX+WiZx/pUsnP4=
60,-97,ETtc2grKNy7xugL/nYYYpmHjHHA=,J4JnX3vAXMniREX+WiZx/pUsnP4=
55,-97,ETtc2grKNy7xugL/nYYYpmHjHHA=,dgt/RCR/yYOIJRsrL1EMhboTJ8A=
59,-97,ETtc2grKNy7xugL/nYYYpmHjHHA=,J4JnX3vAXMniREX+WiZx/pUsnP4=
56,-97,ETtc2grKNy7xugL/nYYYpmHjHHA=,J4JnX3vAXMniREX+WiZx/pUsnP4=
57,-97,ETtc2grKNy7xugL/nYYYpmHjHHA=,J4JnX3vAXMniREX+WiZx/pUsnP4=
62,-97,ETtc2grKNy7xugL/nYYYpmHjHHA=,J4JnX3vAXMniREX+WiZx/pUsnP4=
58,-97,ETtc2grKNy7xugL/nYYYpmHjHHA=,J4JnX3vAXMniREX+WiZx/pUsnP4=
61,-97,ETtc2grKNy7xugL/nYYYpmHjHHA=,J4JnX3vAXMniREX+WiZx/pUsnP4=
63,-105,ETtc2grKNy7xugL/nYYYpmHjHHA=,A1wC+eLFs4hMrJKoqUg85q0ZAIQ=
63,-106,ETtc2grKNy7xugL/nYYYpmHjHHA=,A1wC+eLFs4hMrJKoqUg85q0ZAIQ=
63,-108,ETtc2grKNy7xugL/nYYYpmHjHHA=,A1wC+eLFs4hMrJKoqUg85q0ZAIQ=
63,-109,ETtc2grKNy7xugL/nYYYpmHjHHA=,A1wC+eLFs4hMrJKoqUg85q0ZAIQ=
63,-99,ETtc2grKNy7xugL/nYYYpmHjHHA=,J4JnX3vAXMniREX+WiZx/pUsnP4=
63,-104,ETtc2grKNy7xugL/nYYYpmHjHHA=,J4JnX3vAXMniREX+WiZx/pUsnP4=
63,-110,ETtc2grKNy7xugL/nYYYpmHjHHA=,A1wC+eLFs4hMrJKoqUg85q0ZAIQ=
63,-107,ETtc2grKNy7xugL/nYYYpmHjHHA=,A1wC+eLFs4hMrJKoqUg85q0ZAIQ=
63,-111,ETtc2grKNy7xugL/nYYYpmHjHHA=,A1wC+eLFs4hMrJKoqUg85q0ZAIQ=
62,-112,ETtc2grKNy7xugL/nYYYpmHjHHA=,A1wC+eLFs4hMrJKoqUg85q0ZAIQ=
56,-112,ETtc2grKNy7xugL/nYYYpmHjHHA=,A1wC+eLFs4hMrJKoqUg85q0ZAIQ=
58,-112,ETtc2grKNy7xugL/nYYYpmHjHHA=,A1wC+eLFs4hMrJKoqUg85q0ZAIQ=
55,-112,ETtc2grKNy7xugL/nYYYpmHjHHA=,LZUqjZLrqyo28qKSGfBFa/APJ0s=
57,-112,ETtc2grKNy7xugL/nYYYpmHjHHA=,A1wC+eLFs4hMrJKoqUg85q0ZAIQ=
60,-112,ETtc2grKNy7xugL/nYYYpmHjHHA=,A1wC+eLFs4hMrJKoqUg85q0ZAIQ=
61,-112,ETtc2grKNy7xugL/nYYYpmHjHHA=,A1wC+eLFs4hMrJKoqUg85q0ZAIQ=
59,-112,ETtc2grKNy7xugL/nYYYpmHjHHA=,A1wC+eLFs4hMrJKoqUg85q0ZAIQ=
63,-112,ETtc2grKNy7xugL/nYYYpmHjHHA=,A1wC+eLFs4hMrJKoqUg85q0ZAIQ=
48,-112,ETtc2grKNy7xugL/nYYYpmHjHHA=,LZUqjZLrqyo28qKSGfBFa/APJ0s=
63,-97,ETtc2grKNy7xugL/nYYYpmHjHHA=,J4JnX3vAXMniREX+WiZx/pUsnP4=
57,-127,KRfWtYJsZgLm+oV7fIHO/SaOY3s=,/jP/rgCboHEy3+YwwkoFeLX1pPE=
61,-122,KRfWtYJsZgLm+oV7fIHO/SaOY3s=,/jP/rgCboHEy3+YwwkoFeLX1pPE=
59,-122,KRfWtYJsZgLm+oV7fIHO/SaOY3s=,/jP/rgCboHEy3+YwwkoFeLX1pPE=
60,-122,KRfWtYJsZgLm+oV7fIHO/SaOY3s=,/jP/rgCboHEy3+YwwkoFeLX1pPE=
60,-123,KRfWtYJsZgLm+oV7fIHO/SaOY3s=,/jP/rgCboHEy3+YwwkoFeLX1pPE=
59,-123,KRfWtYJsZgLm+oV7fIHO/SaOY3s=,/jP/rgCboHEy3+YwwkoFeLX1pPE=
61,-123,KRfWtYJsZgLm+oV7fIHO/SaOY3s=,/jP/rgCboHEy3+YwwkoFeLX1pPE=
61,-124,KRfWtYJsZgLm+oV7fIHO/SaOY3s=,/jP/rgCboHEy3+YwwkoFeLX1pPE=
59,-124,KRfWtYJsZgLm+oV7fIHO/SaOY3s=,/jP/rgCboHEy3+YwwkoFeLX1pPE=
60,-124,KRfWtYJsZgLm+oV7fIHO/SaOY3s=,/jP/rgCboHEy3+YwwkoFeLX1pPE=
58,-124,KRfWtYJsZgLm+oV7fIHO/SaOY3s=,/jP/rgCboHEy3+YwwkoFeLX1pPE=
57,-124,KRfWtYJsZgLm+oV7fIHO/SaOY3s=,/jP/rgCboHEy3+YwwkoFeLX1pPE=
62,-125,KRfWtYJsZgLm+oV7fIHO/SaOY3s=,/jP/rgCboHEy3+YwwkoFeLX1pPE=
58,-122,KRfWtYJsZgLm+oV7fIHO/SaOY3s=,/jP/rgCboHEy3+YwwkoFeLX1pPE=
59,-125,KRfWtYJsZgLm+oV7fIHO/SaOY3s=,/jP/rgCboHEy3+YwwkoFeLX1pPE=
61,-126,KRfWtYJsZgLm+oV7fIHO/SaOY3s=,/jP/rgCboHEy3+YwwkoFeLX1pPE=
59,-126,KRfWtYJsZgLm+oV7fIHO/SaOY3s=,/jP/rgCboHEy3+YwwkoFeLX1pPE=
62,-127,KRfWtYJsZgLm+oV7fIHO/SaOY3s=,/jP/rgCboHEy3+YwwkoFeLX1pPE=
58,-125,KRfWtYJsZgLm+oV7fIHO/SaOY3s=,/jP/rgCboHEy3+YwwkoFeLX1pPE=
62,-123,KRfWtYJsZgLm+oV7fIHO/SaOY3s=,/jP/rgCboHEy3+YwwkoFeLX1pPE=
61,-127,KRfWtYJsZgLm+oV7fIHO/SaOY3s=,/jP/rgCboHEy3+YwwkoFeLX1pPE=
57,-122,KRfWtYJsZgLm+oV7fIHO/SaOY3s=,/jP/rgCboHEy3+YwwkoFeLX1pPE=
62,-122,KRfWtYJsZgLm+oV7fIHO/SaOY3s=,/jP/rgCboHEy3+YwwkoFeLX1pPE=
58,-123,KRfWtYJsZgLm+oV7fIHO/SaOY3s=,/jP/rgCboHEy3+YwwkoFeLX1pPE=
57,-125,KRfWtYJsZgLm+oV7fIHO/SaOY3s=,/jP/rgCboHEy3+YwwkoFeLX1pPE=
57,-126,KRfWtYJsZgLm+oV7fIHO/SaOY3s=,/jP/rgCboHEy3+YwwkoFeLX1pPE=
61,-125,KRfWtYJsZgLm+oV7fIHO/SaOY3s=,/jP/rgCboHEy3+YwwkoFeLX1pPE=
57,-123,KRfWtYJsZgLm+oV7fIHO/SaOY3s=,/jP/rgCboHEy3+YwwkoFeLX1pPE=
62,-126,KRfWtYJsZgLm+oV7fIHO/SaOY3s=,/jP/rgCboHEy3+YwwkoFeLX1pPE=
58,-127,KRfWtYJsZgLm+oV7fIHO/SaOY3s=,/jP/rgCboHEy3+YwwkoFeLX1pPE=
62,-124,KRfWtYJsZgLm+oV7fIHO/SaOY3s=,/jP/rgCboHEy3+YwwkoFeLX1pPE=
60,-127,KRfWtYJsZgLm+oV7fIHO/SaOY3s=,/jP/rgCboHEy3+YwwkoFeLX1pPE=
58,-119,KRfWtYJsZgLm+oV7fIHO/SaOY3s=,on6QLvLbkgYzw2XTcvuzy4zSIEE=
59,-120,KRfWtYJsZgLm+oV7fIHO/SaOY3s=,on6QLvLbkgYzw2XTcvuzy4zSIEE=
57,-119,KRfWtYJsZgLm+oV7fIHO/SaOY3s=,on6QLvLbkgYzw2XTcvuzy4zSIEE=
57,-118,KRfWtYJsZgLm+oV7fIHO/SaOY3s=,on6QLvLbkgYzw2XTcvuzy4zSIEE=
60,-125,KRfWtYJsZgLm+oV7fIHO/SaOY3s=,/jP/rgCboHEy3+YwwkoFeLX1pPE=
58,-121,KRfWtYJsZgLm+oV7fIHO/SaOY3s=,/jP/rgCboHEy3+YwwkoFeLX1pPE=
62,-114,KRfWtYJsZgLm+oV7fIHO/SaOY3s=,on6QLvLbkgYzw2XTcvuzy4zSIEE=
60,-126,KRfWtYJsZgLm+oV7fIHO/SaOY3s=,/jP/rgCboHEy3+YwwkoFeLX1pPE=
57,-121,KRfWtYJsZgLm+oV7fIHO/SaOY3s=,/jP/rgCboHEy3+YwwkoFeLX1pPE=
62,-115,KRfWtYJsZgLm+oV7fIHO/SaOY3s=,on6QLvLbkgYzw2XTcvuzy4zSIEE=
59,-127,KRfWtYJsZgLm+oV7fIHO/SaOY3s=,/jP/rgCboHEy3+YwwkoFeLX1pPE=
59,-121,KRfWtYJsZgLm+oV7fIHO/SaOY3s=,/jP/rgCboHEy3+YwwkoFeLX1pPE=
60,-115,KRfWtYJsZgLm+oV7fIHO/SaOY3s=,on6QLvLbkgYzw2XTcvuzy4zSIEE=
61,-118,KRfWtYJsZgLm+oV7fIHO/SaOY3s=,on6QLvLbkgYzw2XTcvuzy4zSIEE=
60,-120,KRfWtYJsZgLm+oV7fIHO/SaOY3s=,on6QLvLbkgYzw2XTcvuzy4zSIEE=
58,-118,KRfWtYJsZgLm+oV7fIHO/SaOY3s=,on6QLvLbkgYzw2XTcvuzy4zSIEE=
60,-118,KRfWtYJsZgLm+oV7fIHO/SaOY3s=,on6QLvLbkgYzw2XTcvuzy4zSIEE=
62,-120,KRfWtYJsZgLm+oV7fIHO/SaOY3s=,on6QLvLbkgYzw2XTcvuzy4zSIEE=
61,-114,KRfWtYJsZgLm+oV7fIHO/SaOY3s=,on6QLvLbkgYzw2XTcvuzy4zSIEE=
61,-115,KRfWtYJsZgLm+oV7fIHO/SaOY3s=,on6QLvLbkgYzw2XTcvuzy4zSIEE=
60,-114,KRfWtYJsZgLm+oV7fIHO/SaOY3s=,on6QLvLbkgYzw2XTcvuzy4zSIEE=
62,-119,KRfWtYJsZgLm+oV7fIHO/SaOY3s=,on6QLvLbkgYzw2XTcvuzy4zSIEE=
59,-118,KRfWtYJsZgLm+oV7fIHO/SaOY3s=,on6QLvLbkgYzw2XTcvuzy4zSIEE=
58,-114,KRfWtYJsZgLm+oV7fIHO/SaOY3s=,on6QLvLbkgYzw2XTcvuzy4zSIEE=
57,-115,KRfWtYJsZgLm+oV7fIHO/SaOY3s=,on6QLvLbkgYzw2XTcvuzy4zSIEE=
62,-116,KRfWtYJsZgLm+oV7fIHO/SaOY3s=,on6QLvLbkgYzw2XTcvuzy4zSIEE=
62,-118,KRfWtYJsZgLm+oV7fIHO/SaOY3s=,on6QLvLbkgYzw2XTcvuzy4zSIEE=
58,-126,KRfWtYJsZgLm+oV7fIHO/SaOY3s=,/jP/rgCboHEy3+YwwkoFeLX1pPE=
59,-114,KRfWtYJsZgLm+oV7fIHO/SaOY3s=,on6QLvLbkgYzw2XTcvuzy4zSIEE=
60,-121,KRfWtYJsZgLm+oV7fIHO/SaOY3s=,/jP/rgCboHEy3+YwwkoFeLX1pPE=
61,-121,KRfWtYJsZgLm+oV7fIHO/SaOY3s=,/jP/rgCboHEy3+YwwkoFeLX1pPE=
61,-119,KRfWtYJsZgLm+oV7fIHO/SaOY3s=,on6QLvLbkgYzw2XTcvuzy4zSIEE=
57,-116,KRfWtYJsZgLm+oV7fIHO/SaOY3s=,on6QLvLbkgYzw2XTcvuzy4zSIEE=
58,-116,KRfWtYJsZgLm+oV7fIHO/SaOY3s=,on6QLvLbkgYzw2XTcvuzy4zSIEE=
60,-119,KRfWtYJsZgLm+oV7fIHO/SaOY3s=,on6QLvLbkgYzw2XTcvuzy4zSIEE=
59,-115,KRfWtYJsZgLm+oV7fIHO/SaOY3s=,on6QLvLbkgYzw2XTcvuzy4zSIEE=
60,-117,KRfWtYJsZgLm+oV7fIHO/SaOY3s=,on6QLvLbkgYzw2XTcvuzy4zSIEE=
61,-117,KRfWtYJsZgLm+oV7fIHO/SaOY3s=,on6QLvLbkgYzw2XTcvuzy4zSIEE=
60,-116,KRfWtYJsZgLm+oV7fIHO/SaOY3s=,on6QLvLbkgYzw2XTcvuzy4zSIEE=
59,-117,KRfWtYJsZgLm+oV7fIHO/SaOY3s=,on6QLvLbkgYzw2XTcvuzy4zSIEE=
57,-120,KRfWtYJsZgLm+oV7fIHO/SaOY3s=,on6QLvLbkgYzw2XTcvuzy4zSIEE=
61,-116,KRfWtYJsZgLm+oV7fIHO/SaOY3s=,on6QLvLbkgYzw2XTcvuzy4zSIEE=
61,-120,KRfWtYJsZgLm+oV7fIHO/SaOY3s=,on6QLvLbkgYzw2XTcvuzy4zSIEE=
62,-121,KRfWtYJsZgLm+oV7fIHO/SaOY3s=,/jP/rgCboHEy3+YwwkoFeLX1pPE=
58,-120,KRfWtYJsZgLm+oV7fIHO/SaOY3s=,on6QLvLbkgYzw2XTcvuzy4zSIEE=
62,-117,KRfWtYJsZgLm+oV7fIHO/SaOY3s=,on6QLvLbkgYzw2XTcvuzy4zSIEE=
58,-117,KRfWtYJsZgLm+oV7fIHO/SaOY3s=,on6QLvLbkgYzw2XTcvuzy4zSIEE=
57,-117,KRfWtYJsZgLm+oV7fIHO/SaOY3s=,on6QLvLbkgYzw2XTcvuzy4zSIEE=
59,-116,KRfWtYJsZgLm+oV7fIHO/SaOY3s=,on6QLvLbkgYzw2XTcvuzy4zSIEE=
59,-119,KRfWtYJsZgLm+oV7fIHO/SaOY3s=,on6QLvLbkgYzw2XTcvuzy4zSIEE=
58,-115,KRfWtYJsZgLm+oV7fIHO/SaOY3s=,on6QLvLbkgYzw2XTcvuzy4zSIEE=
56,-122,KRfWtYJsZgLm+oV7fIHO/SaOY3s=,/jP/rgCboHEy3+YwwkoFeLX1pPE=
50,-124,KRfWtYJsZgLm+oV7fIHO/SaOY3s=,luLwhBb6CdTUElFzfeyIMBmR7UY=
52,-124,KRfWtYJsZgLm+oV7fIHO/SaOY3s=,luLwhBb6CdTUElFzfeyIMBmR7UY=
55,-124,KRfWtYJsZgLm+oV7fIHO/SaOY3s=,luLwhBb6CdTUElFzfeyIMBmR7UY=
49,-124,KRfWtYJsZgLm+oV7fIHO/SaOY3s=,luLwhBb6CdTUElFzfeyIMBmR7UY=
52,-125,KRfWtYJsZgLm+oV7fIHO/SaOY3s=,luLwhBb6CdTUElFzfeyIMBmR7UY=
55,-126,KRfWtYJsZgLm+oV7fIHO/SaOY3s=,luLwhBb6CdTUElFzfeyIMBmR7UY=
50,-125,KRfWtYJsZgLm+oV7fIHO/SaOY3s=,luLwhBb6CdTUElFzfeyIMBmR7UY=
54,-126,KRfWtYJsZgLm+oV7fIHO/SaOY3s=,luLwhBb6CdTUElFzfeyIMBmR7UY=
51,-123,KRfWtYJsZgLm+oV7fIHO/SaOY3s=,luLwhBb6CdTUElFzfeyIMBmR7UY=
51,-117,KRfWtYJsZgLm+oV7fIHO/SaOY3s=,Sb0U7rISukSSIoXb+D2aO3+1m3I=
56,-121,KRfWtYJsZgLm+oV7fIHO/SaOY3s=,/jP/rgCboHEy3+YwwkoFeLX1pPE=
53,-118,KRfWtYJsZgLm+oV7fIHO/SaOY3s=,Sb0U7rISukSSIoXb+D2aO3+1m3I=
55,-118,KRfWtYJsZgLm+oV7fIHO/SaOY3s=,Sb0U7rISukSSIoXb+D2aO3+1m3I=
49,-125,KRfWtYJsZgLm+oV7fIHO/SaOY3s=,luLwhBb6CdTUElFzfeyIMBmR7UY=
52,-118,KRfWtYJsZgLm+oV7fIHO/SaOY3s=,Sb0U7rISukSSIoXb+D2aO3+1m3I=
50,-118,KRfWtYJsZgLm+oV7fIHO/SaOY3s=,Sb0U7rISukSSIoXb+D2aO3+1m3I=
51,-124,KRfWtYJsZgLm+oV7fIHO/SaOY3s=,luLwhBb6CdTUElFzfeyIMBmR7UY=
54,-119,KRfWtYJsZgLm+oV7fIHO/SaOY3s=,Sb0U7rISukSSIoXb+D2aO3+1m3I=
49,-118,KRfWtYJsZgLm+oV7fIHO/SaOY3s=,Sb0U7rISukSSIoXb+D2aO3+1m3I=
56,-124,KRfWtYJsZgLm+oV7fIHO/SaOY3s=,/jP/rgCboHEy3+YwwkoFeLX1pPE=
55,-119,KRfWtYJsZgLm+oV7fIHO/SaOY3s=,Sb0U7rISukSSIoXb+D2aO3+1m3I=
52,-119,KRfWtYJsZgLm+oV7fIHO/SaOY3s=,Sb0U7rISukSSIoXb+D2aO3+1m3I=
53,-119,KRfWtYJsZgLm+oV7fIHO/SaOY3s=,Sb0U7rISukSSIoXb+D2aO3+1m3I=
51,-126,KRfWtYJsZgLm+oV7fIHO/SaOY3s=,luLwhBb6CdTUElFzfeyIMBmR7UY=
53,-126,KRfWtYJsZgLm+oV7fIHO/SaOY3s=,luLwhBb6CdTUElFzfeyIMBmR7UY=
56,-119,KRfWtYJsZgLm+oV7fIHO/SaOY3s=,on6QLvLbkgYzw2XTcvuzy4zSIEE=
54,-118,KRfWtYJsZgLm+oV7fIHO/SaOY3s=,Sb0U7rISukSSIoXb+D2aO3+1m3I=
56,-117,KRfWtYJsZgLm+oV7fIHO/SaOY3s=,on6QLvLbkgYzw2XTcvuzy4zSIEE=
55,-127,KRfWtYJsZgLm+oV7fIHO/SaOY3s=,luLwhBb6CdTUElFzfeyIMBmR7UY=
54,-114,KRfWtYJsZgLm+oV7fIHO/SaOY3s=,Sb0U7rISukSSIoXb+D2aO3+1m3I=
54,-127,KRfWtYJsZgLm+oV7fIHO/SaOY3s=,luLwhBb6CdTUElFzfeyIMBmR7UY=
50,-126,KRfWtYJsZgLm+oV7fIHO/SaOY3s=,luLwhBb6CdTUElFzfeyIMBmR7UY=
53,-127,KRfWtYJsZgLm+oV7fIHO/SaOY3s=,luLwhBb6CdTUElFzfeyIMBmR7UY=
56,-125,KRfWtYJsZgLm+oV7fIHO/SaOY3s=,/jP/rgCboHEy3+YwwkoFeLX1pPE=
51,-114,KRfWtYJsZgLm+oV7fIHO/SaOY3s=,Sb0U7rISukSSIoXb+D2aO3+1m3I=
49,-114,KRfWtYJsZgLm+oV7fIHO/SaOY3s=,Sb0U7rISukSSIoXb+D2aO3+1m3I=
52,-123,KRfWtYJsZgLm+oV7fIHO/SaOY3s=,luLwhBb6CdTUElFzfeyIMBmR7UY=
56,-118,KRfWtYJsZgLm+oV7fIHO/SaOY3s=,on6QLvLbkgYzw2XTcvuzy4zSIEE=
55,-114,KRfWtYJsZgLm+oV7fIHO/SaOY3s=,Sb0U7rISukSSIoXb+D2aO3+1m3I=
54,-120,KRfWtYJsZgLm+oV7fIHO/SaOY3s=,Sb0U7rISukSSIoXb+D2aO3+1m3I=
55,-120,KRfWtYJsZgLm+oV7fIHO/SaOY3s=,Sb0U7rISukSSIoXb+D2aO3+1m3I=
55,-115,KRfWtYJsZgLm+oV7fIHO/SaOY3s=,Sb0U7rISukSSIoXb+D2aO3+1m3I=
54,-115,KRfWtYJsZgLm+oV7fIHO/SaOY3s=,Sb0U7rISukSSIoXb+D2aO3+1m3I=
49,-127,KRfWtYJsZgLm+oV7fIHO/SaOY3s=,luLwhBb6CdTUElFzfeyIMBmR7UY=
52,-126,KRfWtYJsZgLm+oV7fIHO/SaOY3s=,luLwhBb6CdTUElFzfeyIMBmR7UY=
50,-117,KRfWtYJsZgLm+oV7fIHO/SaOY3s=,Sb0U7rISukSSIoXb+D2aO3+1m3I=
52,-115,KRfWtYJsZgLm+oV7fIHO/SaOY3s=,Sb0U7rISukSSIoXb+D2aO3+1m3I=
51,-118,KRfWtYJsZgLm+oV7fIHO/SaOY3s=,Sb0U7rISukSSIoXb+D2aO3+1m3I=
49,-117,KRfWtYJsZgLm+oV7fIHO/SaOY3s=,Sb0U7rISukSSIoXb+D2aO3+1m3I=
53,-115,KRfWtYJsZgLm+oV7fIHO/SaOY3s=,Sb0U7rISukSSIoXb+D2aO3+1m3I=
50,-115,KRfWtYJsZgLm+oV7fIHO/SaOY3s=,Sb0U7rISukSSIoXb+D2aO3+1m3I=
52,-120,KRfWtYJsZgLm+oV7fIHO/SaOY3s=,Sb0U7rISukSSIoXb+D2aO3+1m3I=
49,-115,KRfWtYJsZgLm+oV7fIHO/SaOY3s=,Sb0U7rISukSSIoXb+D2aO3+1m3I=
49,-126,KRfWtYJsZgLm+oV7fIHO/SaOY3s=,luLwhBb6CdTUElFzfeyIMBmR7UY=
55,-116,KRfWtYJsZgLm+oV7fIHO/SaOY3s=,Sb0U7rISukSSIoXb+D2aO3+1m3I=
53,-116,KRfWtYJsZgLm+oV7fIHO/SaOY3s=,Sb0U7rISukSSIoXb+D2aO3+1m3I=
54,-116,KRfWtYJsZgLm+oV7fIHO/SaOY3s=,Sb0U7rISukSSIoXb+D2aO3+1m3I=
53,-120,KRfWtYJsZgLm+oV7fIHO/SaOY3s=,Sb0U7rISukSSIoXb+D2aO3+1m3I=
52,-117,KRfWtYJsZgLm+oV7fIHO/SaOY3s=,Sb0U7rISukSSIoXb+D2aO3+1m3I=
50,-120,KRfWtYJsZgLm+oV7fIHO/SaOY3s=,Sb0U7rISukSSIoXb+D2aO3+1m3I=
51,-119,KRfWtYJsZgLm+oV7fIHO/SaOY3s=,Sb0U7rISukSSIoXb+D2aO3+1m3I=
50,-119,KRfWtYJsZgLm+oV7fIHO/SaOY3s=,Sb0U7rISukSSIoXb+D2aO3+1m3I=
51,-121,KRfWtYJsZgLm+oV7fIHO/SaOY3s=,luLwhBb6CdTUElFzfeyIMBmR7UY=
53,-125,KRfWtYJsZgLm+oV7fIHO/SaOY3s=,luLwhBb6CdTUElFzfeyIMBmR7UY=
49,-119,KRfWtYJsZgLm+oV7fIHO/SaOY3s=,Sb0U7rISukSSIoXb+D2aO3+1m3I=
52,-121,KRfWtYJsZgLm+oV7fIHO/SaOY3s=,luLwhBb6CdTUElFzfeyIMBmR7UY=
53,-117,KRfWtYJsZgLm+oV7fIHO/SaOY3s=,Sb0U7rISukSSIoXb+D2aO3+1m3I=
56,-127,KRfWtYJsZgLm+oV7fIHO/SaOY3s=,/jP/rgCboHEy3+YwwkoFeLX1pPE=
50,-127,KRfWtYJsZgLm+oV7fIHO/SaOY3s=,luLwhBb6CdTUElFzfeyIMBmR7UY=
50,-121,KRfWtYJsZgLm+oV7fIHO/SaOY3s=,luLwhBb6CdTUElFzfeyIMBmR7UY=
55,-122,KRfWtYJsZgLm+oV7fIHO/SaOY3s=,luLwhBb6CdTUElFzfeyIMBmR7UY=
54,-125,KRfWtYJsZgLm+oV7fIHO/SaOY3s=,luLwhBb6CdTUElFzfeyIMBmR7UY=
53,-114,KRfWtYJsZgLm+oV7fIHO/SaOY3s=,Sb0U7rISukSSIoXb+D2aO3+1m3I=
52,-127,KRfWtYJsZgLm+oV7fIHO/SaOY3s=,luLwhBb6CdTUElFzfeyIMBmR7UY=
50,-114,KRfWtYJsZgLm+oV7fIHO/SaOY3s=,Sb0U7rISukSSIoXb+D2aO3+1m3I=
50,-116,KRfWtYJsZgLm+oV7fIHO/SaOY3s=,Sb0U7rISukSSIoXb+D2aO3+1m3I=
56,-116,KRfWtYJsZgLm+oV7fIHO/SaOY3s=,on6QLvLbkgYzw2XTcvuzy4zSIEE=
54,-117,KRfWtYJsZgLm+oV7fIHO/SaOY3s=,Sb0U7rISukSSIoXb+D2aO3+1m3I=
52,-114,KRfWtYJsZgLm+oV7fIHO/SaOY3s=,Sb0U7rISukSSIoXb+D2aO3+1m3I=
51,-122,KRfWtYJsZgLm+oV7fIHO/SaOY3s=,luLwhBb6CdTUElFzfeyIMBmR7UY=
52,-122,KRfWtYJsZgLm+oV7fIHO/SaOY3s=,luLwhBb6CdTUElFzfeyIMBmR7UY=
56,-115,KRfWtYJsZgLm+oV7fIHO/SaOY3s=,on6QLvLbkgYzw2XTcvuzy4zSIEE=
54,-124,KRfWtYJsZgLm+oV7fIHO/SaOY3s=,luLwhBb6CdTUElFzfeyIMBmR7UY=
49,-122,KRfWtYJsZgLm+oV7fIHO/SaOY3s=,luLwhBb6CdTUElFzfeyIMBmR7UY=
55,-123,KRfWtYJsZgLm+oV7fIHO/SaOY3s=,luLwhBb6CdTUElFzfeyIMBmR7UY=
56,-126,KRfWtYJsZgLm+oV7fIHO/SaOY3s=,/jP/rgCboHEy3+YwwkoFeLX1pPE=
49,-120,KRfWtYJsZgLm+oV7fIHO/SaOY3s=,Sb0U7rISukSSIoXb+D2aO3+1m3I=
51,-127,KRfWtYJsZgLm+oV7fIHO/SaOY3s=,luLwhBb6CdTUElFzfeyIMBmR7UY=
53,-123,KRfWtYJsZgLm+oV7fIHO/SaOY3s=,luLwhBb6CdTUElFzfeyIMBmR7UY=
49,-123,KRfWtYJsZgLm+oV7fIHO/SaOY3s=,luLwhBb6CdTUElFzfeyIMBmR7UY=
52,-116,KRfWtYJsZgLm+oV7fIHO/SaOY3s=,Sb0U7rISukSSIoXb+D2aO3+1m3I=
49,-121,KRfWtYJsZgLm+oV7fIHO/SaOY3s=,luLwhBb6CdTUElFzfeyIMBmR7UY=
54,-121,KRfWtYJsZgLm+oV7fIHO/SaOY3s=,luLwhBb6CdTUElFzfeyIMBmR7UY=
53,-121,KRfWtYJsZgLm+oV7fIHO/SaOY3s=,luLwhBb6CdTUElFzfeyIMBmR7UY=
51,-120,KRfWtYJsZgLm+oV7fIHO/SaOY3s=,Sb0U7rISukSSIoXb+D2aO3+1m3I=
51,-125,KRfWtYJsZgLm+oV7fIHO/SaOY3s=,luLwhBb6CdTUElFzfeyIMBmR7UY=
54,-123,KRfWtYJsZgLm+oV7fIHO/SaOY3s=,luLwhBb6CdTUElFzfeyIMBmR7UY=
50,-122,KRfWtYJsZgLm+oV7fIHO/SaOY3s=,luLwhBb6CdTUElFzfeyIMBmR7UY=
51,-115,KRfWtYJsZgLm+oV7fIHO/SaOY3s=,Sb0U7rISukSSIoXb+D2aO3+1m3I=
53,-122,KRfWtYJsZgLm+oV7fIHO/SaOY3s=,luLwhBb6CdTUElFzfeyIMBmR7UY=
50,-123,KRfWtYJsZgLm+oV7fIHO/SaOY3s=,luLwhBb6CdTUElFzfeyIMBmR7UY=
55,-121,KRfWtYJsZgLm+oV7fIHO/SaOY3s=,luLwhBb6CdTUElFzfeyIMBmR7UY=
51,-116,KRfWtYJsZgLm+oV7fIHO/SaOY3s=,Sb0U7rISukSSIoXb+D2aO3+1m3I=
55,-117,KRfWtYJsZgLm+oV7fIHO/SaOY3s=,Sb0U7rISukSSIoXb+D2aO3+1m3I=
49,-116,KRfWtYJsZgLm+oV7fIHO/SaOY3s=,Sb0U7rISukSSIoXb+D2aO3+1m3I=
54,-122,KRfWtYJsZgLm+oV7fIHO/SaOY3s=,luLwhBb6CdTUElFzfeyIMBmR7UY=
56,-114,KRfWtYJsZgLm+oV7fIHO/SaOY3s=,on6QLvLbkgYzw2XTcvuzy4zSIEE=
57,-114,KRfWtYJsZgLm+oV7fIHO/SaOY3s=,on6QLvLbkgYzw2XTcvuzy4zSIEE=
56,-123,KRfWtYJsZgLm+oV7fIHO/SaOY3s=,/jP/rgCboHEy3+YwwkoFeLX1pPE=
53,-124,KRfWtYJsZgLm+oV7fIHO/SaOY3s=,luLwhBb6CdTUElFzfeyIMBmR7UY=
55,-125,KRfWtYJsZgLm+oV7fIHO/SaOY3s=,luLwhBb6CdTUElFzfeyIMBmR7UY=
56,-120,KRfWtYJsZgLm+oV7fIHO/SaOY3s=,on6QLvLbkgYzw2XTcvuzy4zSIEE=
53,-113,KRfWtYJsZgLm+oV7fIHO/SaOY3s=,Sb0U7rISukSSIoXb+D2aO3+1m3I=
49,-113,KRfWtYJsZgLm+oV7fIHO/SaOY3s=,Sb0U7rISukSSIoXb+D2aO3+1m3I=
51,-113,KRfWtYJsZgLm+oV7fIHO/SaOY3s=,Sb0U7rISukSSIoXb+D2aO3+1m3I=
50,-113,KRfWtYJsZgLm+oV7fIHO/SaOY3s=,Sb0U7rISukSSIoXb+D2aO3+1m3I=
52,-113,KRfWtYJsZgLm+oV7fIHO/SaOY3s=,Sb0U7rISukSSIoXb+D2aO3+1m3I=
54,-113,KRfWtYJsZgLm+oV7fIHO/SaOY3s=,Sb0U7rISukSSIoXb+D2aO3+1m3I=
55,-113,KRfWtYJsZgLm+oV7fIHO/SaOY3s=,Sb0U7rISukSSIoXb+D2aO3+1m3I=
58,-113,KRfWtYJsZgLm+oV7fIHO/SaOY3s=,on6QLvLbkgYzw2XTcvuzy4zSIEE=
57,-113,KRfWtYJsZgLm+oV7fIHO/SaOY3s=,on6QLvLbkgYzw2XTcvuzy4zSIEE=
56,-113,KRfWtYJsZgLm+oV7fIHO/SaOY3s=,on6QLvLbkgYzw2XTcvuzy4zSIEE=
48,-118,KRfWtYJsZgLm+oV7fIHO/SaOY3s=,Sb0U7rISukSSIoXb+D2aO3+1m3I=
48,-116,KRfWtYJsZgLm+oV7fIHO/SaOY3s=,Sb0U7rISukSSIoXb+D2aO3+1m3I=
48,-114,KRfWtYJsZgLm+oV7fIHO/SaOY3s=,Sb0U7rISukSSIoXb+D2aO3+1m3I=
48,-115,KRfWtYJsZgLm+oV7fIHO/SaOY3s=,Sb0U7rISukSSIoXb+D2aO3+1m3I=
61,-113,KRfWtYJsZgLm+oV7fIHO/SaOY3s=,on6QLvLbkgYzw2XTcvuzy4zSIEE=
62,-113,KRfWtYJsZgLm+oV7fIHO/SaOY3s=,on6QLvLbkgYzw2XTcvuzy4zSIEE=
59,-113,KRfWtYJsZgLm+oV7fIHO/SaOY3s=,on6QLvLbkgYzw2XTcvuzy4zSIEE=
48,-117,KRfWtYJsZgLm+oV7fIHO/SaOY3s=,Sb0U7rISukSSIoXb+D2aO3+1m3I=
48,-119,KRfWtYJsZgLm+oV7fIHO/SaOY3s=,Sb0U7rISukSSIoXb+D2aO3+1m3I=
60,-113,KRfWtYJsZgLm+oV7fIHO/SaOY3s=,on6QLvLbkgYzw2XTcvuzy4zSIEE=
48,-121,KRfWtYJsZgLm+oV7fIHO/SaOY3s=,luLwhBb6CdTUElFzfeyIMBmR7UY=
48,-123,KRfWtYJsZgLm+oV7fIHO/SaOY3s=,luLwhBb6CdTUElFzfeyIMBmR7UY=
48,-124,KRfWtYJsZgLm+oV7fIHO/SaOY3s=,luLwhBb6CdTUElFzfeyIMBmR7UY=
48,-120,KRfWtYJsZgLm+oV7fIHO/SaOY3s=,Sb0U7rISukSSIoXb+D2aO3+1m3I=
48,-126,KRfWtYJsZgLm+oV7fIHO/SaOY3s=,luLwhBb6CdTUElFzfeyIMBmR7UY=
48,-127,KRfWtYJsZgLm+oV7fIHO/SaOY3s=,luLwhBb6CdTUElFzfeyIMBmR7UY=
48,-125,KRfWtYJsZgLm+oV7fIHO/SaOY3s=,luLwhBb6CdTUElFzfeyIMBmR7UY=
48,-122,KRfWtYJsZgLm+oV7fIHO/SaOY3s=,luLwhBb6CdTUElFzfeyIMBmR7UY=
63,-117,KRfWtYJsZgLm+oV7fIHO/SaOY3s=,on6QLvLbkgYzw2XTcvuzy4zSIEE=
63,-115,KRfWtYJsZgLm+oV7fIHO/SaOY3s=,on6QLvLbkgYzw2XTcvuzy4zSIEE=
63,-118,KRfWtYJsZgLm+oV7fIHO/SaOY3s=,on6QLvLbkgYzw2XTcvuzy4zSIEE=
63,-114,KRfWtYJsZgLm+oV7fIHO/SaOY3s=,on6QLvLbkgYzw2XTcvuzy4zSIEE=
63,-119,KRfWtYJsZgLm+oV7fIHO/SaOY3s=,on6QLvLbkgYzw2XTcvuzy4zSIEE=
63,-116,KRfWtYJsZgLm+oV7fIHO/SaOY3s=,on6QLvLbkgYzw2XTcvuzy4zSIEE=
63,-124,KRfWtYJsZgLm+oV7fIHO/SaOY3s=,/jP/rgCboHEy3+YwwkoFeLX1pPE=
63,-123,KRfWtYJsZgLm+oV7fIHO/SaOY3s=,/jP/rgCboHEy3+YwwkoFeLX1pPE=
63,-122,KRfWtYJsZgLm+oV7fIHO/SaOY3s=,/jP/rgCboHEy3+YwwkoFeLX1pPE=
63,-121,KRfWtYJsZgLm+oV7fIHO/SaOY3s=,/jP/rgCboHEy3+YwwkoFeLX1pPE=
63,-120,KRfWtYJsZgLm+oV7fIHO/SaOY3s=,on6QLvLbkgYzw2XTcvuzy4zSIEE=
63,-126,KRfWtYJsZgLm+oV7fIHO/SaOY3s=,/jP/rgCboHEy3+YwwkoFeLX1pPE=
57,-128,KRfWtYJsZgLm+oV7fIHO/SaOY3s=,/jP/rgCboHEy3+YwwkoFeLX1pPE=
62,-128,KRfWtYJsZgLm+oV7fIHO/SaOY3s=,/jP/rgCboHEy3+YwwkoFeLX1pPE=
59,-128,KRfWtYJsZgLm+oV7fIHO/SaOY3s=,/jP/rgCboHEy3+YwwkoFeLX1pPE=
60,-128,KRfWtYJsZgLm+oV7fIHO/SaOY3s=,/jP/rgCboHEy3+YwwkoFeLX1pPE=
61,-128,KRfWtYJsZgLm+oV7fIHO/SaOY3s=,/jP/rgCboHEy3+YwwkoFeLX1pPE=
63,-125,KRfWtYJsZgLm+oV7fIHO/SaOY3s=,/jP/rgCboHEy3+YwwkoFeLX1pPE=
58,-128,KRfWtYJsZgLm+oV7fIHO/SaOY3s=,/jP/rgCboHEy3+YwwkoFeLX1pPE=
51,-128,KRfWtYJsZgLm+oV7fIHO/SaOY3s=,luLwhBb6CdTUElFzfeyIMBmR7UY=
63,-127,KRfWtYJsZgLm+oV7fIHO/SaOY3s=,/jP/rgCboHEy3+YwwkoFeLX1pPE=
56,-128,KRfWtYJsZgLm+oV7fIHO/SaOY3s=,/jP/rgCboHEy3+YwwkoFeLX1pPE=
52,-128,KRfWtYJsZgLm+oV7fIHO/SaOY3s=,luLwhBb6CdTUElFzfeyIMBmR7UY=
55,-128,KRfWtYJsZgLm+oV7fIHO/SaOY3s=,luLwhBb6CdTUElFzfeyIMBmR7UY=
53,-128,KRfWtYJsZgLm+oV7fIHO/SaOY3s=,luLwhBb6CdTUElFzfeyIMBmR7UY=
50,-128,KRfWtYJsZgLm+oV7fIHO/SaOY3s=,luLwhBb6CdTUElFzfeyIMBmR7UY=
49,-128,KRfWtYJsZgLm+oV7fIHO/SaOY3s=,luLwhBb6CdTUElFzfeyIMBmR7UY=
54,-128,KRfWtYJsZgLm+oV7fIHO/SaOY3s=,luLwhBb6CdTUElFzfeyIMBmR7UY=
48,-128,KRfWtYJsZgLm+oV7fIHO/SaOY3s=,luLwhBb6CdTUElFzfeyIMBmR7UY=
63,-128,KRfWtYJsZgLm+oV7fIHO/SaOY3s=,/jP/rgCboHEy3+YwwkoFeLX1pPE=
48,-113,KRfWtYJsZgLm+oV7fIHO/SaOY3s=,Sb0U7rISukSSIoXb+D2aO3+1m3I=
63,-113,KRfWtYJsZgLm+oV7fIHO/SaOY3s=,on6QLvLbkgYzw2XTcvuzy4zSIEE=
34,-117,x1PPxj4YdBlr3Mq5NONETFNcVJU=,nN/NoYvJo4IDVpNl9X4QJzOu6N4=
35,-117,x1PPxj4YdBlr3Mq5NONETFNcVJU=,nN/NoYvJo4IDVpNl9X4QJzOu6N4=
36,-117,x1PPxj4YdBlr3Mq5NONETFNcVJU=,nN/NoYvJo4IDVpNl9X4QJzOu6N4=
37,-117,x1PPxj4YdBlr3Mq5NONETFNcVJU=,nN/NoYvJo4IDVpNl9X4QJzOu6N4=
38,-117,x1PPxj4YdBlr3Mq5NONETFNcVJU=,nN/NoYvJo4IDVpNl9X4QJzOu6N4=
38,-118,x1PPxj4YdBlr3Mq5NONETFNcVJU=,nN/NoYvJo4IDVpNl9X4QJzOu6N4=
37,-118,x1PPxj4YdBlr3Mq5NONETFNcVJU=,nN/NoYvJo4IDVpNl9X4QJzOu6N4=
36,-118,x1PPxj4YdBlr3Mq5NONETFNcVJU=,nN/NoYvJo4IDVpNl9X4QJzOu6N4=
35,-118,x1PPxj4YdBlr3Mq5NONETFNcVJU=,nN/NoYvJo4IDVpNl9X4QJzOu6N4=
33,-117,x1PPxj4YdBlr3Mq5NONETFNcVJU=,nN/NoYvJo4IDVpNl9X4QJzOu6N4=
38,-114,x1PPxj4YdBlr3Mq5NONETFNcVJU=,nN/NoYvJo4IDVpNl9X4QJzOu6N4=
33,-118,x1PPxj4YdBlr3Mq5NONETFNcVJU=,nN/NoYvJo4IDVpNl9X4QJzOu6N4=
37,-119,x1PPxj4YdBlr3Mq5NONETFNcVJU=,nN/NoYvJo4IDVpNl9X4QJzOu6N4=
35,-119,x1PPxj4YdBlr3Mq5NONETFNcVJU=,nN/NoYvJo4IDVpNl9X4QJzOu6N4=
34,-119,x1PPxj4YdBlr3Mq5NONETFNcVJU=,nN/NoYvJo4IDVpNl9X4QJzOu6N4=
37,-114,x1PPxj4YdBlr3Mq5NONETFNcVJU=,nN/NoYvJo4IDVpNl9X4QJzOu6N4=
36,-119,x1PPxj4YdBlr3Mq5NONETFNcVJU=,nN/NoYvJo4IDVpNl9X4QJzOu6N4=
33,-119,x1PPxj4YdBlr3Mq5NONETFNcVJU=,nN/NoYvJo4IDVpNl9X4QJzOu6N4=
36,-114,x1PPxj4YdBlr3Mq5NONETFNcVJU=,nN/NoYvJo4IDVpNl9X4QJzOu6N4=
38,-115,x1PPxj4YdBlr3Mq5NONETFNcVJU=,nN/NoYvJo4IDVpNl9X4QJzOu6N4=
38,-119,x1PPxj4YdBlr3Mq5NONETFNcVJU=,nN/NoYvJo4IDVpNl9X4QJzOu6N4=
37,-115,x1PPxj4YdBlr3Mq5NONETFNcVJU=,nN/NoYvJo4IDVpNl9X4QJzOu6N4=
36,-115,x1PPxj4YdBlr3Mq5NONETFNcVJU=,nN/NoYvJo4IDVpNl9X4QJzOu6N4=
34,-115,x1PPxj4YdBlr3Mq5NONETFNcVJU=,nN/NoYvJo4IDVpNl9X4QJzOu6N4=
33,-115,gqc5N1jxgiOu8tJxBE3tQcV+Mv8=,nN/NoYvJo4IDVpNl9X4QJzOu6N4=
37,-116,gqc5N1jxgiOu8tJxBE3tQcV+Mv8=,nN/NoYvJo4IDVpNl9X4QJzOu6N4=
36,-116,gqc5N1jxgiOu8tJxBE3tQcV+Mv8=,nN/NoYvJo4IDVpNl9X4QJzOu6N4=
34,-118,gqc5N1jxgiOu8tJxBE3tQcV+Mv8=,nN/NoYvJo4IDVpNl9X4QJzOu6N4=
35,-115,gqc5N1jxgiOu8tJxBE3tQcV+Mv8=,nN/NoYvJo4IDVpNl9X4QJzOu6N4=
35,-114,gqc5N1jxgiOu8tJxBE3tQcV+Mv8=,nN/NoYvJo4IDVpNl9X4QJzOu6N4=
34,-114,gqc5N1jxgiOu8tJxBE3tQcV+Mv8=,nN/NoYvJo4IDVpNl9X4QJzOu6N4=
38,-116,gqc5N1jxgiOu8tJxBE3tQcV+Mv8=,nN/NoYvJo4IDVpNl9X4QJzOu6N4=
35,-116,gqc5N1jxgiOu8tJxBE3tQcV+Mv8=,nN/NoYvJo4IDVpNl9X4QJzOu6N4=
33,-114,gqc5N1jxgiOu8tJxBE3tQcV+Mv8=,nN/NoYvJo4IDVpNl9X4QJzOu6N4=
33,-116,gqc5N1jxgiOu8tJxBE3tQcV+Mv8=,nN/NoYvJo4IDVpNl9X4QJzOu6N4=
34,-123,gqc5N1jxgiOu8tJxBE3tQcV+Mv8=,R7nrkoGLAaoyFXJMLQrof0YUuq4=
36,-123,gqc5N1jxgiOu8tJxBE3tQcV+Mv8=,R7nrkoGLAaoyFXJMLQrof0YUuq4=
35,-123,gqc5N1jxgiOu8tJxBE3tQcV+Mv8=,R7nrkoGLAaoyFXJMLQrof0YUuq4=
33,-123,gqc5N1jxgiOu8tJxBE3tQcV+Mv8=,R7nrkoGLAaoyFXJMLQrof0YUuq4=
37,-124,gqc5N1jxgiOu8tJxBE3tQcV+Mv8=,R7nrkoGLAaoyFXJMLQrof0YUuq4=
38,-124,gqc5N1jxgiOu8tJxBE3tQcV+Mv8=,R7nrkoGLAaoyFXJMLQrof0YUuq4=
36,-124,gqc5N1jxgiOu8tJxBE3tQcV+Mv8=,R7nrkoGLAaoyFXJMLQrof0YUuq4=
35,-124,gqc5N1jxgiOu8tJxBE3tQcV+Mv8=,R7nrkoGLAaoyFXJMLQrof0YUuq4=
34,-124,gqc5N1jxgiOu8tJxBE3tQcV+Mv8=,R7nrkoGLAaoyFXJMLQrof0YUuq4=
38,-125,gqc5N1jxgiOu8tJxBE3tQcV+Mv8=,R7nrkoGLAaoyFXJMLQrof0YUuq4=
33,-124,gqc5N1jxgiOu8tJxBE3tQcV+Mv8=,R7nrkoGLAaoyFXJMLQrof0YUuq4=
37,-125,gqc5N1jxgiOu8tJxBE3tQcV+Mv8=,R7nrkoGLAaoyFXJMLQrof0YUuq4=
36,-125,gqc5N1jxgiOu8tJxBE3tQcV+Mv8=,R7nrkoGLAaoyFXJMLQrof0YUuq4=
38,-126,gqc5N1jxgiOu8tJxBE3tQcV+Mv8=,R7nrkoGLAaoyFXJMLQrof0YUuq4=
33,-125,gqc5N1jxgiOu8tJxBE3tQcV+Mv8=,R7nrkoGLAaoyFXJMLQrof0YUuq4=
35,-125,gqc5N1jxgiOu8tJxBE3tQcV+Mv8=,R7nrkoGLAaoyFXJMLQrof0YUuq4=
34,-125,gqc5N1jxgiOu8tJxBE3tQcV+Mv8=,R7nrkoGLAaoyFXJMLQrof0YUuq4=
36,-126,gqc5N1jxgiOu8tJxBE3tQcV+Mv8=,R7nrkoGLAaoyFXJMLQrof0YUuq4=
37,-123,gqc5N1jxgiOu8tJxBE3tQcV+Mv8=,R7nrkoGLAaoyFXJMLQrof0YUuq4=
36,-120,gqc5N1jxgiOu8tJxBE3tQcV+Mv8=,nN/NoYvJo4IDVpNl9X4QJzOu6N4=
34,-116,gqc5N1jxgiOu8tJxBE3tQcV+Mv8=,nN/NoYvJo4IDVpNl9X4QJzOu6N4=
38,-123,gqc5N1jxgiOu8tJxBE3tQcV+Mv8=,R7nrkoGLAaoyFXJMLQrof0YUuq4=
35,-126,gqc5N1jxgiOu8tJxBE3tQcV+Mv8=,R7nrkoGLAaoyFXJMLQrof0YUuq4=
38,-120,gqc5N1jxgiOu8tJxBE3tQcV+Mv8=,nN/NoYvJo4IDVpNl9X4QJzOu6N4=
35,-120,gqc5N1jxgiOu8tJxBE3tQcV+Mv8=,nN/NoYvJo4IDVpNl9X4QJzOu6N4=
33,-120,gqc5N1jxgiOu8tJxBE3tQcV+Mv8=,nN/NoYvJo4IDVpNl9X4QJzOu6N4=
37,-120,gqc5N1jxgiOu8tJxBE3tQcV+Mv8=,nN/NoYvJo4IDVpNl9X4QJzOu6N4=
38,-127,gqc5N1jxgiOu8tJxBE3tQcV+Mv8=,R7nrkoGLAaoyFXJMLQrof0YUuq4=
34,-120,gqc5N1jxgiOu8tJxBE3tQcV+Mv8=,nN/NoYvJo4IDVpNl9X4QJzOu6N4=
37,-121,gqc5N1jxgiOu8tJxBE3tQcV+Mv8=,R7nrkoGLAaoyFXJMLQrof0YUuq4=
36,-121,gqc5N1jxgiOu8tJxBE3tQcV+Mv8=,R7nrkoGLAaoyFXJMLQrof0YUuq4=
34,-121,gqc5N1jxgiOu8tJxBE3tQcV+Mv8=,R7nrkoGLAaoyFXJMLQrof0YUuq4=
36,-127,gqc5N1jxgiOu8tJxBE3tQcV+Mv8=,R7nrkoGLAaoyFXJMLQrof0YUuq4=
35,-127,gqc5N1jxgiOu8tJxBE3tQcV+Mv8=,R7nrkoGLAaoyFXJMLQrof0YUuq4=
37,-126,gqc5N1jxgiOu8tJxBE3tQcV+Mv8=,R7nrkoGLAaoyFXJMLQrof0YUuq4=
34,-127,gqc5N1jxgiOu8tJxBE3tQcV+Mv8=,R7nrkoGLAaoyFXJMLQrof0YUuq4=
37,-122,gqc5N1jxgiOu8tJxBE3tQcV+Mv8=,R7nrkoGLAaoyFXJMLQrof0YUuq4=
38,-121,gqc5N1jxgiOu8tJxBE3tQcV+Mv8=,R7nrkoGLAaoyFXJMLQrof0YUuq4=
33,-122,gqc5N1jxgiOu8tJxBE3tQcV+Mv8=,R7nrkoGLAaoyFXJMLQrof0YUuq4=
33,-121,gqc5N1jxgiOu8tJxBE3tQcV+Mv8=,R7nrkoGLAaoyFXJMLQrof0YUuq4=
33,-126,gqc5N1jxgiOu8tJxBE3tQcV+Mv8=,R7nrkoGLAaoyFXJMLQrof0YUuq4=
35,-122,gqc5N1jxgiOu8tJxBE3tQcV+Mv8=,R7nrkoGLAaoyFXJMLQrof0YUuq4=
34,-126,gqc5N1jxgiOu8tJxBE3tQcV+Mv8=,R7nrkoGLAaoyFXJMLQrof0YUuq4=
37,-127,gqc5N1jxgiOu8tJxBE3tQcV+Mv8=,R7nrkoGLAaoyFXJMLQrof0YUuq4=
38,-122,gqc5N1jxgiOu8tJxBE3tQcV+Mv8=,R7nrkoGLAaoyFXJMLQrof0YUuq4=
36,-122,gqc5N1jxgiOu8tJxBE3tQcV+Mv8=,R7nrkoGLAaoyFXJMLQrof0YUuq4=
35,-121,gqc5N1jxgiOu8tJxBE3tQcV+Mv8=,R7nrkoGLAaoyFXJMLQrof0YUuq4=
33,-127,gqc5N1jxgiOu8tJxBE3tQcV+Mv8=,R7nrkoGLAaoyFXJMLQrof0YUuq4=
34,-122,gqc5N1jxgiOu8tJxBE3tQcV+Mv8=,R7nrkoGLAaoyFXJMLQrof0YUuq4=
41,-118,gqc5N1jxgiOu8tJxBE3tQcV+Mv8=,Ce2FMbLe1nbqhzpnQBDM7dl1HVg=
40,-116,gqc5N1jxgiOu8tJxBE3tQcV+Mv8=,Ce2FMbLe1nbqhzpnQBDM7dl1HVg=
45,-114,gqc5N1jxgiOu8tJxBE3tQcV+Mv8=,Ce2FMbLe1nbqhzpnQBDM7dl1HVg=
41,-116,gqc5N1jxgiOu8tJxBE3tQcV+Mv8=,Ce2FMbLe1nbqhzpnQBDM7dl1HVg=
44,-114,gqc5N1jxgiOu8tJxBE3tQcV+Mv8=,Ce2FMbLe1nbqhzpnQBDM7dl1HVg=
43,-114,gqc5N1jxgiOu8tJxBE3tQcV+Mv8=,Ce2FMbLe1nbqhzpnQBDM7dl1HVg=
45,-117,gqc5N1jxgiOu8tJxBE3tQcV+Mv8=,Ce2FMbLe1nbqhzpnQBDM7dl1HVg=
39,-118,gqc5N1jxgiOu8tJxBE3tQcV+Mv8=,nN/NoYvJo4IDVpNl9X4QJzOu6N4=
40,-118,gqc5N1jxgiOu8tJxBE3tQcV+Mv8=,Ce2FMbLe1nbqhzpnQBDM7dl1HVg=
42,-117,gqc5N1jxgiOu8tJxBE3tQcV+Mv8=,Ce2FMbLe1nbqhzpnQBDM7dl1HVg=
42,-119,gqc5N1jxgiOu8tJxBE3tQcV+Mv8=,Ce2FMbLe1nbqhzpnQBDM7dl1HVg=
41,-119,gqc5N1jxgiOu8tJxBE3tQcV+Mv8=,Ce2FMbLe1nbqhzpnQBDM7dl1HVg=
46,-115,gqc5N1jxgiOu8tJxBE3tQcV+Mv8=,Ce2FMbLe1nbqhzpnQBDM7dl1HVg=
39,-119,gqc5N1jxgiOu8tJxBE3tQcV+Mv8=,nN/NoYvJo4IDVpNl9X4QJzOu6N4=
40,-119,gqc5N1jxgiOu8tJxBE3tQcV+Mv8=,Ce2FMbLe1nbqhzpnQBDM7dl1HVg=
45,-115,gqc5N1jxgiOu8tJxBE3tQcV+Mv8=,Ce2FMbLe1nbqhzpnQBDM7dl1HVg=
39,-116,gqc5N1jxgiOu8tJxBE3tQcV+Mv8=,nN/NoYvJo4IDVpNl9X4QJzOu6N4=
39,-115,gqc5N1jxgiOu8tJxBE3tQcV+Mv8=,nN/NoYvJo4IDVpNl9X4QJzOu6N4=
41,-115,gqc5N1jxgiOu8tJxBE3tQcV+Mv8=,Ce2FMbLe1nbqhzpnQBDM7dl1HVg=
42,-115,gqc5N1jxgiOu8tJxBE3tQcV+Mv8=,Ce2FMbLe1nbqhzpnQBDM7dl1HVg=
45,-116,gqc5N1jxgiOu8tJxBE3tQcV+Mv8=,Ce2FMbLe1nbqhzpnQBDM7dl1HVg=
39,-114,gqc5N1jxgiOu8tJxBE3tQcV+Mv8=,nN/NoYvJo4IDVpNl9X4QJzOu6N4=
43,-119,gqc5N1jxgiOu8tJxBE3tQcV+Mv8=,Ce2FMbLe1nbqhzpnQBDM7dl1HVg=
40,-117,gqc5N1jxgiOu8tJxBE3tQcV+Mv8=,Ce2FMbLe1nbqhzpnQBDM7dl1HVg=
45,-119,gqc5N1jxgiOu8tJxBE3tQcV+Mv8=,Ce2FMbLe1nbqhzpnQBDM7dl1HVg=
46,-114,gqc5N1jxgiOu8tJxBE3tQcV+Mv8=,Ce2FMbLe1nbqhzpnQBDM7dl1HVg=
44,-116,gqc5N1jxgiOu8tJxBE3tQcV+Mv8=,Ce2FMbLe1nbqhzpnQBDM7dl1HVg=
40,-114,gqc5N1jxgiOu8tJxBE3tQcV+Mv8=,Ce2FMbLe1nbqhzpnQBDM7dl1HVg=
44,-117,gqc5N1jxgiOu8tJxBE3tQcV+Mv8=,Ce2FMbLe1nbqhzpnQBDM7dl1HVg=
45,-118,gqc5N1jxgiOu8tJxBE3tQcV+Mv8=,Ce2FMbLe1nbqhzpnQBDM7dl1HVg=
41,-117,gqc5N1jxgiOu8tJxBE3tQcV+Mv8=,Ce2FMbLe1nbqhzpnQBDM7dl1HVg=
43,-117,gqc5N1jxgiOu8tJxBE3tQcV+Mv8=,Ce2FMbLe1nbqhzpnQBDM7dl1HVg=
41,-114,gqc5N1jxgiOu8tJxBE3tQcV+Mv8=,Ce2FMbLe1nbqhzpnQBDM7dl1HVg=
42,-116,gqc5N1jxgiOu8tJxBE3tQcV+Mv8=,Ce2FMbLe1nbqhzpnQBDM7dl1HVg=
42,-114,gqc5N1jxgiOu8tJxBE3tQcV+Mv8=,Ce2FMbLe1nbqhzpnQBDM7dl1HVg=
44,-115,gqc5N1jxgiOu8tJxBE3tQcV+Mv8=,Ce2FMbLe1nbqhzpnQBDM7dl1HVg=
43,-118,gqc5N1jxgiOu8tJxBE3tQcV+Mv8=,Ce2FMbLe1nbqhzpnQBDM7dl1HVg=
46,-119,gqc5N1jxgiOu8tJxBE3tQcV+Mv8=,Ce2FMbLe1nbqhzpnQBDM7dl1HVg=
46,-118,gqc5N1jxgiOu8tJxBE3tQcV+Mv8=,Ce2FMbLe1nbqhzpnQBDM7dl1HVg=
46,-117,gqc5N1jxgiOu8tJxBE3tQcV+Mv8=,Ce2FMbLe1nbqhzpnQBDM7dl1HVg=
43,-115,gqc5N1jxgiOu8tJxBE3tQcV+Mv8=,Ce2FMbLe1nbqhzpnQBDM7dl1HVg=
43,-116,gqc5N1jxgiOu8tJxBE3tQcV+Mv8=,Ce2FMbLe1nbqhzpnQBDM7dl1HVg=
39,-117,gqc5N1jxgiOu8tJxBE3tQcV+Mv8=,nN/NoYvJo4IDVpNl9X4QJzOu6N4=
44,-118,gqc5N1jxgiOu8tJxBE3tQcV+Mv8=,Ce2FMbLe1nbqhzpnQBDM7dl1HVg=
44,-119,gqc5N1jxgiOu8tJxBE3tQcV+Mv8=,Ce2FMbLe1nbqhzpnQBDM7dl1HVg=
40,-115,gqc5N1jxgiOu8tJxBE3tQcV+Mv8=,Ce2FMbLe1nbqhzpnQBDM7dl1HVg=
46,-116,gqc5N1jxgiOu8tJxBE3tQcV+Mv8=,Ce2FMbLe1nbqhzpnQBDM7dl1HVg=
42,-118,gqc5N1jxgiOu8tJxBE3tQcV+Mv8=,Ce2FMbLe1nbqhzpnQBDM7dl1HVg=
33,-113,gqc5N1jxgiOu8tJxBE3tQcV+Mv8=,nN/NoYvJo4IDVpNl9X4QJzOu6N4=
34,-113,gqc5N1jxgiOu8tJxBE3tQcV+Mv8=,nN/NoYvJo4IDVpNl9X4QJzOu6N4=
37,-113,gqc5N1jxgiOu8tJxBE3tQcV+Mv8=,nN/NoYvJo4IDVpNl9X4QJzOu6N4=
38,-113,gqc5N1jxgiOu8tJxBE3tQcV+Mv8=,nN/NoYvJo4IDVpNl9X4QJzOu6N4=
36,-113,gqc5N1jxgiOu8tJxBE3tQcV+Mv8=,nN/NoYvJo4IDVpNl9X4QJzOu6N4=
39,-124,gqc5N1jxgiOu8tJxBE3tQcV+Mv8=,R7nrkoGLAaoyFXJMLQrof0YUuq4=
35,-113,gqc5N1jxgiOu8tJxBE3tQcV+Mv8=,nN/NoYvJo4IDVpNl9X4QJzOu6N4=
40,-121,gqc5N1jxgiOu8tJxBE3tQcV+Mv8=,pWkApqAZ95RK8wNNnAGDZfa+Yzo=
43,-121,gqc5N1jxgiOu8tJxBE3tQcV+Mv8=,pWkApqAZ95RK8wNNnAGDZfa+Yzo=
41,-121,gqc5N1jxgiOu8tJxBE3tQcV+Mv8=,pWkApqAZ95RK8wNNnAGDZfa+Yzo=
45,-122,gqc5N1jxgiOu8tJxBE3tQcV+Mv8=,pWkApqAZ95RK8wNNnAGDZfa+Yzo=
39,-125,gqc5N1jxgiOu8tJxBE3tQcV+Mv8=,R7nrkoGLAaoyFXJMLQrof0YUuq4=
41,-122,gqc5N1jxgiOu8tJxBE3tQcV+Mv8=,pWkApqAZ95RK8wNNnAGDZfa+Yzo=
43,-122,gqc5N1jxgiOu8tJxBE3tQcV+Mv8=,pWkApqAZ95RK8wNNnAGDZfa+Yzo=
42,-122,gqc5N1jxgiOu8tJxBE3tQcV+Mv8=,pWkApqAZ95RK8wNNnAGDZfa+Yzo=
46,-124,gqc5N1jxgiOu8tJxBE3tQcV+Mv8=,pWkApqAZ95RK8wNNnAGDZfa+Yzo=
45,-124,gqc5N1jxgiOu8tJxBE3tQcV+Mv8=,pWkApqAZ95RK8wNNnAGDZfa+Yzo=
44,-124,gqc5N1jxgiOu8tJxBE3tQcV+Mv8=,pWkApqAZ95RK8wNNnAGDZfa+Yzo=
45,-123,gqc5N1jxgiOu8tJxBE3tQcV+Mv8=,pWkApqAZ95RK8wNNnAGDZfa+Yzo=
40,-124,gqc5N1jxgiOu8tJxBE3tQcV+Mv8=,pWkApqAZ95RK8wNNnAGDZfa+Yzo=
39,-120,gqc5N1jxgiOu8tJxBE3tQcV+Mv8=,nN/NoYvJo4IDVpNl9X4QJzOu6N4=
41,-124,gqc5N1jxgiOu8tJxBE3tQcV+Mv8=,pWkApqAZ95RK8wNNnAGDZfa+Yzo=
42,-124,gqc5N1jxgiOu8tJxBE3tQcV+Mv8=,pWkApqAZ95RK8wNNnAGDZfa+Yzo=
46,-125,gqc5N1jxgiOu8tJxBE3tQcV+Mv8=,pWkApqAZ95RK8wNNnAGDZfa+Yzo=
39,-122,gqc5N1jxgiOu8tJxBE3tQcV+Mv8=,R7nrkoGLAaoyFXJMLQrof0YUuq4=
44,-125,gqc5N1jxgiOu8tJxBE3tQcV+Mv8=,pWkApqAZ95RK8wNNnAGDZfa+Yzo=
40,-125,gqc5N1jxgiOu8tJxBE3tQcV+Mv8=,pWkApqAZ95RK8wNNnAGDZfa+Yzo=
45,-125,gqc5N1jxgiOu8tJxBE3tQcV+Mv8=,pWkApqAZ95RK8wNNnAGDZfa+Yzo=
43,-125,gqc5N1jxgiOu8tJxBE3tQcV+Mv8=,pWkApqAZ95RK8wNNnAGDZfa+Yzo=
42,-125,gqc5N1jxgiOu8tJxBE3tQcV+Mv8=,pWkApqAZ95RK8wNNnAGDZfa+Yzo=
41,-125,gqc5N1jxgiOu8tJxBE3tQcV+Mv8=,pWkApqAZ95RK8wNNnAGDZfa+Yzo=
45,-126,gqc5N1jxgiOu8tJxBE3tQcV+Mv8=,pWkApqAZ95RK8wNNnAGDZfa+Yzo=
43,-126,gqc5N1jxgiOu8tJxBE3tQcV+Mv8=,pWkApqAZ95RK8wNNnAGDZfa+Yzo=
42,-126,gqc5N1jxgiOu8tJxBE3tQcV+Mv8=,pWkApqAZ95RK8wNNnAGDZfa+Yzo=
44,-126,gqc5N1jxgiOu8tJxBE3tQcV+Mv8=,pWkApqAZ95RK8wNNnAGDZfa+Yzo=
40,-126,gqc5N1jxgiOu8tJxBE3tQcV+Mv8=,pWkApqAZ95RK8wNNnAGDZfa+Yzo=
43,-127,gqc5N1jxgiOu8tJxBE3tQcV+Mv8=,pWkApqAZ95RK8wNNnAGDZfa+Yzo=
45,-127,gqc5N1jxgiOu8tJxBE3tQcV+Mv8=,pWkApqAZ95RK8wNNnAGDZfa+Yzo=
44,-127,gqc5N1jxgiOu8tJxBE3tQcV+Mv8=,pWkApqAZ95RK8wNNnAGDZfa+Yzo=
43,-124,gqc5N1jxgiOu8tJxBE3tQcV+Mv8=,pWkApqAZ95RK8wNNnAGDZfa+Yzo=
41,-120,gqc5N1jxgiOu8tJxBE3tQcV+Mv8=,Ce2FMbLe1nbqhzpnQBDM7dl1HVg=
39,-127,gqc5N1jxgiOu8tJxBE3tQcV+Mv8=,R7nrkoGLAaoyFXJMLQrof0YUuq4=
40,-127,gqc5N1jxgiOu8tJxBE3tQcV+Mv8=,pWkApqAZ95RK8wNNnAGDZfa+Yzo=
46,-126,gqc5N1jxgiOu8tJxBE3tQcV+Mv8=,pWkApqAZ95RK8wNNnAGDZfa+Yzo=
41,-126,gqc5N1jxgiOu8tJxBE3tQcV+Mv8=,pWkApqAZ95RK8wNNnAGDZfa+Yzo=
44,-123,gqc5N1jxgiOu8tJxBE3tQcV+Mv8=,pWkApqAZ95RK8wNNnAGDZfa+Yzo=
39,-123,gqc5N1jxgiOu8tJxBE3tQcV+Mv8=,R7nrkoGLAaoyFXJMLQrof0YUuq4=
43,-120,gqc5N1jxgiOu8tJxBE3tQcV+Mv8=,Ce2FMbLe1nbqhzpnQBDM7dl1HVg=
46,-122,gqc5N1jxgiOu8tJxBE3tQcV+Mv8=,pWkApqAZ95RK8wNNnAGDZfa+Yzo=
39,-121,gqc5N1jxgiOu8tJxBE3tQcV+Mv8=,R7nrkoGLAaoyFXJMLQrof0YUuq4=
46,-127,gqc5N1jxgiOu8tJxBE3tQcV+Mv8=,pWkApqAZ95RK8wNNnAGDZfa+Yzo=
44,-122,gqc5N1jxgiOu8tJxBE3tQcV+Mv8=,pWkApqAZ95RK8wNNnAGDZfa+Yzo=
46,-120,gqc5N1jxgiOu8tJxBE3tQcV+Mv8=,Ce2FMbLe1nbqhzpnQBDM7dl1HVg=
44,-121,gqc5N1jxgiOu8tJxBE3tQcV+Mv8=,pWkApqAZ95RK8wNNnAGDZfa+Yzo=
42,-127,gqc5N1jxgiOu8tJxBE3tQcV+Mv8=,pWkApqAZ95RK8wNNnAGDZfa+Yzo=
40,-123,gqc5N1jxgiOu8tJxBE3tQcV+Mv8=,pWkApqAZ95RK8wNNnAGDZfa+Yzo=
40,-120,gqc5N1jxgiOu8tJxBE3tQcV+Mv8=,Ce2FMbLe1nbqhzpnQBDM7dl1HVg=
45,-120,gqc5N1jxgiOu8tJxBE3tQcV+Mv8=,Ce2FMbLe1nbqhzpnQBDM7dl1HVg=
42,-120,gqc5N1jxgiOu8tJxBE3tQcV+Mv8=,Ce2FMbLe1nbqhzpnQBDM7dl1HVg=
40,-122,gqc5N1jxgiOu8tJxBE3tQcV+Mv8=,pWkApqAZ95RK8wNNnAGDZfa+Yzo=
45,-121,gqc5N1jxgiOu8tJxBE3tQcV+Mv8=,pWkApqAZ95RK8wNNnAGDZfa+Yzo=
42,-121,gqc5N1jxgiOu8tJxBE3tQcV+Mv8=,pWkApqAZ95RK8wNNnAGDZfa+Yzo=
41,-123,gqc5N1jxgiOu8tJxBE3tQcV+Mv8=,pWkApqAZ95RK8wNNnAGDZfa+Yzo=
46,-123,gqc5N1jxgiOu8tJxBE3tQcV+Mv8=,pWkApqAZ95RK8wNNnAGDZfa+Yzo=
39,-126,gqc5N1jxgiOu8tJxBE3tQcV+Mv8=,R7nrkoGLAaoyFXJMLQrof0YUuq4=
42,-123,gqc5N1jxgiOu8tJxBE3tQcV+Mv8=,pWkApqAZ95RK8wNNnAGDZfa+Yzo=
43,-123,gqc5N1jxgiOu8tJxBE3tQcV+Mv8=,pWkApqAZ95RK8wNNnAGDZfa+Yzo=
44,-120,gqc5N1jxgiOu8tJxBE3tQcV+Mv8=,Ce2FMbLe1nbqhzpnQBDM7dl1HVg=
46,-121,gqc5N1jxgiOu8tJxBE3tQcV+Mv8=,pWkApqAZ95RK8wNNnAGDZfa+Yzo=
41,-127,gqc5N1jxgiOu8tJxBE3tQcV+Mv8=,pWkApqAZ95RK8wNNnAGDZfa+Yzo=
47,-123,gqc5N1jxgiOu8tJxBE3tQcV+Mv8=,pWkApqAZ95RK8wNNnAGDZfa+Yzo=
47,-127,gqc5N1jxgiOu8tJxBE3tQcV+Mv8=,pWkApqAZ95RK8wNNnAGDZfa+Yzo=
47,-125,gqc5N1jxgiOu8tJxBE3tQcV+Mv8=,pWkApqAZ95RK8wNNnAGDZfa+Yzo=
47,-126,gqc5N1jxgiOu8tJxBE3tQcV+Mv8=,pWkApqAZ95RK8wNNnAGDZfa+Yzo=
47,-124,gqc5N1jxgiOu8tJxBE3tQcV+Mv8=,pWkApqAZ95RK8wNNnAGDZfa+Yzo=
47,-122,gqc5N1jxgiOu8tJxBE3tQcV+Mv8=,pWkApqAZ95RK8wNNnAGDZfa+Yzo=
47,-118,gqc5N1jxgiOu8tJxBE3tQcV+Mv8=,Ce2FMbLe1nbqhzpnQBDM7dl1HVg=
47,-119,gqc5N1jxgiOu8tJxBE3tQcV+Mv8=,Ce2FMbLe1nbqhzpnQBDM7dl1HVg=
47,-120,gqc5N1jxgiOu8tJxBE3tQcV+Mv8=,Ce2FMbLe1nbqhzpnQBDM7dl1HVg=
47,-117,gqc5N1jxgiOu8tJxBE3tQcV+Mv8=,Ce2FMbLe1nbqhzpnQBDM7dl1HVg=
47,-116,gqc5N1jxgiOu8tJxBE3tQcV+Mv8=,Ce2FMbLe1nbqhzpnQBDM7dl1HVg=
47,-114,gqc5N1jxgiOu8tJxBE3tQcV+Mv8=,Ce2FMbLe1nbqhzpnQBDM7dl1HVg=
47,-121,gqc5N1jxgiOu8tJxBE3tQcV+Mv8=,pWkApqAZ95RK8wNNnAGDZfa+Yzo=
47,-115,gqc5N1jxgiOu8tJxBE3tQcV+Mv8=,Ce2FMbLe1nbqhzpnQBDM7dl1HVg=
42,-113,gqc5N1jxgiOu8tJxBE3tQcV+Mv8=,Ce2FMbLe1nbqhzpnQBDM7dl1HVg=
47,-113,gqc5N1jxgiOu8tJxBE3tQcV+Mv8=,Ce2FMbLe1nbqhzpnQBDM7dl1HVg=
45,-113,gqc5N1jxgiOu8tJxBE3tQcV+Mv8=,Ce2FMbLe1nbqhzpnQBDM7dl1HVg=
43,-113,gqc5N1jxgiOu8tJxBE3tQcV+Mv8=,Ce2FMbLe1nbqhzpnQBDM7dl1HVg=
40,-113,gqc5N1jxgiOu8tJxBE3tQcV+Mv8=,Ce2FMbLe1nbqhzpnQBDM7dl1HVg=
46,-113,gqc5N1jxgiOu8tJxBE3tQcV+Mv8=,Ce2FMbLe1nbqhzpnQBDM7dl1HVg=
41,-113,gqc5N1jxgiOu8tJxBE3tQcV+Mv8=,Ce2FMbLe1nbqhzpnQBDM7dl1HVg=
39,-113,gqc5N1jxgiOu8tJxBE3tQcV+Mv8=,nN/NoYvJo4IDVpNl9X4QJzOu6N4=
44,-113,gqc5N1jxgiOu8tJxBE3tQcV+Mv8=,Ce2FMbLe1nbqhzpnQBDM7dl1HVg=
32,-116,gqc5N1jxgiOu8tJxBE3tQcV+Mv8=,nN/NoYvJo4IDVpNl9X4QJzOu6N4=
32,-118,gqc5N1jxgiOu8tJxBE3tQcV+Mv8=,nN/NoYvJo4IDVpNl9X4QJzOu6N4=
32,-113,gqc5N1jxgiOu8tJxBE3tQcV+Mv8=,nN/NoYvJo4IDVpNl9X4QJzOu6N4=
32,-122,gqc5N1jxgiOu8tJxBE3tQcV+Mv8=,R7nrkoGLAaoyFXJMLQrof0YUuq4=
32,-119,gqc5N1jxgiOu8tJxBE3tQcV+Mv8=,nN/NoYvJo4IDVpNl9X4QJzOu6N4=
32,-115,gqc5N1jxgiOu8tJxBE3tQcV+Mv8=,nN/NoYvJo4IDVpNl9X4QJzOu6N4=
33,-128,gqc5N1jxgiOu8tJxBE3tQcV+Mv8=,R7nrkoGLAaoyFXJMLQrof0YUuq4=
34,-128,gqc5N1jxgiOu8tJxBE3tQcV+Mv8=,R7nrkoGLAaoyFXJMLQrof0YUuq4=
38,-128,gqc5N1jxgiOu8tJxBE3tQcV+Mv8=,R7nrkoGLAaoyFXJMLQrof0YUuq4=
32,-114,gqc5N1jxgiOu8tJxBE3tQcV+Mv8=,nN/NoYvJo4IDVpNl9X4QJzOu6N4=
36,-128,gqc5N1jxgiOu8tJxBE3tQcV+Mv8=,R7nrkoGLAaoyFXJMLQrof0YUuq4=
32,-126,gqc5N1jxgiOu8tJxBE3tQcV+Mv8=,R7nrkoGLAaoyFXJMLQrof0YUuq4=
35,-128,gqc5N1jxgiOu8tJxBE3tQcV+Mv8=,R7nrkoGLAaoyFXJMLQrof0YUuq4=
32,-124,gqc5N1jxgiOu8tJxBE3tQcV+Mv8=,R7nrkoGLAaoyFXJMLQrof0YUuq4=
32,-125,gqc5N1jxgiOu8tJxBE3tQcV+Mv8=,R7nrkoGLAaoyFXJMLQrof0YUuq4=
32,-123,gqc5N1jxgiOu8tJxBE3tQcV+Mv8=,R7nrkoGLAaoyFXJMLQrof0YUuq4=
32,-117,gqc5N1jxgiOu8tJxBE3tQcV+Mv8=,nN/NoYvJo4IDVpNl9X4QJzOu6N4=
37,-128,gqc5N1jxgiOu8tJxBE3tQcV+Mv8=,R7nrkoGLAaoyFXJMLQrof0YUuq4=
32,-121,gqc5N1jxgiOu8tJxBE3tQcV+Mv8=,R7nrkoGLAaoyFXJMLQrof0YUuq4=
32,-120,gqc5N1jxgiOu8tJxBE3tQcV+Mv8=,nN/NoYvJo4IDVpNl9X4QJzOu6N4=
32,-127,gqc5N1jxgiOu8tJxBE3tQcV+Mv8=,R7nrkoGLAaoyFXJMLQrof0YUuq4=
43,-128,gqc5N1jxgiOu8tJxBE3tQcV+Mv8=,pWkApqAZ95RK8wNNnAGDZfa+Yzo=
44,-128,gqc5N1jxgiOu8tJxBE3tQcV+Mv8=,pWkApqAZ95RK8wNNnAGDZfa+Yzo=
40,-128,gqc5N1jxgiOu8tJxBE3tQcV+Mv8=,pWkApqAZ95RK8wNNnAGDZfa+Yzo=
46,-128,gqc5N1jxgiOu8tJxBE3tQcV+Mv8=,pWkApqAZ95RK8wNNnAGDZfa+Yzo=
45,-128,gqc5N1jxgiOu8tJxBE3tQcV+Mv8=,pWkApqAZ95RK8wNNnAGDZfa+Yzo=
42,-128,gqc5N1jxgiOu8tJxBE3tQcV+Mv8=,pWkApqAZ95RK8wNNnAGDZfa+Yzo=
39,-128,gqc5N1jxgiOu8tJxBE3tQcV+Mv8=,R7nrkoGLAaoyFXJMLQrof0YUuq4=
41,-128,gqc5N1jxgiOu8tJxBE3tQcV+Mv8=,pWkApqAZ95RK8wNNnAGDZfa+Yzo=
47,-128,gqc5N1jxgiOu8tJxBE3tQcV+Mv8=,pWkApqAZ95RK8wNNnAGDZfa+Yzo=
32,-128,gqc5N1jxgiOu8tJxBE3tQcV+Mv8=,R7nrkoGLAaoyFXJMLQrof0YUuq4=
34,-107,B3qOVki37MCvw0rFEJakbnOJxP4=,jYGWmzxb3Bz3uH/oaTZBbZxQ3vo=
35,-107,B3qOVki37MCvw0rFEJakbnOJxP4=,jYGWmzxb3Bz3uH/oaTZBbZxQ3vo=
33,-107,B3qOVki37MCvw0rFEJakbnOJxP4=,jYGWmzxb3Bz3uH/oaTZBbZxQ3vo=
38,-108,B3qOVki37MCvw0rFEJakbnOJxP4=,jYGWmzxb3Bz3uH/oaTZBbZxQ3vo=
34,-108,B3qOVki37MCvw0rFEJakbnOJxP4=,jYGWmzxb3Bz3uH/oaTZBbZxQ3vo=
36,-108,B3qOVki37MCvw0rFEJakbnOJxP4=,jYGWmzxb3Bz3uH/oaTZBbZxQ3vo=
35,-108,B3qOVki37MCvw0rFEJakbnOJxP4=,jYGWmzxb3Bz3uH/oaTZBbZxQ3vo=
37,-109,B3qOVki37MCvw0rFEJakbnOJxP4=,jYGWmzxb3Bz3uH/oaTZBbZxQ3vo=
35,-109,B3qOVki37MCvw0rFEJakbnOJxP4=,jYGWmzxb3Bz3uH/oaTZBbZxQ3vo=
36,-109,B3qOVki37MCvw0rFEJakbnOJxP4=,jYGWmzxb3Bz3uH/oaTZBbZxQ3vo=
34,-109,B3qOVki37MCvw0rFEJakbnOJxP4=,jYGWmzxb3Bz3uH/oaTZBbZxQ3vo=
38,-110,B3qOVki37MCvw0rFEJakbnOJxP4=,jYGWmzxb3Bz3uH/oaTZBbZxQ3vo=
37,-110,B3qOVki37MCvw0rFEJakbnOJxP4=,jYGWmzxb3Bz3uH/oaTZBbZxQ3vo=
35,-110,B3qOVki37MCvw0rFEJakbnOJxP4=,jYGWmzxb3Bz3uH/oaTZBbZxQ3vo=
34,-110,B3qOVki37MCvw0rFEJakbnOJxP4=,jYGWmzxb3Bz3uH/oaTZBbZxQ3vo=
35,-111,B3qOVki37MCvw0rFEJakbnOJxP4=,jYGWmzxb3Bz3uH/oaTZBbZxQ3vo=
36,-111,B3qOVki37MCvw0rFEJakbnOJxP4=,jYGWmzxb3Bz3uH/oaTZBbZxQ3vo=
35,-101,B3qOVki37MCvw0rFEJakbnOJxP4=,Ae7zwU0BWBbUtAMpd21OHQAFn5w=
36,-107,B3qOVki37MCvw0rFEJakbnOJxP4=,jYGWmzxb3Bz3uH/oaTZBbZxQ3vo=
33,-108,B3qOVki37MCvw0rFEJakbnOJxP4=,jYGWmzxb3Bz3uH/oaTZBbZxQ3vo=
33,-109,B3qOVki37MCvw0rFEJakbnOJxP4=,jYGWmzxb3Bz3uH/oaTZBbZxQ3vo=
33,-101,B3qOVki37MCvw0rFEJakbnOJxP4=,Ae7zwU0BWBbUtAMpd21OHQAFn5w=
33,-110,B3qOVki37MCvw0rFEJakbnOJxP4=,jYGWmzxb3Bz3uH/oaTZBbZxQ3vo=
37,-108,B3qOVki37MCvw0rFEJakbnOJxP4=,jYGWmzxb3Bz3uH/oaTZBbZxQ3vo=
37,-102,B3qOVki37MCvw0rFEJakbnOJxP4=,Ae7zwU0BWBbUtAMpd21OHQAFn5w=
37,-107,B3qOVki37MCvw0rFEJakbnOJxP4=,jYGWmzxb3Bz3uH/oaTZBbZxQ3vo=
34,-111,B3qOVki37MCvw0rFEJakbnOJxP4=,jYGWmzxb3Bz3uH/oaTZBbZxQ3vo=
35,-102,B3qOVki37MCvw0rFEJakbnOJxP4=,Ae7zwU0BWBbUtAMpd21OHQAFn5w=
33,-111,B3qOVki37MCvw0rFEJakbnOJxP4=,jYGWmzxb3Bz3uH/oaTZBbZxQ3vo=
38,-111,B3qOVki37MCvw0rFEJakbnOJxP4=,jYGWmzxb3Bz3uH/oaTZBbZxQ3vo=
36,-101,B3qOVki37MCvw0rFEJakbnOJxP4=,Ae7zwU0BWBbUtAMpd21OHQAFn5w=
36,-110,B3qOVki37MCvw0rFEJakbnOJxP4=,jYGWmzxb3Bz3uH/oaTZBbZxQ3vo=
33,-102,B3qOVki37MCvw0rFEJakbnOJxP4=,Ae7zwU0BWBbUtAMpd21OHQAFn5w=
36,-103,B3qOVki37MCvw0rFEJakbnOJxP4=,Ae7zwU0BWBbUtAMpd21OHQAFn5w=
37,-101,B3qOVki37MCvw0rFEJakbnOJxP4=,Ae7zwU0BWBbUtAMpd21OHQAFn5w=
35,-103,B3qOVki37MCvw0rFEJakbnOJxP4=,Ae7zwU0BWBbUtAMpd21OHQAFn5w=
34,-103,B3qOVki37MCvw0rFEJakbnOJxP4=,Ae7zwU0BWBbUtAMpd21OHQAFn5w=
38,-98,B3qOVki37MCvw0rFEJakbnOJxP4=,Ae7zwU0BWBbUtAMpd21OHQAFn5w=
37,-98,B3qOVki37MCvw0rFEJakbnOJxP4=,Ae7zwU0BWBbUtAMpd21OHQAFn5w=
35,-98,B3qOVki37MCvw0rFEJakbnOJxP4=,Ae7zwU0BWBbUtAMpd21OHQAFn5w=
36,-98,B3qOVki37MCvw0rFEJakbnOJxP4=,Ae7zwU0BWBbUtAMpd21OHQAFn5w=
37,-111,B3qOVki37MCvw0rFEJakbnOJxP4=,jYGWmzxb3Bz3uH/oaTZBbZxQ3vo=
38,-109,B3qOVki37MCvw0rFEJakbnOJxP4=,jYGWmzxb3Bz3uH/oaTZBbZxQ3vo=
38,-104,B3qOVki37MCvw0rFEJakbnOJxP4=,Ae7zwU0BWBbUtAMpd21OHQAFn5w=
37,-104,B3qOVki37MCvw0rFEJakbnOJxP4=,Ae7zwU0BWBbUtAMpd21OHQAFn5w=
36,-99,B3qOVki37MCvw0rFEJakbnOJxP4=,Ae7zwU0BWBbUtAMpd21OHQAFn5w=
34,-102,B3qOVki37MCvw0rFEJakbnOJxP4=,Ae7zwU0BWBbUtAMpd21OHQAFn5w=
34,-98,B3qOVki37MCvw0rFEJakbnOJxP4=,Ae7zwU0BWBbUtAMpd21OHQAFn5w=
34,-101,B3qOVki37MCvw0rFEJakbnOJxP4=,Ae7zwU0BWBbUtAMpd21OHQAFn5w=
35,-104,B3qOVki37MCvw0rFEJakbnOJxP4=,Ae7zwU0BWBbUtAMpd21OHQAFn5w=
38,-101,B3qOVki37MCvw0rFEJakbnOJxP4=,Ae7zwU0BWBbUtAMpd21OHQAFn5w=
36,-104,B3qOVki37MCvw0rFEJakbnOJxP4=,Ae7zwU0BWBbUtAMpd21OHQAFn5w=
34,-104,B3qOVki37MCvw0rFEJakbnOJxP4=,Ae7zwU0BWBbUtAMpd21OHQAFn5w=
34,-99,B3qOVki37MCvw0rFEJakbnOJxP4=,Ae7zwU0BWBbUtAMpd21OHQAFn5w=
37,-103,B3qOVki37MCvw0rFEJakbnOJxP4=,Ae7zwU0BWBbUtAMpd21OHQAFn5w=
33,-99,B3qOVki37MCvw0rFEJakbnOJxP4=,Ae7zwU0BWBbUtAMpd21OHQAFn5w=
33,-100,B3qOVki37MCvw0rFEJakbnOJxP4=,Ae7zwU0BWBbUtAMpd21OHQAFn5w=
37,-100,B3qOVki37MCvw0rFEJakbnOJxP4=,Ae7zwU0BWBbUtAMpd21OHQAFn5w=
38,-100,B3qOVki37MCvw0rFEJakbnOJxP4=,Ae7zwU0BWBbUtAMpd21OHQAFn5w=
33,-104,B3qOVki37MCvw0rFEJakbnOJxP4=,Ae7zwU0BWBbUtAMpd21OHQAFn5w=
33,-105,B3qOVki37MCvw0rFEJakbnOJxP4=,jYGWmzxb3Bz3uH/oaTZBbZxQ3vo=
36,-102,B3qOVki37MCvw0rFEJakbnOJxP4=,Ae7zwU0BWBbUtAMpd21OHQAFn5w=
38,-105,B3qOVki37MCvw0rFEJakbnOJxP4=,jYGWmzxb3Bz3uH/oaTZBbZxQ3vo=
36,-100,B3qOVki37MCvw0rFEJakbnOJxP4=,Ae7zwU0BWBbUtAMpd21OHQAFn5w=
33,-98,B3qOVki37MCvw0rFEJakbnOJxP4=,Ae7zwU0BWBbUtAMpd21OHQAFn5w=
38,-102,B3qOVki37MCvw0rFEJakbnOJxP4=,Ae7zwU0BWBbUtAMpd21OHQAFn5w=
37,-105,B3qOVki37MCvw0rFEJakbnOJxP4=,jYGWmzxb3Bz3uH/oaTZBbZxQ3vo=
38,-103,B3qOVki37MCvw0rFEJakbnOJxP4=,Ae7zwU0BWBbUtAMpd21OHQAFn5w=
35,-105,B3qOVki37MCvw0rFEJakbnOJxP4=,jYGWmzxb3Bz3uH/oaTZBbZxQ3vo=
38,-107,B3qOVki37MCvw0rFEJakbnOJxP4=,jYGWmzxb3Bz3uH/oaTZBbZxQ3vo=
38,-106,B3qOVki37MCvw0rFEJakbnOJxP4=,jYGWmzxb3Bz3uH/oaTZBbZxQ3vo=
33,-106,B3qOVki37MCvw0rFEJakbnOJxP4=,jYGWmzxb3Bz3uH/oaTZBbZxQ3vo=
33,-103,B3qOVki37MCvw0rFEJakbnOJxP4=,Ae7zwU0BWBbUtAMpd21OHQAFn5w=
35,-100,B3qOVki37MCvw0rFEJakbnOJxP4=,Ae7zwU0BWBbUtAMpd21OHQAFn5w=
36,-106,B3qOVki37MCvw0rFEJakbnOJxP4=,jYGWmzxb3Bz3uH/oaTZBbZxQ3vo=
35,-106,B3qOVki37MCvw0rFEJakbnOJxP4=,jYGWmzxb3Bz3uH/oaTZBbZxQ3vo=
37,-106,B3qOVki37MCvw0rFEJakbnOJxP4=,jYGWmzxb3Bz3uH/oaTZBbZxQ3vo=
38,-99,B3qOVki37MCvw0rFEJakbnOJxP4=,Ae7zwU0BWBbUtAMpd21OHQAFn5w=
34,-105,B3qOVki37MCvw0rFEJakbnOJxP4=,jYGWmzxb3Bz3uH/oaTZBbZxQ3vo=
37,-99,B3qOVki37MCvw0rFEJakbnOJxP4=,Ae7zwU0BWBbUtAMpd21OHQAFn5w=
34,-100,B3qOVki37MCvw0rFEJakbnOJxP4=,Ae7zwU0BWBbUtAMpd21OHQAFn5w=
35,-99,B3qOVki37MCvw0rFEJakbnOJxP4=,Ae7zwU0BWBbUtAMpd21OHQAFn5w=
36,-105,B3qOVki37MCvw0rFEJakbnOJxP4=,jYGWmzxb3Bz3uH/oaTZBbZxQ3vo=
34,-106,B3qOVki37MCvw0rFEJakbnOJxP4=,jYGWmzxb3Bz3uH/oaTZBbZxQ3vo=
40,-100,B3qOVki37MCvw0rFEJakbnOJxP4=,9nhV7Ahr3RVIhzlfk3qO7Y59C6s=
45,-98,B3qOVki37MCvw0rFEJakbnOJxP4=,9nhV7Ahr3RVIhzlfk3qO7Y59C6s=
46,-101,B3qOVki37MCvw0rFEJakbnOJxP4=,9nhV7Ahr3RVIhzlfk3qO7Y59C6s=
40,-101,B3qOVki37MCvw0rFEJakbnOJxP4=,9nhV7Ahr3RVIhzlfk3qO7Y59C6s=
39,-103,B3qOVki37MCvw0rFEJakbnOJxP4=,Ae7zwU0BWBbUtAMpd21OHQAFn5w=
45,-100,B3qOVki37MCvw0rFEJakbnOJxP4=,9nhV7Ahr3RVIhzlfk3qO7Y59C6s=
44,-98,B3qOVki37MCvw0rFEJakbnOJxP4=,9nhV7Ahr3RVIhzlfk3qO7Y59C6s=
40,-102,B3qOVki37MCvw0rFEJakbnOJxP4=,9nhV7Ahr3RVIhzlfk3qO7Y59C6s=
43,-98,B3qOVki37MCvw0rFEJakbnOJxP4=,9nhV7Ahr3RVIhzlfk3qO7Y59C6s=
44,-100,B3qOVki37MCvw0rFEJakbnOJxP4=,9nhV7Ahr3RVIhzlfk3qO7Y59C6s=
46,-102,B3qOVki37MCvw0rFEJakbnOJxP4=,9nhV7Ahr3RVIhzlfk3qO7Y59C6s=
45,-99,B3qOVki37MCvw0rFEJakbnOJxP4=,9nhV7Ahr3RVIhzlfk3qO7Y59C6s=
39,-99,B3qOVki37MCvw0rFEJakbnOJxP4=,Ae7zwU0BWBbUtAMpd21OHQAFn5w=
46,-99,B3qOVki37MCvw0rFEJakbnOJxP4=,9nhV7Ahr3RVIhzlfk3qO7Y59C6s=
42,-98,B3qOVki37MCvw0rFEJakbnOJxP4=,9nhV7Ahr3RVIhzlfk3qO7Y59C6s=
43,-100,B3qOVki37MCvw0rFEJakbnOJxP4=,9nhV7Ahr3RVIhzlfk3qO7Y59C6s=
43,-102,B3qOVki37MCvw0rFEJakbnOJxP4=,9nhV7Ahr3RVIhzlfk3qO7Y59C6s=
39,-98,B3qOVki37MCvw0rFEJakbnOJxP4=,Ae7zwU0BWBbUtAMpd21OHQAFn5w=
39,-100,B3qOVki37MCvw0rFEJakbnOJxP4=,Ae7zwU0BWBbUtAMpd21OHQAFn5w=
41,-103,B3qOVki37MCvw0rFEJakbnOJxP4=,9nhV7Ahr3RVIhzlfk3qO7Y59C6s=
42,-101,B3qOVki37MCvw0rFEJakbnOJxP4=,9nhV7Ahr3RVIhzlfk3qO7Y59C6s=
41,-101,B3qOVki37MCvw0rFEJakbnOJxP4=,9nhV7Ahr3RVIhzlfk3qO7Y59C6s=
42,-102,B3qOVki37MCvw0rFEJakbnOJxP4=,9nhV7Ahr3RVIhzlfk3qO7Y59C6s=
43,-101,B3qOVki37MCvw0rFEJakbnOJxP4=,9nhV7Ahr3RVIhzlfk3qO7Y59C6s=
41,-100,B3qOVki37MCvw0rFEJakbnOJxP4=,9nhV7Ahr3RVIhzlfk3qO7Y59C6s=
40,-98,B3qOVki37MCvw0rFEJakbnOJxP4=,9nhV7Ahr3RVIhzlfk3qO7Y59C6s=
42,-99,B3qOVki37MCvw0rFEJakbnOJxP4=,9nhV7Ahr3RVIhzlfk3qO7Y59C6s=
41,-99,B3qOVki37MCvw0rFEJakbnOJxP4=,9nhV7Ahr3RVIhzlfk3qO7Y59C6s=
40,-103,B3qOVki37MCvw0rFEJakbnOJxP4=,9nhV7Ahr3RVIhzlfk3qO7Y59C6s=
40,-99,B3qOVki37MCvw0rFEJakbnOJxP4=,9nhV7Ahr3RVIhzlfk3qO7Y59C6s=
44,-99,B3qOVki37MCvw0rFEJakbnOJxP4=,9nhV7Ahr3RVIhzlfk3qO7Y59C6s=
45,-103,B3qOVki37MCvw0rFEJakbnOJxP4=,9nhV7Ahr3RVIhzlfk3qO7Y59C6s=
42,-103,B3qOVki37MCvw0rFEJakbnOJxP4=,9nhV7Ahr3RVIhzlfk3qO7Y59C6s=
46,-100,B3qOVki37MCvw0rFEJakbnOJxP4=,9nhV7Ahr3RVIhzlfk3qO7Y59C6s=
46,-103,B3qOVki37MCvw0rFEJakbnOJxP4=,9nhV7Ahr3RVIhzlfk3qO7Y59C6s=
42,-100,B3qOVki37MCvw0rFEJakbnOJxP4=,9nhV7Ahr3RVIhzlfk3qO7Y59C6s=
41,-98,B3qOVki37MCvw0rFEJakbnOJxP4=,9nhV7Ahr3RVIhzlfk3qO7Y59C6s=
44,-103,B3qOVki37MCvw0rFEJakbnOJxP4=,9nhV7Ahr3RVIhzlfk3qO7Y59C6s=
45,-101,B3qOVki37MCvw0rFEJakbnOJxP4=,9nhV7Ahr3RVIhzlfk3qO7Y59C6s=
45,-102,B3qOVki37MCvw0rFEJakbnOJxP4=,9nhV7Ahr3RVIhzlfk3qO7Y59C6s=
44,-101,B3qOVki37MCvw0rFEJakbnOJxP4=,9nhV7Ahr3RVIhzlfk3qO7Y59C6s=
43,-103,B3qOVki37MCvw0rFEJakbnOJxP4=,9nhV7Ahr3RVIhzlfk3qO7Y59C6s=
39,-102,B3qOVki37MCvw0rFEJakbnOJxP4=,Ae7zwU0BWBbUtAMpd21OHQAFn5w=
44,-102,B3qOVki37MCvw0rFEJakbnOJxP4=,9nhV7Ahr3RVIhzlfk3qO7Y59C6s=
46,-98,B3qOVki37MCvw0rFEJakbnOJxP4=,9nhV7Ahr3RVIhzlfk3qO7Y59C6s=
39,-101,B3qOVki37MCvw0rFEJakbnOJxP4=,Ae7zwU0BWBbUtAMpd21OHQAFn5w=
41,-102,B3qOVki37MCvw0rFEJakbnOJxP4=,9nhV7Ahr3RVIhzlfk3qO7Y59C6s=
46,-106,B3qOVki37MCvw0rFEJakbnOJxP4=,5h49HcNGcR+u/w95c8ASMfLEEmw=
39,-108,B3qOVki37MCvw0rFEJakbnOJxP4=,jYGWmzxb3Bz3uH/oaTZBbZxQ3vo=
43,-105,B3qOVki37MCvw0rFEJakbnOJxP4=,5h49HcNGcR+u/w95c8ASMfLEEmw=
44,-106,B3qOVki37MCvw0rFEJakbnOJxP4=,5h49HcNGcR+u/w95c8ASMfLEEmw=
45,-106,B3qOVki37MCvw0rFEJakbnOJxP4=,5h49HcNGcR+u/w95c8ASMfLEEmw=
44,-105,B3qOVki37MCvw0rFEJakbnOJxP4=,5h49HcNGcR+u/w95c8ASMfLEEmw=
42,-106,B3qOVki37MCvw0rFEJakbnOJxP4=,5h49HcNGcR+u/w95c8ASMfLEEmw=
45,-107,B3qOVki37MCvw0rFEJakbnOJxP4=,5h49HcNGcR+u/w95c8ASMfLEEmw=
41,-105,B3qOVki37MCvw0rFEJakbnOJxP4=,5h49HcNGcR+u/w95c8ASMfLEEmw=
46,-108,B3qOVki37MCvw0rFEJakbnOJxP4=,5h49HcNGcR+u/w95c8ASMfLEEmw=
42,-107,B3qOVki37MCvw0rFEJakbnOJxP4=,5h49HcNGcR+u/w95c8ASMfLEEmw=
43,-99,B3qOVki37MCvw0rFEJakbnOJxP4=,9nhV7Ahr3RVIhzlfk3qO7Y59C6s=
43,-107,B3qOVki37MCvw0rFEJakbnOJxP4=,5h49HcNGcR+u/w95c8ASMfLEEmw=
39,-104,B3qOVki37MCvw0rFEJakbnOJxP4=,Ae7zwU0BWBbUtAMpd21OHQAFn5w=
44,-108,B3qOVki37MCvw0rFEJakbnOJxP4=,5h49HcNGcR+u/w95c8ASMfLEEmw=
46,-109,B3qOVki37MCvw0rFEJakbnOJxP4=,5h49HcNGcR+u/w95c8ASMfLEEmw=
39,-110,B3qOVki37MCvw0rFEJakbnOJxP4=,jYGWmzxb3Bz3uH/oaTZBbZxQ3vo=
46,-107,B3qOVki37MCvw0rFEJakbnOJxP4=,5h49HcNGcR+u/w95c8ASMfLEEmw=
41,-108,B3qOVki37MCvw0rFEJakbnOJxP4=,5h49HcNGcR+u/w95c8ASMfLEEmw=
45,-109,B3qOVki37MCvw0rFEJakbnOJxP4=,5h49HcNGcR+u/w95c8ASMfLEEmw=
41,-106,B3qOVki37MCvw0rFEJakbnOJxP4=,5h49HcNGcR+u/w95c8ASMfLEEmw=
42,-108,B3qOVki37MCvw0rFEJakbnOJxP4=,5h49HcNGcR+u/w95c8ASMfLEEmw=
39,-109,B3qOVki37MCvw0rFEJakbnOJxP4=,jYGWmzxb3Bz3uH/oaTZBbZxQ3vo=
40,-108,B3qOVki37MCvw0rFEJakbnOJxP4=,5h49HcNGcR+u/w95c8ASMfLEEmw=
40,-109,B3qOVki37MCvw0rFEJakbnOJxP4=,5h49HcNGcR+u/w95c8ASMfLEEmw=
46,-110,B3qOVki37MCvw0rFEJakbnOJxP4=,5h49HcNGcR+u/w95c8ASMfLEEmw=
41,-109,B3qOVki37MCvw0rFEJakbnOJxP4=,5h49HcNGcR+u/w95c8ASMfLEEmw=
44,-110,B3qOVki37MCvw0rFEJakbnOJxP4=,5h49HcNGcR+u/w95c8ASMfLEEmw=
44,-109,B3qOVki37MCvw0rFEJakbnOJxP4=,5h49HcNGcR+u/w95c8ASMfLEEmw=
40,-107,B3qOVki37MCvw0rFEJakbnOJxP4=,5h49HcNGcR+u/w95c8ASMfLEEmw=
39,-105,B3qOVki37MCvw0rFEJakbnOJxP4=,jYGWmzxb3Bz3uH/oaTZBbZxQ3vo=
46,-111,B3qOVki37MCvw0rFEJakbnOJxP4=,5h49HcNGcR+u/w95c8ASMfLEEmw=
42,-110,B3qOVki37MCvw0rFEJakbnOJxP4=,5h49HcNGcR+u/w95c8ASMfLEEmw=
40,-110,B3qOVki37MCvw0rFEJakbnOJxP4=,5h49HcNGcR+u/w95c8ASMfLEEmw=
44,-111,B3qOVki37MCvw0rFEJakbnOJxP4=,5h49HcNGcR+u/w95c8ASMfLEEmw=
45,-111,B3qOVki37MCvw0rFEJakbnOJxP4=,5h49HcNGcR+u/w95c8ASMfLEEmw=
45,-108,B3qOVki37MCvw0rFEJakbnOJxP4=,5h49HcNGcR+u/w95c8ASMfLEEmw=
43,-111,B3qOVki37MCvw0rFEJakbnOJxP4=,5h49HcNGcR+u/w95c8ASMfLEEmw=
45,-110,B3qOVki37MCvw0rFEJakbnOJxP4=,5h49HcNGcR+u/w95c8ASMfLEEmw=
42,-111,B3qOVki37MCvw0rFEJakbnOJxP4=,5h49HcNGcR+u/w95c8ASMfLEEmw=
39,-111,B3qOVki37MCvw0rFEJakbnOJxP4=,jYGWmzxb3Bz3uH/oaTZBbZxQ3vo=
39,-106,B3qOVki37MCvw0rFEJakbnOJxP4=,jYGWmzxb3Bz3uH/oaTZBbZxQ3vo=
41,-110,B3qOVki37MCvw0rFEJakbnOJxP4=,5h49HcNGcR+u/w95c8ASMfLEEmw=
43,-104,B3qOVki37MCvw0rFEJakbnOJxP4=,9nhV7Ahr3RVIhzlfk3qO7Y59C6s=
43,-108,B3qOVki37MCvw0rFEJakbnOJxP4=,5h49HcNGcR+u/w95c8ASMfLEEmw=
41,-104,B3qOVki37MCvw0rFEJakbnOJxP4=,9nhV7Ahr3RVIhzlfk3qO7Y59C6s=
42,-104,B3qOVki37MCvw0rFEJakbnOJxP4=,9nhV7Ahr3RVIhzlfk3qO7Y59C6s=
39,-107,B3qOVki37MCvw0rFEJakbnOJxP4=,jYGWmzxb3Bz3uH/oaTZBbZxQ3vo=
43,-110,B3qOVki37MCvw0rFEJakbnOJxP4=,5h49HcNGcR+u/w95c8ASMfLEEmw=
45,-105,B3qOVki37MCvw0rFEJakbnOJxP4=,5h49HcNGcR+u/w95c8ASMfLEEmw=
41,-107,B3qOVki37MCvw0rFEJakbnOJxP4=,5h49HcNGcR+u/w95c8ASMfLEEmw=
41,-111,B3qOVki37MCvw0rFEJakbnOJxP4=,5h49HcNGcR+u/w95c8ASMfLEEmw=
45,-104,B3qOVki37MCvw0rFEJakbnOJxP4=,9nhV7Ahr3RVIhzlfk3qO7Y59C6s=
42,-109,B3qOVki37MCvw0rFEJakbnOJxP4=,5h49HcNGcR+u/w95c8ASMfLEEmw=
42,-105,B3qOVki37MCvw0rFEJakbnOJxP4=,5h49HcNGcR+u/w95c8ASMfLEEmw=
43,-109,B3qOVki37MCvw0rFEJakbnOJxP4=,5h49HcNGcR+u/w95c8ASMfLEEmw=
44,-104,B3qOVki37MCvw0rFEJakbnOJxP4=,9nhV7Ahr3RVIhzlfk3qO7Y59C6s=
43,-106,B3qOVki37MCvw0rFEJakbnOJxP4=,5h49HcNGcR+u/w95c8ASMfLEEmw=
44,-107,B3qOVki37MCvw0rFEJakbnOJxP4=,5h49HcNGcR+u/w95c8ASMfLEEmw=
40,-106,B3qOVki37MCvw0rFEJakbnOJxP4=,5h49HcNGcR+u/w95c8ASMfLEEmw=
40,-105,B3qOVki37MCvw0rFEJakbnOJxP4=,5h49HcNGcR+u/w95c8ASMfLEEmw=
46,-105,B3qOVki37MCvw0rFEJakbnOJxP4=,5h49HcNGcR+u/w95c8ASMfLEEmw=
46,-104,B3qOVki37MCvw0rFEJakbnOJxP4=,9nhV7Ahr3RVIhzlfk3qO7Y59C6s=
40,-111,B3qOVki37MCvw0rFEJakbnOJxP4=,5h49HcNGcR+u/w95c8ASMfLEEmw=
40,-104,B3qOVki37MCvw0rFEJakbnOJxP4=,9nhV7Ahr3RVIhzlfk3qO7Y59C6s=
47,-98,B3qOVki37MCvw0rFEJakbnOJxP4=,9nhV7Ahr3RVIhzlfk3qO7Y59C6s=
47,-99,B3qOVki37MCvw0rFEJakbnOJxP4=,9nhV7Ahr3RVIhzlfk3qO7Y59C6s=
47,-101,B3qOVki37MCvw0rFEJakbnOJxP4=,9nhV7Ahr3RVIhzlfk3qO7Y59C6s=
47,-102,B3qOVki37MCvw0rFEJakbnOJxP4=,9nhV7Ahr3RVIhzlfk3qO7Y59C6s=
47,-106,B3qOVki37MCvw0rFEJakbnOJxP4=,5h49HcNGcR+u/w95c8ASMfLEEmw=
47,-109,B3qOVki37MCvw0rFEJakbnOJxP4=,5h49HcNGcR+u/w95c8ASMfLEEmw=
47,-110,B3qOVki37MCvw0rFEJakbnOJxP4=,5h49HcNGcR+u/w95c8ASMfLEEmw=
47,-108,B3qOVki37MCvw0rFEJakbnOJxP4=,5h49HcNGcR+u/w95c8ASMfLEEmw=
47,-111,B3qOVki37MCvw0rFEJakbnOJxP4=,5h49HcNGcR+u/w95c8ASMfLEEmw=
47,-105,B3qOVki37MCvw0rFEJakbnOJxP4=,5h49HcNGcR+u/w95c8ASMfLEEmw=
47,-107,B3qOVki37MCvw0rFEJakbnOJxP4=,5h49HcNGcR+u/w95c8ASMfLEEmw=
47,-103,B3qOVki37MCvw0rFEJakbnOJxP4=,9nhV7Ahr3RVIhzlfk3qO7Y59C6s=
47,-100,B3qOVki37MCvw0rFEJakbnOJxP4=,9nhV7Ahr3RVIhzlfk3qO7Y59C6s=
47,-104,B3qOVki37MCvw0rFEJakbnOJxP4=,9nhV7Ahr3RVIhzlfk3qO7Y59C6s=
42,-97,B3qOVki37MCvw0rFEJakbnOJxP4=,9nhV7Ahr3RVIhzlfk3qO7Y59C6s=
43,-97,B3qOVki37MCvw0rFEJakbnOJxP4=,9nhV7Ahr3RVIhzlfk3qO7Y59C6s=
45,-97,B3qOVki37MCvw0rFEJakbnOJxP4=,9nhV7Ahr3RVIhzlfk3qO7Y59C6s=
41,-97,B3qOVki37MCvw0rFEJakbnOJxP4=,9nhV7Ahr3RVIhzlfk3qO7Y59C6s=
46,-97,B3qOVki37MCvw0rFEJakbnOJxP4=,9nhV7Ahr3RVIhzlfk3qO7Y59C6s=
44,-97,B3qOVki37MCvw0rFEJakbnOJxP4=,9nhV7Ahr3RVIhzlfk3qO7Y59C6s=
37,-97,B3qOVki37MCvw0rFEJakbnOJxP4=,Ae7zwU0BWBbUtAMpd21OHQAFn5w=
36,-97,B3qOVki37MCvw0rFEJakbnOJxP4=,Ae7zwU0BWBbUtAMpd21OHQAFn5w=
38,-97,B3qOVki37MCvw0rFEJakbnOJxP4=,Ae7zwU0BWBbUtAMpd21OHQAFn5w=
39,-97,B3qOVki37MCvw0rFEJakbnOJxP4=,Ae7zwU0BWBbUtAMpd21OHQAFn5w=
35,-97,B3qOVki37MCvw0rFEJakbnOJxP4=,Ae7zwU0BWBbUtAMpd21OHQAFn5w=
33,-112,B3qOVki37MCvw0rFEJakbnOJxP4=,jYGWmzxb3Bz3uH/oaTZBbZxQ3vo=
34,-112,B3qOVki37MCvw0rFEJakbnOJxP4=,jYGWmzxb3Bz3uH/oaTZBbZxQ3vo=
38,-112,B3qOVki37MCvw0rFEJakbnOJxP4=,jYGWmzxb3Bz3uH/oaTZBbZxQ3vo=
36,-112,B3qOVki37MCvw0rFEJakbnOJxP4=,jYGWmzxb3Bz3uH/oaTZBbZxQ3vo=
40,-97,B3qOVki37MCvw0rFEJakbnOJxP4=,9nhV7Ahr3RVIhzlfk3qO7Y59C6s=
37,-112,B3qOVki37MCvw0rFEJakbnOJxP4=,jYGWmzxb3Bz3uH/oaTZBbZxQ3vo=
35,-112,B3qOVki37MCvw0rFEJakbnOJxP4=,jYGWmzxb3Bz3uH/oaTZBbZxQ3vo=
32,-107,B3qOVki37MCvw0rFEJakbnOJxP4=,jYGWmzxb3Bz3uH/oaTZBbZxQ3vo=
32,-106,B3qOVki37MCvw0rFEJakbnOJxP4=,jYGWmzxb3Bz3uH/oaTZBbZxQ3vo=
32,-108,B3qOVki37MCvw0rFEJakbnOJxP4=,jYGWmzxb3Bz3uH/oaTZBbZxQ3vo=
32,-109,B3qOVki37MCvw0rFEJakbnOJxP4=,jYGWmzxb3Bz3uH/oaTZBbZxQ3vo=
32,-110,B3qOVki37MCvw0rFEJakbnOJxP4=,jYGWmzxb3Bz3uH/oaTZBbZxQ3vo=
32,-111,B3qOVki37MCvw0rFEJakbnOJxP4=,jYGWmzxb3Bz3uH/oaTZBbZxQ3vo=
34,-97,B3qOVki37MCvw0rFEJakbnOJxP4=,Ae7zwU0BWBbUtAMpd21OHQAFn5w=
33,-97,B3qOVki37MCvw0rFEJakbnOJxP4=,Ae7zwU0BWBbUtAMpd21OHQAFn5w=
32,-105,B3qOVki37MCvw0rFEJakbnOJxP4=,jYGWmzxb3Bz3uH/oaTZBbZxQ3vo=
32,-103,B3qOVki37MCvw0rFEJakbnOJxP4=,Ae7zwU0BWBbUtAMpd21OHQAFn5w=
32,-101,B3qOVki37MCvw0rFEJakbnOJxP4=,Ae7zwU0BWBbUtAMpd21OHQAFn5w=
32,-104,B3qOVki37MCvw0rFEJakbnOJxP4=,Ae7zwU0BWBbUtAMpd21OHQAFn5w=
32,-98,B3qOVki37MCvw0rFEJakbnOJxP4=,Ae7zwU0BWBbUtAMpd21OHQAFn5w=
32,-97,B3qOVki37MCvw0rFEJakbnOJxP4=,Ae7zwU0BWBbUtAMpd21OHQAFn5w=
32,-99,B3qOVki37MCvw0rFEJakbnOJxP4=,Ae7zwU0BWBbUtAMpd21OHQAFn5w=
32,-100,B3qOVki37MCvw0rFEJakbnOJxP4=,Ae7zwU0BWBbUtAMpd21OHQAFn5w=
32,-102,B3qOVki37MCvw0rFEJakbnOJxP4=,Ae7zwU0BWBbUtAMpd21OHQAFn5w=
42,-112,B3qOVki37MCvw0rFEJakbnOJxP4=,5h49HcNGcR+u/w95c8ASMfLEEmw=
43,-112,B3qOVki37MCvw0rFEJakbnOJxP4=,5h49HcNGcR+u/w95c8ASMfLEEmw=
45,-112,B3qOVki37MCvw0rFEJakbnOJxP4=,5h49HcNGcR+u/w95c8ASMfLEEmw=
46,-112,B3qOVki37MCvw0rFEJakbnOJxP4=,5h49HcNGcR+u/w95c8ASMfLEEmw=
39,-112,B3qOVki37MCvw0rFEJakbnOJxP4=,jYGWmzxb3Bz3uH/oaTZBbZxQ3vo=
32,-112,B3qOVki37MCvw0rFEJakbnOJxP4=,jYGWmzxb3Bz3uH/oaTZBbZxQ3vo=
47,-97,B3qOVki37MCvw0rFEJakbnOJxP4=,9nhV7Ahr3RVIhzlfk3qO7Y59C6s=
44,-112,B3qOVki37MCvw0rFEJakbnOJxP4=,5h49HcNGcR+u/w95c8ASMfLEEmw=
47,-112,B3qOVki37MCvw0rFEJakbnOJxP4=,5h49HcNGcR+u/w95c8ASMfLEEmw=
40,-112,B3qOVki37MCvw0rFEJakbnOJxP4=,5h49HcNGcR+u/w95c8ASMfLEEmw=
41,-112,B3qOVki37MCvw0rFEJakbnOJxP4=,5h49HcNGcR+u/w95c8ASMfLEEmw=
