53,-12,QvLs0n7ukLouya4Z0zLCPh0eyGw=,1TJZs0TURk37QSOhvFBlP4f169g=
55,-13,QvLs0n7ukLouya4Z0zLCPh0eyGw=,1TJZs0TURk37QSOhvFBlP4f169g=
54,-12,QvLs0n7ukLouya4Z0zLCPh0eyGw=,1TJZs0TURk37QSOhvFBlP4f169g=
51,-16,QvLs0n7ukLouya4Z0zLCPh0eyGw=,1TJZs0TURk37QSOhvFBlP4f169g=
50,-15,QvLs0n7ukLouya4Z0zLCPh0eyGw=,1TJZs0TURk37QSOhvFBlP4f169g=
49,-13,QvLs0n7ukLouya4Z0zLCPh0eyGw=,1TJZs0TURk37QSOhvFBlP4f169g=
55,-12,QvLs0n7ukLouya4Z0zLCPh0eyGw=,1TJZs0TURk37QSOhvFBlP4f169g=
49,-15,QvLs0n7ukLouya4Z0zLCPh0eyGw=,1TJZs0TURk37QSOhvFBlP4f169g=
48,-12,QvLs0n7ukLouya4Z0zLCPh0eyGw=,1TJZs0TURk37QSOhvFBlP4f169g=
48,-15,QvLs0n7ukLouya4Z0zLCPh0eyGw=,1TJZs0TURk37QSOhvFBlP4f169g=
48,-11,QvLs0n7ukLouya4Z0zLCPh0eyGw=,1TJZs0TURk37QSOhvFBlP4f169g=
55,-16,QvLs0n7ukLouya4Z0zLCPh0eyGw=,1TJZs0TURk37QSOhvFBlP4f169g=
51,-15,QvLs0n7ukLouya4Z0zLCPh0eyGw=,1TJZs0TURk37QSOhvFBlP4f169g=
54,-16,QvLs0n7ukLouya4Z0zLCPh0eyGw=,1TJZs0TURk37QSOhvFBlP4f169g=
53,-16,QvLs0n7ukLouya4Z0zLCPh0eyGw=,1TJZs0TURk37QSOhvFBlP4f169g=
49,-12,QvLs0n7ukLouya4Z0zLCPh0eyGw=,1TJZs0TURk37QSOhvFBlP4f169g=
52,-15,QvLs0n7ukLouya4Z0zLCPh0eyGw=,1TJZs0TURk37QSOhvFBlP4f169g=
50,-12,QvLs0n7ukLouya4Z0zLCPh0eyGw=,1TJZs0TURk37QSOhvFBlP4f169g=
52,-16,QvLs0n7ukLouya4Z0zLCPh0eyGw=,1TJZs0TURk37QSOhvFBlP4f169g=
49,-11,QvLs0n7ukLouya4Z0zLCPh0eyGw=,1TJZs0TURk37QSOhvFBlP4f169g=
50,-16,QvLs0n7ukLouya4Z0zLCPh0eyGw=,1TJZs0TURk37QSOhvFBlP4f169g=
50,-11,QvLs0n7ukLouya4Z0zLCPh0eyGw=,1TJZs0TURk37QSOhvFBlP4f169g=
48,-13,QvLs0n7ukLouya4Z0zLCPh0eyGw=,1TJZs0TURk37QSOhvFBlP4f169g=
51,-11,QvLs0n7ukLouya4Z0zLCPh0eyGw=,1TJZs0TURk37QSOhvFBlP4f169g=
52,-12,QvLs0n7ukLouya4Z0zLCPh0eyGw=,1TJZs0TURk37QSOhvFBlP4f169g=
52,-11,QvLs0n7ukLouya4Z0zLCPh0eyGw=,1TJZs0TURk37QSOhvFBlP4f169g=
53,-15,QvLs0n7ukLouya4Z0zLCPh0eyGw=,1TJZs0TURk37QSOhvFBlP4f169g=
54,-13,QvLs0n7ukLouya4Z0zLCPh0eyGw=,1TJZs0TURk37QSOhvFBlP4f169g=
53,-13,QvLs0n7ukLouya4Z0zLCPh0eyGw=,1TJZs0TURk37QSOhvFBlP4f169g=
54,-15,QvLs0n7ukLouya4Z0zLCPh0eyGw=,1TJZs0TURk37QSOhvFBlP4f169g=
48,-16,QvLs0n7ukLouya4Z0zLCPh0eyGw=,1TJZs0TURk37QSOhvFBlP4f169g=
49,-14,QvLs0n7ukLouya4Z0zLCPh0eyGw=,1TJZs0TURk37QSOhvFBlP4f169g=
55,-14,QvLs0n7ukLouya4Z0zLCPh0eyGw=,1TJZs0TURk37QSOhvFBlP4f169g=
53,-11,QvLs0n7ukLouya4Z0zLCPh0eyGw=,1TJZs0TURk37QSOhvFBlP4f169g=
51,-12,QvLs0n7ukLouya4Z0zLCPh0eyGw=,1TJZs0TURk37QSOhvFBlP4f169g=
50,-14,QvLs0n7ukLouya4Z0zLCPh0eyGw=,1TJZs0TURk37QSOhvFBlP4f169g=
54,-11,QvLs0n7ukLouya4Z0zLCPh0eyGw=,1TJZs0TURk37QSOhvFBlP4f169g=
53,-14,QvLs0n7ukLouya4Z0zLCPh0eyGw=,1TJZs0TURk37QSOhvFBlP4f169g=
55,-15,QvLs0n7ukLouya4Z0zLCPh0eyGw=,1TJZs0TURk37QSOhvFBlP4f169g=
49,-16,QvLs0n7ukLouya4Z0zLCPh0eyGw=,1TJZs0TURk37QSOhvFBlP4f169g=
55,-10,QvLs0n7ukLouya4Z0zLCPh0eyGw=,1TJZs0TURk37QSOhvFBlP4f169g=
50,-13,QvLs0n7ukLouya4Z0zLCPh0eyGw=,1TJZs0TURk37QSOhvFBlP4f169g=
48,-14,QvLs0n7ukLouya4Z0zLCPh0eyGw=,1TJZs0TURk37QSOhvFBlP4f169g=
51,-13,QvLs0n7ukLouya4Z0zLCPh0eyGw=,1TJZs0TURk37QSOhvFBlP4f169g=
54,-14,QvLs0n7ukLouya4Z0zLCPh0eyGw=,1TJZs0TURk37QSOhvFBlP4f169g=
52,-14,QvLs0n7ukLouya4Z0zLCPh0eyGw=,1TJZs0TURk37QSOhvFBlP4f169g=
55,-11,QvLs0n7ukLouya4Z0zLCPh0eyGw=,1TJZs0TURk37QSOhvFBlP4f169g=
54,-10,QvLs0n7ukLouya4Z0zLCPh0eyGw=,1TJZs0TURk37QSOhvFBlP4f169g=
48,-10,QvLs0n7ukLouya4Z0zLCPh0eyGw=,1TJZs0TURk37QSOhvFBlP4f169g=
53,-10,QvLs0n7ukLouya4Z0zLCPh0eyGw=,1TJZs0TURk37QSOhvFBlP4f169g=
49,-10,QvLs0n7ukLouya4Z0zLCPh0eyGw=,1TJZs0TURk37QSOhvFBlP4f169g=
52,-13,QvLs0n7ukLouya4Z0zLCPh0eyGw=,1TJZs0TURk37QSOhvFBlP4f169g=
52,-10,QvLs0n7ukLouya4Z0zLCPh0eyGw=,1TJZs0TURk37QSOhvFBlP4f169g=
50,-10,QvLs0n7ukLouya4Z0zLCPh0eyGw=,1TJZs0TURk37QSOhvFBlP4f169g=
51,-10,QvLs0n7ukLouya4Z0zLCPh0eyGw=,1TJZs0TURk37QSOhvFBlP4f169g=
55,-1,QvLs0n7ukLouya4Z0zLCPh0eyGw=,eDCmHBHwcnJzzYLb3TdBeW3DWY0=
54,-6,QvLs0n7ukLouya4Z0zLCPh0eyGw=,eDCmHBHwcnJzzYLb3TdBeW3DWY0=
51,-14,QvLs0n7ukLouya4Z0zLCPh0eyGw=,1TJZs0TURk37QSOhvFBlP4f169g=
53,-6,QvLs0n7ukLouya4Z0zLCPh0eyGw=,eDCmHBHwcnJzzYLb3TdBeW3DWY0=
51,-1,QvLs0n7ukLouya4Z0zLCPh0eyGw=,eDCmHBHwcnJzzYLb3TdBeW3DWY0=
55,-6,QvLs0n7ukLouya4Z0zLCPh0eyGw=,eDCmHBHwcnJzzYLb3TdBeW3DWY0=
50,-1,QvLs0n7ukLouya4Z0zLCPh0eyGw=,eDCmHBHwcnJzzYLb3TdBeW3DWY0=
52,-6,QvLs0n7ukLouya4Z0zLCPh0eyGw=,eDCmHBHwcnJzzYLb3TdBeW3DWY0=
51,-6,QvLs0n7ukLouya4Z0zLCPh0eyGw=,eDCmHBHwcnJzzYLb3TdBeW3DWY0=
55,-2,QvLs0n7ukLouya4Z0zLCPh0eyGw=,eDCmHBHwcnJzzYLb3TdBeW3DWY0=
48,-1,QvLs0n7ukLouya4Z0zLCPh0eyGw=,eDCmHBHwcnJzzYLb3TdBeW3DWY0=
49,-1,QvLs0n7ukLouya4Z0zLCPh0eyGw=,eDCmHBHwcnJzzYLb3TdBeW3DWY0=
53,-2,QvLs0n7ukLouya4Z0zLCPh0eyGw=,eDCmHBHwcnJzzYLb3TdBeW3DWY0=
50,-6,QvLs0n7ukLouya4Z0zLCPh0eyGw=,eDCmHBHwcnJzzYLb3TdBeW3DWY0=
54,-2,QvLs0n7ukLouya4Z0zLCPh0eyGw=,eDCmHBHwcnJzzYLb3TdBeW3DWY0=
49,-6,QvLs0n7ukLouya4Z0zLCPh0eyGw=,eDCmHBHwcnJzzYLb3TdBeW3DWY0=
55,-7,QvLs0n7ukLouya4Z0zLCPh0eyGw=,eDCmHBHwcnJzzYLb3TdBeW3DWY0=
54,-7,QvLs0n7ukLouya4Z0zLCPh0eyGw=,eDCmHBHwcnJzzYLb3TdBeW3DWY0=
53,-7,QvLs0n7ukLouya4Z0zLCPh0eyGw=,eDCmHBHwcnJzzYLb3TdBeW3DWY0=
52,-7,QvLs0n7ukLouya4Z0zLCPh0eyGw=,eDCmHBHwcnJzzYLb3TdBeW3DWY0=
52,-2,QvLs0n7ukLouya4Z0zLCPh0eyGw=,eDCmHBHwcnJzzYLb3TdBeW3DWY0=
51,-7,QvLs0n7ukLouya4Z0zLCPh0eyGw=,eDCmHBHwcnJzzYLb3TdBeW3DWY0=
50,-7,QvLs0n7ukLouya4Z0zLCPh0eyGw=,eDCmHBHwcnJzzYLb3TdBeW3DWY0=
51,-2,QvLs0n7ukLouya4Z0zLCPh0eyGw=,eDCmHBHwcnJzzYLb3TdBeW3DWY0=
49,-7,QvLs0n7ukLouya4Z0zLCPh0eyGw=,eDCmHBHwcnJzzYLb3TdBeW3DWY0=
50,-2,QvLs0n7ukLouya4Z0zLCPh0eyGw=,eDCmHBHwcnJzzYLb3TdBeW3DWY0=
49,-2,QvLs0n7ukLouya4Z0zLCPh0eyGw=,eDCmHBHwcnJzzYLb3TdBeW3DWY0=
55,-8,QvLs0n7ukLouya4Z0zLCPh0eyGw=,eDCmHBHwcnJzzYLb3TdBeW3DWY0=
54,-8,QvLs0n7ukLouya4Z0zLCPh0eyGw=,eDCmHBHwcnJzzYLb3TdBeW3DWY0=
48,-2,QvLs0n7ukLouya4Z0zLCPh0eyGw=,eDCmHBHwcnJzzYLb3TdBeW3DWY0=
53,-8,QvLs0n7ukLouya4Z0zLCPh0eyGw=,eDCmHBHwcnJzzYLb3TdBeW3DWY0=
52,-8,QvLs0n7ukLouya4Z0zLCPh0eyGw=,eDCmHBHwcnJzzYLb3TdBeW3DWY0=
51,-8,QvLs0n7ukLouya4Z0zLCPh0eyGw=,eDCmHBHwcnJzzYLb3TdBeW3DWY0=
55,-3,QvLs0n7ukLouya4Z0zLCPh0eyGw=,eDCmHBHwcnJzzYLb3TdBeW3DWY0=
50,-8,QvLs0n7ukLouya4Z0zLCPh0eyGw=,eDCmHBHwcnJzzYLb3TdBeW3DWY0=
49,-8,QvLs0n7ukLouya4Z0zLCPh0eyGw=,eDCmHBHwcnJzzYLb3TdBeW3DWY0=
54,-3,QvLs0n7ukLouya4Z0zLCPh0eyGw=,eDCmHBHwcnJzzYLb3TdBeW3DWY0=
48,-8,QvLs0n7ukLouya4Z0zLCPh0eyGw=,eDCmHBHwcnJzzYLb3TdBeW3DWY0=
55,-9,QvLs0n7ukLouya4Z0zLCPh0eyGw=,1TJZs0TURk37QSOhvFBlP4f169g=
54,-9,QvLs0n7ukLouya4Z0zLCPh0eyGw=,1TJZs0TURk37QSOhvFBlP4f169g=
53,-9,QvLs0n7ukLouya4Z0zLCPh0eyGw=,1TJZs0TURk37QSOhvFBlP4f169g=
52,-9,QvLs0n7ukLouya4Z0zLCPh0eyGw=,1TJZs0TURk37QSOhvFBlP4f169g=
51,-9,QvLs0n7ukLouya4Z0zLCPh0eyGw=,1TJZs0TURk37QSOhvFBlP4f169g=
50,-9,QvLs0n7ukLouya4Z0zLCPh0eyGw=,1TJZs0TURk37QSOhvFBlP4f169g=
49,-9,QvLs0n7ukLouya4Z0zLCPh0eyGw=,1TJZs0TURk37QSOhvFBlP4f169g=
53,-3,QvLs0n7ukLouya4Z0zLCPh0eyGw=,eDCmHBHwcnJzzYLb3TdBeW3DWY0=
52,-3,QvLs0n7ukLouya4Z0zLCPh0eyGw=,eDCmHBHwcnJzzYLb3TdBeW3DWY0=
51,-3,QvLs0n7ukLouya4Z0zLCPh0eyGw=,eDCmHBHwcnJzzYLb3TdBeW3DWY0=
50,-3,QvLs0n7ukLouya4Z0zLCPh0eyGw=,eDCmHBHwcnJzzYLb3TdBeW3DWY0=
49,-3,QvLs0n7ukLouya4Z0zLCPh0eyGw=,eDCmHBHwcnJzzYLb3TdBeW3DWY0=
48,-9,QvLs0n7ukLouya4Z0zLCPh0eyGw=,1TJZs0TURk37QSOhvFBlP4f169g=
54,-4,QvLs0n7ukLouya4Z0zLCPh0eyGw=,eDCmHBHwcnJzzYLb3TdBeW3DWY0=
55,-4,QvLs0n7ukLouya4Z0zLCPh0eyGw=,eDCmHBHwcnJzzYLb3TdBeW3DWY0=
53,-4,QvLs0n7ukLouya4Z0zLCPh0eyGw=,eDCmHBHwcnJzzYLb3TdBeW3DWY0=
52,-4,QvLs0n7ukLouya4Z0zLCPh0eyGw=,eDCmHBHwcnJzzYLb3TdBeW3DWY0=
51,-4,QvLs0n7ukLouya4Z0zLCPh0eyGw=,eDCmHBHwcnJzzYLb3TdBeW3DWY0=
50,-4,QvLs0n7ukLouya4Z0zLCPh0eyGw=,eDCmHBHwcnJzzYLb3TdBeW3DWY0=
49,-4,QvLs0n7ukLouya4Z0zLCPh0eyGw=,eDCmHBHwcnJzzYLb3TdBeW3DWY0=
48,-7,QvLs0n7ukLouya4Z0zLCPh0eyGw=,eDCmHBHwcnJzzYLb3TdBeW3DWY0=
55,-5,QvLs0n7ukLouya4Z0zLCPh0eyGw=,eDCmHBHwcnJzzYLb3TdBeW3DWY0=
54,-5,QvLs0n7ukLouya4Z0zLCPh0eyGw=,eDCmHBHwcnJzzYLb3TdBeW3DWY0=
53,-5,QvLs0n7ukLouya4Z0zLCPh0eyGw=,eDCmHBHwcnJzzYLb3TdBeW3DWY0=
52,-5,QvLs0n7ukLouya4Z0zLCPh0eyGw=,eDCmHBHwcnJzzYLb3TdBeW3DWY0=
51,-5,QvLs0n7ukLouya4Z0zLCPh0eyGw=,eDCmHBHwcnJzzYLb3TdBeW3DWY0=
50,-5,QvLs0n7ukLouya4Z0zLCPh0eyGw=,eDCmHBHwcnJzzYLb3TdBeW3DWY0=
49,-5,QvLs0n7ukLouya4Z0zLCPh0eyGw=,eDCmHBHwcnJzzYLb3TdBeW3DWY0=
52,-1,QvLs0n7ukLouya4Z0zLCPh0eyGw=,eDCmHBHwcnJzzYLb3TdBeW3DWY0=
54,-1,QvLs0n7ukLouya4Z0zLCPh0eyGw=,eDCmHBHwcnJzzYLb3TdBeW3DWY0=
48,-3,QvLs0n7ukLouya4Z0zLCPh0eyGw=,eDCmHBHwcnJzzYLb3TdBeW3DWY0=
53,-1,QvLs0n7ukLouya4Z0zLCPh0eyGw=,eDCmHBHwcnJzzYLb3TdBeW3DWY0=
48,-4,QvLs0n7ukLouya4Z0zLCPh0eyGw=,eDCmHBHwcnJzzYLb3TdBeW3DWY0=
48,-5,QvLs0n7ukLouya4Z0zLCPh0eyGw=,eDCmHBHwcnJzzYLb3TdBeW3DWY0=
48,-6,QvLs0n7ukLouya4Z0zLCPh0eyGw=,eDCmHBHwcnJzzYLb3TdBeW3DWY0=
36,-11,QvLs0n7ukLouya4Z0zLCPh0eyGw=,AmxQAMFAkoWSff26Ocu8tKdnlbs=
35,-11,QvLs0n7ukLouya4Z0zLCPh0eyGw=,AmxQAMFAkoWSff26Ocu8tKdnlbs=
34,-11,QvLs0n7ukLouya4Z0zLCPh0eyGw=,AmxQAMFAkoWSff26Ocu8tKdnlbs=
33,-11,QvLs0n7ukLouya4Z0zLCPh0eyGw=,AmxQAMFAkoWSff26Ocu8tKdnlbs=
38,-12,QvLs0n7ukLouya4Z0zLCPh0eyGw=,AmxQAMFAkoWSff26Ocu8tKdnlbs=
37,-12,QvLs0n7ukLouya4Z0zLCPh0eyGw=,AmxQAMFAkoWSff26Ocu8tKdnlbs=
35,-12,QvLs0n7ukLouya4Z0zLCPh0eyGw=,AmxQAMFAkoWSff26Ocu8tKdnlbs=
34,-12,QvLs0n7ukLouya4Z0zLCPh0eyGw=,AmxQAMFAkoWSff26Ocu8tKdnlbs=
36,-12,QvLs0n7ukLouya4Z0zLCPh0eyGw=,AmxQAMFAkoWSff26Ocu8tKdnlbs=
33,-12,QvLs0n7ukLouya4Z0zLCPh0eyGw=,AmxQAMFAkoWSff26Ocu8tKdnlbs=
46,-14,QvLs0n7ukLouya4Z0zLCPh0eyGw=,qlkSnMcXPkFs9rBxoZreE3Gv34M=
41,-13,QvLs0n7ukLouya4Z0zLCPh0eyGw=,qlkSnMcXPkFs9rBxoZreE3Gv34M=
40,-13,QvLs0n7ukLouya4Z0zLCPh0eyGw=,qlkSnMcXPkFs9rBxoZreE3Gv34M=
39,-11,QvLs0n7ukLouya4Z0zLCPh0eyGw=,AmxQAMFAkoWSff26Ocu8tKdnlbs=
42,-13,QvLs0n7ukLouya4Z0zLCPh0eyGw=,qlkSnMcXPkFs9rBxoZreE3Gv34M=
44,-13,QvLs0n7ukLouya4Z0zLCPh0eyGw=,qlkSnMcXPkFs9rBxoZreE3Gv34M=
45,-13,QvLs0n7ukLouya4Z0zLCPh0eyGw=,qlkSnMcXPkFs9rBxoZreE3Gv34M=
46,-13,QvLs0n7ukLouya4Z0zLCPh0eyGw=,qlkSnMcXPkFs9rBxoZreE3Gv34M=
40,-12,QvLs0n7ukLouya4Z0zLCPh0eyGw=,qlkSnMcXPkFs9rBxoZreE3Gv34M=
41,-12,QvLs0n7ukLouya4Z0zLCPh0eyGw=,qlkSnMcXPkFs9rBxoZreE3Gv34M=
43,-12,QvLs0n7ukLouya4Z0zLCPh0eyGw=,qlkSnMcXPkFs9rBxoZreE3Gv34M=
42,-12,QvLs0n7ukLouya4Z0zLCPh0eyGw=,qlkSnMcXPkFs9rBxoZreE3Gv34M=
44,-12,QvLs0n7ukLouya4Z0zLCPh0eyGw=,qlkSnMcXPkFs9rBxoZreE3Gv34M=
45,-12,QvLs0n7ukLouya4Z0zLCPh0eyGw=,qlkSnMcXPkFs9rBxoZreE3Gv34M=
39,-10,QvLs0n7ukLouya4Z0zLCPh0eyGw=,AmxQAMFAkoWSff26Ocu8tKdnlbs=
46,-12,QvLs0n7ukLouya4Z0zLCPh0eyGw=,qlkSnMcXPkFs9rBxoZreE3Gv34M=
40,-11,QvLs0n7ukLouya4Z0zLCPh0eyGw=,qlkSnMcXPkFs9rBxoZreE3Gv34M=
40,-15,QvLs0n7ukLouya4Z0zLCPh0eyGw=,qlkSnMcXPkFs9rBxoZreE3Gv34M=
41,-15,QvLs0n7ukLouya4Z0zLCPh0eyGw=,qlkSnMcXPkFs9rBxoZreE3Gv34M=
42,-15,QvLs0n7ukLouya4Z0zLCPh0eyGw=,qlkSnMcXPkFs9rBxoZreE3Gv34M=
41,-11,QvLs0n7ukLouya4Z0zLCPh0eyGw=,qlkSnMcXPkFs9rBxoZreE3Gv34M=
42,-11,QvLs0n7ukLouya4Z0zLCPh0eyGw=,qlkSnMcXPkFs9rBxoZreE3Gv34M=
43,-13,QvLs0n7ukLouya4Z0zLCPh0eyGw=,qlkSnMcXPkFs9rBxoZreE3Gv34M=
43,-11,QvLs0n7ukLouya4Z0zLCPh0eyGw=,qlkSnMcXPkFs9rBxoZreE3Gv34M=
43,-15,QvLs0n7ukLouya4Z0zLCPh0eyGw=,qlkSnMcXPkFs9rBxoZreE3Gv34M=
44,-11,Rq2pEkZGPUGeDVJuLV1teUmGGmI=,qlkSnMcXPkFs9rBxoZreE3Gv34M=
45,-11,Rq2pEkZGPUGeDVJuLV1teUmGGmI=,qlkSnMcXPkFs9rBxoZreE3Gv34M=
46,-11,Rq2pEkZGPUGeDVJuLV1teUmGGmI=,qlkSnMcXPkFs9rBxoZreE3Gv34M=
44,-15,Rq2pEkZGPUGeDVJuLV1teUmGGmI=,qlkSnMcXPkFs9rBxoZreE3Gv34M=
45,-15,Rq2pEkZGPUGeDVJuLV1teUmGGmI=,qlkSnMcXPkFs9rBxoZreE3Gv34M=
46,-15,Rq2pEkZGPUGeDVJuLV1teUmGGmI=,qlkSnMcXPkFs9rBxoZreE3Gv34M=
40,-14,Rq2pEkZGPUGeDVJuLV1teUmGGmI=,qlkSnMcXPkFs9rBxoZreE3Gv34M=
41,-14,Rq2pEkZGPUGeDVJuLV1teUmGGmI=,qlkSnMcXPkFs9rBxoZreE3Gv34M=
42,-14,Rq2pEkZGPUGeDVJuLV1teUmGGmI=,qlkSnMcXPkFs9rBxoZreE3Gv34M=
40,-10,Rq2pEkZGPUGeDVJuLV1teUmGGmI=,qlkSnMcXPkFs9rBxoZreE3Gv34M=
41,-10,Rq2pEkZGPUGeDVJuLV1teUmGGmI=,qlkSnMcXPkFs9rBxoZreE3Gv34M=
39,-15,Rq2pEkZGPUGeDVJuLV1teUmGGmI=,AmxQAMFAkoWSff26Ocu8tKdnlbs=
39,-14,Rq2pEkZGPUGeDVJuLV1teUmGGmI=,AmxQAMFAkoWSff26Ocu8tKdnlbs=
42,-10,Rq2pEkZGPUGeDVJuLV1teUmGGmI=,qlkSnMcXPkFs9rBxoZreE3Gv34M=
43,-10,Rq2pEkZGPUGeDVJuLV1teUmGGmI=,qlkSnMcXPkFs9rBxoZreE3Gv34M=
44,-10,Rq2pEkZGPUGeDVJuLV1teUmGGmI=,qlkSnMcXPkFs9rBxoZreE3Gv34M=
45,-10,Rq2pEkZGPUGeDVJuLV1teUmGGmI=,qlkSnMcXPkFs9rBxoZreE3Gv34M=
43,-14,Rq2pEkZGPUGeDVJuLV1teUmGGmI=,qlkSnMcXPkFs9rBxoZreE3Gv34M=
46,-10,Rq2pEkZGPUGeDVJuLV1teUmGGmI=,qlkSnMcXPkFs9rBxoZreE3Gv34M=
44,-14,Rq2pEkZGPUGeDVJuLV1teUmGGmI=,qlkSnMcXPkFs9rBxoZreE3Gv34M=
39,-12,Rq2pEkZGPUGeDVJuLV1teUmGGmI=,AmxQAMFAkoWSff26Ocu8tKdnlbs=
39,-13,Rq2pEkZGPUGeDVJuLV1teUmGGmI=,AmxQAMFAkoWSff26Ocu8tKdnlbs=
45,-14,Rq2pEkZGPUGeDVJuLV1teUmGGmI=,qlkSnMcXPkFs9rBxoZreE3Gv34M=
38,-13,Rq2pEkZGPUGeDVJuLV1teUmGGmI=,AmxQAMFAkoWSff26Ocu8tKdnlbs=
37,-13,Rq2pEkZGPUGeDVJuLV1teUmGGmI=,AmxQAMFAkoWSff26Ocu8tKdnlbs=
35,-13,Rq2pEkZGPUGeDVJuLV1teUmGGmI=,AmxQAMFAkoWSff26Ocu8tKdnlbs=
36,-13,Rq2pEkZGPUGeDVJuLV1teUmGGmI=,AmxQAMFAkoWSff26Ocu8tKdnlbs=
34,-13,Rq2pEkZGPUGeDVJuLV1teUmGGmI=,AmxQAMFAkoWSff26Ocu8tKdnlbs=
33,-13,Rq2pEkZGPUGeDVJuLV1teUmGGmI=,AmxQAMFAkoWSff26Ocu8tKdnlbs=
37,-14,Rq2pEkZGPUGeDVJuLV1teUmGGmI=,AmxQAMFAkoWSff26Ocu8tKdnlbs=
38,-14,Rq2pEkZGPUGeDVJuLV1teUmGGmI=,AmxQAMFAkoWSff26Ocu8tKdnlbs=
36,-14,Rq2pEkZGPUGeDVJuLV1teUmGGmI=,AmxQAMFAkoWSff26Ocu8tKdnlbs=
35,-14,Rq2pEkZGPUGeDVJuLV1teUmGGmI=,AmxQAMFAkoWSff26Ocu8tKdnlbs=
34,-14,Rq2pEkZGPUGeDVJuLV1teUmGGmI=,AmxQAMFAkoWSff26Ocu8tKdnlbs=
38,-15,Rq2pEkZGPUGeDVJuLV1teUmGGmI=,AmxQAMFAkoWSff26Ocu8tKdnlbs=
33,-14,Rq2pEkZGPUGeDVJuLV1teUmGGmI=,AmxQAMFAkoWSff26Ocu8tKdnlbs=
37,-15,Rq2pEkZGPUGeDVJuLV1teUmGGmI=,AmxQAMFAkoWSff26Ocu8tKdnlbs=
36,-15,Rq2pEkZGPUGeDVJuLV1teUmGGmI=,AmxQAMFAkoWSff26Ocu8tKdnlbs=
34,-15,Rq2pEkZGPUGeDVJuLV1teUmGGmI=,AmxQAMFAkoWSff26Ocu8tKdnlbs=
35,-15,Rq2pEkZGPUGeDVJuLV1teUmGGmI=,AmxQAMFAkoWSff26Ocu8tKdnlbs=
33,-15,Rq2pEkZGPUGeDVJuLV1teUmGGmI=,AmxQAMFAkoWSff26Ocu8tKdnlbs=
38,-10,Rq2pEkZGPUGeDVJuLV1teUmGGmI=,AmxQAMFAkoWSff26Ocu8tKdnlbs=
37,-10,Rq2pEkZGPUGeDVJuLV1teUmGGmI=,AmxQAMFAkoWSff26Ocu8tKdnlbs=
35,-10,Rq2pEkZGPUGeDVJuLV1teUmGGmI=,AmxQAMFAkoWSff26Ocu8tKdnlbs=
34,-10,Rq2pEkZGPUGeDVJuLV1teUmGGmI=,AmxQAMFAkoWSff26Ocu8tKdnlbs=
36,-10,Rq2pEkZGPUGeDVJuLV1teUmGGmI=,AmxQAMFAkoWSff26Ocu8tKdnlbs=
33,-10,Rq2pEkZGPUGeDVJuLV1teUmGGmI=,AmxQAMFAkoWSff26Ocu8tKdnlbs=
37,-11,Rq2pEkZGPUGeDVJuLV1teUmGGmI=,AmxQAMFAkoWSff26Ocu8tKdnlbs=
38,-11,Rq2pEkZGPUGeDVJuLV1teUmGGmI=,AmxQAMFAkoWSff26Ocu8tKdnlbs=
35,-5,Rq2pEkZGPUGeDVJuLV1teUmGGmI=,TDDRFo4lAOjugRBxi5rqwT24U/A=
34,-5,Rq2pEkZGPUGeDVJuLV1teUmGGmI=,TDDRFo4lAOjugRBxi5rqwT24U/A=
33,-5,Rq2pEkZGPUGeDVJuLV1teUmGGmI=,TDDRFo4lAOjugRBxi5rqwT24U/A=
36,-5,Rq2pEkZGPUGeDVJuLV1teUmGGmI=,TDDRFo4lAOjugRBxi5rqwT24U/A=
35,-6,Rq2pEkZGPUGeDVJuLV1teUmGGmI=,TDDRFo4lAOjugRBxi5rqwT24U/A=
36,-6,Rq2pEkZGPUGeDVJuLV1teUmGGmI=,TDDRFo4lAOjugRBxi5rqwT24U/A=
34,-6,Rq2pEkZGPUGeDVJuLV1teUmGGmI=,TDDRFo4lAOjugRBxi5rqwT24U/A=
38,-6,Rq2pEkZGPUGeDVJuLV1teUmGGmI=,TDDRFo4lAOjugRBxi5rqwT24U/A=
33,-6,Rq2pEkZGPUGeDVJuLV1teUmGGmI=,TDDRFo4lAOjugRBxi5rqwT24U/A=
37,-6,Rq2pEkZGPUGeDVJuLV1teUmGGmI=,TDDRFo4lAOjugRBxi5rqwT24U/A=
36,-7,Rq2pEkZGPUGeDVJuLV1teUmGGmI=,TDDRFo4lAOjugRBxi5rqwT24U/A=
35,-7,Rq2pEkZGPUGeDVJuLV1teUmGGmI=,TDDRFo4lAOjugRBxi5rqwT24U/A=
38,-7,Rq2pEkZGPUGeDVJuLV1teUmGGmI=,TDDRFo4lAOjugRBxi5rqwT24U/A=
34,-7,Rq2pEkZGPUGeDVJuLV1teUmGGmI=,TDDRFo4lAOjugRBxi5rqwT24U/A=
33,-7,Rq2pEkZGPUGeDVJuLV1teUmGGmI=,TDDRFo4lAOjugRBxi5rqwT24U/A=
37,-7,Rq2pEkZGPUGeDVJuLV1teUmGGmI=,TDDRFo4lAOjugRBxi5rqwT24U/A=
37,-5,Rq2pEkZGPUGeDVJuLV1teUmGGmI=,TDDRFo4lAOjugRBxi5rqwT24U/A=
37,-2,Rq2pEkZGPUGeDVJuLV1teUmGGmI=,TDDRFo4lAOjugRBxi5rqwT24U/A=
38,-2,Rq2pEkZGPUGeDVJuLV1teUmGGmI=,TDDRFo4lAOjugRBxi5rqwT24U/A=
36,-2,Rq2pEkZGPUGeDVJuLV1teUmGGmI=,TDDRFo4lAOjugRBxi5rqwT24U/A=
34,-2,Rq2pEkZGPUGeDVJuLV1teUmGGmI=,TDDRFo4lAOjugRBxi5rqwT24U/A=
35,-2,Rq2pEkZGPUGeDVJuLV1teUmGGmI=,TDDRFo4lAOjugRBxi5rqwT24U/A=
33,-2,Rq2pEkZGPUGeDVJuLV1teUmGGmI=,TDDRFo4lAOjugRBxi5rqwT24U/A=
37,-8,Rq2pEkZGPUGeDVJuLV1teUmGGmI=,TDDRFo4lAOjugRBxi5rqwT24U/A=
38,-8,Rq2pEkZGPUGeDVJuLV1teUmGGmI=,TDDRFo4lAOjugRBxi5rqwT24U/A=
36,-8,Rq2pEkZGPUGeDVJuLV1teUmGGmI=,TDDRFo4lAOjugRBxi5rqwT24U/A=
34,-8,Rq2pEkZGPUGeDVJuLV1teUmGGmI=,TDDRFo4lAOjugRBxi5rqwT24U/A=
35,-8,Rq2pEkZGPUGeDVJuLV1teUmGGmI=,TDDRFo4lAOjugRBxi5rqwT24U/A=
38,-9,Rq2pEkZGPUGeDVJuLV1teUmGGmI=,AmxQAMFAkoWSff26Ocu8tKdnlbs=
33,-8,Rq2pEkZGPUGeDVJuLV1teUmGGmI=,TDDRFo4lAOjugRBxi5rqwT24U/A=
38,-3,Rq2pEkZGPUGeDVJuLV1teUmGGmI=,TDDRFo4lAOjugRBxi5rqwT24U/A=
37,-3,Rq2pEkZGPUGeDVJuLV1teUmGGmI=,TDDRFo4lAOjugRBxi5rqwT24U/A=
36,-3,Rq2pEkZGPUGeDVJuLV1teUmGGmI=,TDDRFo4lAOjugRBxi5rqwT24U/A=
37,-9,Rq2pEkZGPUGeDVJuLV1teUmGGmI=,AmxQAMFAkoWSff26Ocu8tKdnlbs=
36,-9,Rq2pEkZGPUGeDVJuLV1teUmGGmI=,AmxQAMFAkoWSff26Ocu8tKdnlbs=
35,-3,Rq2pEkZGPUGeDVJuLV1teUmGGmI=,TDDRFo4lAOjugRBxi5rqwT24U/A=
35,-9,Rq2pEkZGPUGeDVJuLV1teUmGGmI=,AmxQAMFAkoWSff26Ocu8tKdnlbs=
34,-3,Rq2pEkZGPUGeDVJuLV1teUmGGmI=,TDDRFo4lAOjugRBxi5rqwT24U/A=
33,-3,Rq2pEkZGPUGeDVJuLV1teUmGGmI=,TDDRFo4lAOjugRBxi5rqwT24U/A=
33,-9,Rq2pEkZGPUGeDVJuLV1teUmGGmI=,AmxQAMFAkoWSff26Ocu8tKdnlbs=
34,-9,Rq2pEkZGPUGeDVJuLV1teUmGGmI=,AmxQAMFAkoWSff26Ocu8tKdnlbs=
35,-4,Rq2pEkZGPUGeDVJuLV1teUmGGmI=,TDDRFo4lAOjugRBxi5rqwT24U/A=
33,-4,Rq2pEkZGPUGeDVJuLV1teUmGGmI=,TDDRFo4lAOjugRBxi5rqwT24U/A=
34,-4,Rq2pEkZGPUGeDVJuLV1teUmGGmI=,TDDRFo4lAOjugRBxi5rqwT24U/A=
36,-4,Rq2pEkZGPUGeDVJuLV1teUmGGmI=,TDDRFo4lAOjugRBxi5rqwT24U/A=
45,-9,Rq2pEkZGPUGeDVJuLV1teUmGGmI=,qlkSnMcXPkFs9rBxoZreE3Gv34M=
46,-9,Rq2pEkZGPUGeDVJuLV1teUmGGmI=,qlkSnMcXPkFs9rBxoZreE3Gv34M=
44,-9,Rq2pEkZGPUGeDVJuLV1teUmGGmI=,qlkSnMcXPkFs9rBxoZreE3Gv34M=
43,-9,Rq2pEkZGPUGeDVJuLV1teUmGGmI=,qlkSnMcXPkFs9rBxoZreE3Gv34M=
43,-8,Rq2pEkZGPUGeDVJuLV1teUmGGmI=,JjJ4SPUwpw0y6Qw3mz1dz9jaeHY=
41,-7,Rq2pEkZGPUGeDVJuLV1teUmGGmI=,JjJ4SPUwpw0y6Qw3mz1dz9jaeHY=
42,-9,Rq2pEkZGPUGeDVJuLV1teUmGGmI=,qlkSnMcXPkFs9rBxoZreE3Gv34M=
40,-7,Rq2pEkZGPUGeDVJuLV1teUmGGmI=,JjJ4SPUwpw0y6Qw3mz1dz9jaeHY=
41,-9,Rq2pEkZGPUGeDVJuLV1teUmGGmI=,qlkSnMcXPkFs9rBxoZreE3Gv34M=
46,-8,Rq2pEkZGPUGeDVJuLV1teUmGGmI=,JjJ4SPUwpw0y6Qw3mz1dz9jaeHY=
40,-9,Rq2pEkZGPUGeDVJuLV1teUmGGmI=,qlkSnMcXPkFs9rBxoZreE3Gv34M=
45,-8,Rq2pEkZGPUGeDVJuLV1teUmGGmI=,JjJ4SPUwpw0y6Qw3mz1dz9jaeHY=
42,-8,Rq2pEkZGPUGeDVJuLV1teUmGGmI=,JjJ4SPUwpw0y6Qw3mz1dz9jaeHY=
39,-7,Rq2pEkZGPUGeDVJuLV1teUmGGmI=,TDDRFo4lAOjugRBxi5rqwT24U/A=
38,-5,Rq2pEkZGPUGeDVJuLV1teUmGGmI=,TDDRFo4lAOjugRBxi5rqwT24U/A=
44,-4,Rq2pEkZGPUGeDVJuLV1teUmGGmI=,JjJ4SPUwpw0y6Qw3mz1dz9jaeHY=
41,-8,Rq2pEkZGPUGeDVJuLV1teUmGGmI=,JjJ4SPUwpw0y6Qw3mz1dz9jaeHY=
44,-8,Rq2pEkZGPUGeDVJuLV1teUmGGmI=,JjJ4SPUwpw0y6Qw3mz1dz9jaeHY=
41,-6,Rq2pEkZGPUGeDVJuLV1teUmGGmI=,JjJ4SPUwpw0y6Qw3mz1dz9jaeHY=
40,-6,Rq2pEkZGPUGeDVJuLV1teUmGGmI=,JjJ4SPUwpw0y6Qw3mz1dz9jaeHY=
38,-4,Rq2pEkZGPUGeDVJuLV1teUmGGmI=,TDDRFo4lAOjugRBxi5rqwT24U/A=
37,-4,Rq2pEkZGPUGeDVJuLV1teUmGGmI=,TDDRFo4lAOjugRBxi5rqwT24U/A=
39,-8,Rq2pEkZGPUGeDVJuLV1teUmGGmI=,TDDRFo4lAOjugRBxi5rqwT24U/A=
44,-5,Rq2pEkZGPUGeDVJuLV1teUmGGmI=,JjJ4SPUwpw0y6Qw3mz1dz9jaeHY=
39,-3,Rq2pEkZGPUGeDVJuLV1teUmGGmI=,TDDRFo4lAOjugRBxi5rqwT24U/A=
39,-9,Rq2pEkZGPUGeDVJuLV1teUmGGmI=,AmxQAMFAkoWSff26Ocu8tKdnlbs=
39,-2,Rq2pEkZGPUGeDVJuLV1teUmGGmI=,TDDRFo4lAOjugRBxi5rqwT24U/A=
43,-5,Rq2pEkZGPUGeDVJuLV1teUmGGmI=,JjJ4SPUwpw0y6Qw3mz1dz9jaeHY=
46,-2,Rq2pEkZGPUGeDVJuLV1teUmGGmI=,JjJ4SPUwpw0y6Qw3mz1dz9jaeHY=
39,-6,Rq2pEkZGPUGeDVJuLV1teUmGGmI=,TDDRFo4lAOjugRBxi5rqwT24U/A=
42,-5,Rq2pEkZGPUGeDVJuLV1teUmGGmI=,JjJ4SPUwpw0y6Qw3mz1dz9jaeHY=
45,-2,Rq2pEkZGPUGeDVJuLV1teUmGGmI=,JjJ4SPUwpw0y6Qw3mz1dz9jaeHY=
45,-7,Rq2pEkZGPUGeDVJuLV1teUmGGmI=,JjJ4SPUwpw0y6Qw3mz1dz9jaeHY=
44,-2,Rq2pEkZGPUGeDVJuLV1teUmGGmI=,JjJ4SPUwpw0y6Qw3mz1dz9jaeHY=
46,-7,Rq2pEkZGPUGeDVJuLV1teUmGGmI=,JjJ4SPUwpw0y6Qw3mz1dz9jaeHY=
43,-2,Rq2pEkZGPUGeDVJuLV1teUmGGmI=,JjJ4SPUwpw0y6Qw3mz1dz9jaeHY=
42,-2,Rq2pEkZGPUGeDVJuLV1teUmGGmI=,JjJ4SPUwpw0y6Qw3mz1dz9jaeHY=
45,-4,Rq2pEkZGPUGeDVJuLV1teUmGGmI=,JjJ4SPUwpw0y6Qw3mz1dz9jaeHY=
44,-7,Rq2pEkZGPUGeDVJuLV1teUmGGmI=,JjJ4SPUwpw0y6Qw3mz1dz9jaeHY=
43,-4,Rq2pEkZGPUGeDVJuLV1teUmGGmI=,JjJ4SPUwpw0y6Qw3mz1dz9jaeHY=
41,-2,Rq2pEkZGPUGeDVJuLV1teUmGGmI=,JjJ4SPUwpw0y6Qw3mz1dz9jaeHY=
40,-2,Rq2pEkZGPUGeDVJuLV1teUmGGmI=,JjJ4SPUwpw0y6Qw3mz1dz9jaeHY=
43,-7,Rq2pEkZGPUGeDVJuLV1teUmGGmI=,JjJ4SPUwpw0y6Qw3mz1dz9jaeHY=
46,-4,Rq2pEkZGPUGeDVJuLV1teUmGGmI=,JjJ4SPUwpw0y6Qw3mz1dz9jaeHY=
40,-8,Rq2pEkZGPUGeDVJuLV1teUmGGmI=,JjJ4SPUwpw0y6Qw3mz1dz9jaeHY=
42,-6,Rq2pEkZGPUGeDVJuLV1teUmGGmI=,JjJ4SPUwpw0y6Qw3mz1dz9jaeHY=
42,-4,Rq2pEkZGPUGeDVJuLV1teUmGGmI=,JjJ4SPUwpw0y6Qw3mz1dz9jaeHY=
43,-6,Rq2pEkZGPUGeDVJuLV1teUmGGmI=,JjJ4SPUwpw0y6Qw3mz1dz9jaeHY=
41,-5,Rq2pEkZGPUGeDVJuLV1teUmGGmI=,JjJ4SPUwpw0y6Qw3mz1dz9jaeHY=
40,-3,Rq2pEkZGPUGeDVJuLV1teUmGGmI=,JjJ4SPUwpw0y6Qw3mz1dz9jaeHY=
46,-5,Rq2pEkZGPUGeDVJuLV1teUmGGmI=,JjJ4SPUwpw0y6Qw3mz1dz9jaeHY=
45,-5,Rq2pEkZGPUGeDVJuLV1teUmGGmI=,JjJ4SPUwpw0y6Qw3mz1dz9jaeHY=
44,-3,Rq2pEkZGPUGeDVJuLV1teUmGGmI=,JjJ4SPUwpw0y6Qw3mz1dz9jaeHY=
44,-6,Rq2pEkZGPUGeDVJuLV1teUmGGmI=,JjJ4SPUwpw0y6Qw3mz1dz9jaeHY=
41,-4,Rq2pEkZGPUGeDVJuLV1teUmGGmI=,JjJ4SPUwpw0y6Qw3mz1dz9jaeHY=
43,-3,Rq2pEkZGPUGeDVJuLV1teUmGGmI=,JjJ4SPUwpw0y6Qw3mz1dz9jaeHY=
40,-4,Rq2pEkZGPUGeDVJuLV1teUmGGmI=,JjJ4SPUwpw0y6Qw3mz1dz9jaeHY=
42,-3,Rq2pEkZGPUGeDVJuLV1teUmGGmI=,JjJ4SPUwpw0y6Qw3mz1dz9jaeHY=
41,-3,Rq2pEkZGPUGeDVJuLV1teUmGGmI=,JjJ4SPUwpw0y6Qw3mz1dz9jaeHY=
42,-7,Rq2pEkZGPUGeDVJuLV1teUmGGmI=,JjJ4SPUwpw0y6Qw3mz1dz9jaeHY=
40,-5,Rq2pEkZGPUGeDVJuLV1teUmGGmI=,JjJ4SPUwpw0y6Qw3mz1dz9jaeHY=
39,-4,Rq2pEkZGPUGeDVJuLV1teUmGGmI=,TDDRFo4lAOjugRBxi5rqwT24U/A=
46,-3,Rq2pEkZGPUGeDVJuLV1teUmGGmI=,JjJ4SPUwpw0y6Qw3mz1dz9jaeHY=
45,-6,Rq2pEkZGPUGeDVJuLV1teUmGGmI=,JjJ4SPUwpw0y6Qw3mz1dz9jaeHY=
39,-5,Rq2pEkZGPUGeDVJuLV1teUmGGmI=,TDDRFo4lAOjugRBxi5rqwT24U/A=
46,-6,Rq2pEkZGPUGeDVJuLV1teUmGGmI=,JjJ4SPUwpw0y6Qw3mz1dz9jaeHY=
45,-3,Rq2pEkZGPUGeDVJuLV1teUmGGmI=,JjJ4SPUwpw0y6Qw3mz1dz9jaeHY=
47,-14,Rq2pEkZGPUGeDVJuLV1teUmGGmI=,qlkSnMcXPkFs9rBxoZreE3Gv34M=
47,-10,Rq2pEkZGPUGeDVJuLV1teUmGGmI=,qlkSnMcXPkFs9rBxoZreE3Gv34M=
47,-11,Rq2pEkZGPUGeDVJuLV1teUmGGmI=,qlkSnMcXPkFs9rBxoZreE3Gv34M=
47,-12,Rq2pEkZGPUGeDVJuLV1teUmGGmI=,qlkSnMcXPkFs9rBxoZreE3Gv34M=
47,-15,Rq2pEkZGPUGeDVJuLV1teUmGGmI=,qlkSnMcXPkFs9rBxoZreE3Gv34M=
41,-1,Rq2pEkZGPUGeDVJuLV1teUmGGmI=,JjJ4SPUwpw0y6Qw3mz1dz9jaeHY=
47,-13,Rq2pEkZGPUGeDVJuLV1teUmGGmI=,qlkSnMcXPkFs9rBxoZreE3Gv34M=
42,-1,Rq2pEkZGPUGeDVJuLV1teUmGGmI=,JjJ4SPUwpw0y6Qw3mz1dz9jaeHY=
44,-1,Rq2pEkZGPUGeDVJuLV1teUmGGmI=,JjJ4SPUwpw0y6Qw3mz1dz9jaeHY=
45,-1,Rq2pEkZGPUGeDVJuLV1teUmGGmI=,JjJ4SPUwpw0y6Qw3mz1dz9jaeHY=
43,-1,Rq2pEkZGPUGeDVJuLV1teUmGGmI=,JjJ4SPUwpw0y6Qw3mz1dz9jaeHY=
46,-1,Rq2pEkZGPUGeDVJuLV1teUmGGmI=,JjJ4SPUwpw0y6Qw3mz1dz9jaeHY=
47,-9,Rq2pEkZGPUGeDVJuLV1teUmGGmI=,qlkSnMcXPkFs9rBxoZreE3Gv34M=
47,-2,Rq2pEkZGPUGeDVJuLV1teUmGGmI=,JjJ4SPUwpw0y6Qw3mz1dz9jaeHY=
47,-8,Rq2pEkZGPUGeDVJuLV1teUmGGmI=,JjJ4SPUwpw0y6Qw3mz1dz9jaeHY=
47,-7,Rq2pEkZGPUGeDVJuLV1teUmGGmI=,JjJ4SPUwpw0y6Qw3mz1dz9jaeHY=
47,-4,Rq2pEkZGPUGeDVJuLV1teUmGGmI=,JjJ4SPUwpw0y6Qw3mz1dz9jaeHY=
47,-3,Rq2pEkZGPUGeDVJuLV1teUmGGmI=,JjJ4SPUwpw0y6Qw3mz1dz9jaeHY=
40,-1,Rq2pEkZGPUGeDVJuLV1teUmGGmI=,JjJ4SPUwpw0y6Qw3mz1dz9jaeHY=
33,-1,Rq2pEkZGPUGeDVJuLV1teUmGGmI=,TDDRFo4lAOjugRBxi5rqwT24U/A=
35,-1,Rq2pEkZGPUGeDVJuLV1teUmGGmI=,TDDRFo4lAOjugRBxi5rqwT24U/A=
34,-1,Rq2pEkZGPUGeDVJuLV1teUmGGmI=,TDDRFo4lAOjugRBxi5rqwT24U/A=
37,-1,Rq2pEkZGPUGeDVJuLV1teUmGGmI=,TDDRFo4lAOjugRBxi5rqwT24U/A=
47,-6,Rq2pEkZGPUGeDVJuLV1teUmGGmI=,JjJ4SPUwpw0y6Qw3mz1dz9jaeHY=
36,-1,Rq2pEkZGPUGeDVJuLV1teUmGGmI=,TDDRFo4lAOjugRBxi5rqwT24U/A=
47,-5,Rq2pEkZGPUGeDVJuLV1teUmGGmI=,JjJ4SPUwpw0y6Qw3mz1dz9jaeHY=
39,-1,Rq2pEkZGPUGeDVJuLV1teUmGGmI=,TDDRFo4lAOjugRBxi5rqwT24U/A=
38,-1,Rq2pEkZGPUGeDVJuLV1teUmGGmI=,TDDRFo4lAOjugRBxi5rqwT24U/A=
32,-11,Rq2pEkZGPUGeDVJuLV1teUmGGmI=,AmxQAMFAkoWSff26Ocu8tKdnlbs=
32,-12,Rq2pEkZGPUGeDVJuLV1teUmGGmI=,AmxQAMFAkoWSff26Ocu8tKdnlbs=
32,-14,Rq2pEkZGPUGeDVJuLV1teUmGGmI=,AmxQAMFAkoWSff26Ocu8tKdnlbs=
32,-10,Rq2pEkZGPUGeDVJuLV1teUmGGmI=,AmxQAMFAkoWSff26Ocu8tKdnlbs=
32,-13,Rq2pEkZGPUGeDVJuLV1teUmGGmI=,AmxQAMFAkoWSff26Ocu8tKdnlbs=
32,-15,Rq2pEkZGPUGeDVJuLV1teUmGGmI=,AmxQAMFAkoWSff26Ocu8tKdnlbs=
45,-16,Rq2pEkZGPUGeDVJuLV1teUmGGmI=,qlkSnMcXPkFs9rBxoZreE3Gv34M=
41,-16,Rq2pEkZGPUGeDVJuLV1teUmGGmI=,qlkSnMcXPkFs9rBxoZreE3Gv34M=
44,-16,Rq2pEkZGPUGeDVJuLV1teUmGGmI=,qlkSnMcXPkFs9rBxoZreE3Gv34M=
42,-16,Rq2pEkZGPUGeDVJuLV1teUmGGmI=,qlkSnMcXPkFs9rBxoZreE3Gv34M=
46,-16,Rq2pEkZGPUGeDVJuLV1teUmGGmI=,qlkSnMcXPkFs9rBxoZreE3Gv34M=
43,-16,Rq2pEkZGPUGeDVJuLV1teUmGGmI=,qlkSnMcXPkFs9rBxoZreE3Gv34M=
32,-6,Rq2pEkZGPUGeDVJuLV1teUmGGmI=,TDDRFo4lAOjugRBxi5rqwT24U/A=
32,-5,Rq2pEkZGPUGeDVJuLV1teUmGGmI=,TDDRFo4lAOjugRBxi5rqwT24U/A=
32,-2,Rq2pEkZGPUGeDVJuLV1teUmGGmI=,TDDRFo4lAOjugRBxi5rqwT24U/A=
32,-8,Rq2pEkZGPUGeDVJuLV1teUmGGmI=,TDDRFo4lAOjugRBxi5rqwT24U/A=
32,-7,Rq2pEkZGPUGeDVJuLV1teUmGGmI=,TDDRFo4lAOjugRBxi5rqwT24U/A=
32,-4,Rq2pEkZGPUGeDVJuLV1teUmGGmI=,TDDRFo4lAOjugRBxi5rqwT24U/A=
32,-3,Rq2pEkZGPUGeDVJuLV1teUmGGmI=,TDDRFo4lAOjugRBxi5rqwT24U/A=
32,-9,Rq2pEkZGPUGeDVJuLV1teUmGGmI=,AmxQAMFAkoWSff26Ocu8tKdnlbs=
32,-1,Rq2pEkZGPUGeDVJuLV1teUmGGmI=,TDDRFo4lAOjugRBxi5rqwT24U/A=
39,-16,Rq2pEkZGPUGeDVJuLV1teUmGGmI=,AmxQAMFAkoWSff26Ocu8tKdnlbs=
40,-16,Rq2pEkZGPUGeDVJuLV1teUmGGmI=,qlkSnMcXPkFs9rBxoZreE3Gv34M=
33,-16,Rq2pEkZGPUGeDVJuLV1teUmGGmI=,AmxQAMFAkoWSff26Ocu8tKdnlbs=
38,-16,Rq2pEkZGPUGeDVJuLV1teUmGGmI=,AmxQAMFAkoWSff26Ocu8tKdnlbs=
34,-16,Rq2pEkZGPUGeDVJuLV1teUmGGmI=,AmxQAMFAkoWSff26Ocu8tKdnlbs=
37,-16,Rq2pEkZGPUGeDVJuLV1teUmGGmI=,AmxQAMFAkoWSff26Ocu8tKdnlbs=
36,-16,Rq2pEkZGPUGeDVJuLV1teUmGGmI=,AmxQAMFAkoWSff26Ocu8tKdnlbs=
47,-16,Rq2pEkZGPUGeDVJuLV1teUmGGmI=,qlkSnMcXPkFs9rBxoZreE3Gv34M=
47,-1,Rq2pEkZGPUGeDVJuLV1teUmGGmI=,JjJ4SPUwpw0y6Qw3mz1dz9jaeHY=
35,-16,Rq2pEkZGPUGeDVJuLV1teUmGGmI=,AmxQAMFAkoWSff26Ocu8tKdnlbs=
32,-16,Rq2pEkZGPUGeDVJuLV1teUmGGmI=,AmxQAMFAkoWSff26Ocu8tKdnlbs=
